solid auto-kdk-case
facet normal 0 0 1
outer loop
vertex -25.700000762939453 -38.69997787475586 0
vertex -31.700000762939453 -39.499977111816406 0
vertex -25 -38.999977111816406 0
endloop
endfacet
facet normal -1 0 0
outer loop
vertex -46.70000076293945 41.20002365112305 -1
vertex -46.70000076293945 -41.19997787475586 -12.814363479614258
vertex -46.70000076293945 -41.19997787475586 -1
endloop
endfacet
facet normal 0 -1 0
outer loop
vertex 33.20000076293945 -41.19997787475586 -1
vertex -33.20000076293945 -41.19997787475586 -1
vertex 7.5 -41.19997787475586 -3.450000047683716
endloop
endfacet
facet normal 0 -1 0
outer loop
vertex 8.885819435119629 -41.19997787475586 -4.375974655151367
vertex 9 -41.19997787475586 -4.949999809265137
vertex 37.29999923706055 -41.19997787475586 -1.6661099195480347
endloop
endfacet
facet normal 0 -1 0
outer loop
vertex -24.074024200439453 -41.19997787475586 -11.335819244384766
vertex -24.560659408569336 -41.19997787475586 -11.010660171508789
vertex -46.70000076293945 -41.19997787475586 -12.814363479614258
endloop
endfacet
facet normal 0 -1 0
outer loop
vertex 9 -41.19997787475586 -4.949999809265137
vertex 9 -41.19997787475586 -9.949999809265137
vertex 31.700000762939453 -41.19997787475586 -4
endloop
endfacet
facet normal 0 -1 0
outer loop
vertex -24.885818481445312 -41.19997787475586 -10.524024963378906
vertex -25 -41.19997787475586 -9.949999809265137
vertex -46.70000076293945 -41.19997787475586 -12.814363479614258
endloop
endfacet
facet normal 0 1 0
outer loop
vertex -38.70000076293945 41.20002365112305 -5.959376335144043
vertex -46.70000076293945 41.20002365112305 -5.766409397125244
vertex -38.70000076293945 41.20002365112305 -3.5
endloop
endfacet
facet normal 0 1 0
outer loop
vertex -38.70000076293945 41.20002365112305 -3.5
vertex -46.70000076293945 41.20002365112305 -5.766409397125244
vertex -46.70000076293945 41.20002365112305 -1
endloop
endfacet
facet normal 0 1 0
outer loop
vertex 46.70000076293945 41.20002365112305 -5.766409397125244
vertex 38.70000076293945 41.20002365112305 -3.5
vertex 46.70000076293945 41.20002365112305 -1
endloop
endfacet
facet normal 0 1 0
outer loop
vertex 38.70000076293945 41.20002365112305 -3.5
vertex 36.70000076293945 41.20002365112305 -3.5
vertex 46.70000076293945 41.20002365112305 -1
endloop
endfacet
facet normal 0 1 0
outer loop
vertex -38.70000076293945 41.20002365112305 -3.5
vertex -46.70000076293945 41.20002365112305 -1
vertex -38.900001525878906 41.20002365112305 -2.5
endloop
endfacet
facet normal 0 1 0
outer loop
vertex 46.70000076293945 41.20002365112305 -5.766409397125244
vertex 46.50776672363281 41.20002365112305 -5.959376335144043
vertex 38.70000076293945 41.20002365112305 -3.5
endloop
endfacet
facet normal 0 -1 0
outer loop
vertex 8.07402515411377 -41.19997787475586 -3.564180612564087
vertex 8.560660362243652 -41.19997787475586 -3.8893399238586426
vertex 37.29999923706055 -41.19997787475586 -1.6661099195480347
endloop
endfacet
facet normal 0 -1 0
outer loop
vertex -10 -41.19997787475586 -9.949999809265137
vertex -10.114180564880371 -41.19997787475586 -10.524024963378906
vertex -6 -41.19997787475586 -9.949999809265137
endloop
endfacet
facet normal 0 1 0
outer loop
vertex 46.50776672363281 41.20002365112305 -5.959376335144043
vertex 38.70000076293945 41.20002365112305 -5.959376335144043
vertex 38.70000076293945 41.20002365112305 -3.5
endloop
endfacet
facet normal 0 -1 0
outer loop
vertex -31.700000762939453 -41.19997787475586 -5
vertex -46.70000076293945 -41.19997787475586 -12.814363479614258
vertex -25 -41.19997787475586 -4.949999809265137
endloop
endfacet
facet normal -1 0 0
outer loop
vertex -46.70000076293945 -41.19997787475586 -12.814363479614258
vertex -46.70000076293945 41.20002365112305 -1
vertex -46.70000076293945 -41.02610397338867 -12.9602632522583
endloop
endfacet
facet normal 0 0 1
outer loop
vertex 45.70000076293945 40.20002365112305 0
vertex 44.20000076293945 38.70002365112305 0
vertex 44.20000076293945 -33.69997787475586 0
endloop
endfacet
facet normal 0 -1 0
outer loop
vertex -11.5 -41.19997787475586 -11.449999809265137
vertex -46.70000076293945 -41.19997787475586 -12.814363479614258
vertex -4.5 -41.19997787475586 -11.449999809265137
endloop
endfacet
facet normal 0 -1 0
outer loop
vertex -4.5 -41.19997787475586 -11.449999809265137
vertex -46.70000076293945 -41.19997787475586 -12.814363479614258
vertex 7.5 -41.19997787475586 -11.449999809265137
endloop
endfacet
facet normal 1 0 0
outer loop
vertex 46.70000076293945 -41.19997787475586 -1
vertex 46.70000076293945 41.20002365112305 -5.766409397125244
vertex 46.70000076293945 41.20002365112305 -1
endloop
endfacet
facet normal 0 0 1
outer loop
vertex -45.70000076293945 40.20002365112305 0
vertex 44.20000076293945 38.70002365112305 0
vertex 45.70000076293945 40.20002365112305 0
endloop
endfacet
facet normal 0 -1 0
outer loop
vertex -10.92597484588623 -41.19997787475586 -11.335819244384766
vertex -11.5 -41.19997787475586 -11.449999809265137
vertex -5.0740251541137695 -41.19997787475586 -11.335819244384766
endloop
endfacet
facet normal 0 -1 0
outer loop
vertex -5.0740251541137695 -41.19997787475586 -11.335819244384766
vertex -11.5 -41.19997787475586 -11.449999809265137
vertex -4.5 -41.19997787475586 -11.449999809265137
endloop
endfacet
facet normal 0 1 0
outer loop
vertex -46.70000076293945 41.20002365112305 -1
vertex 46.70000076293945 41.20002365112305 -1
vertex 36.5 41.20002365112305 -1.100000023841858
endloop
endfacet
facet normal 0 -1 0
outer loop
vertex -10.439339637756348 -41.19997787475586 -11.010660171508789
vertex -10.92597484588623 -41.19997787475586 -11.335819244384766
vertex -5.560660362243652 -41.19997787475586 -11.010660171508789
endloop
endfacet
facet normal 0 -1 0
outer loop
vertex -10.114180564880371 -41.19997787475586 -10.524024963378906
vertex -10.439339637756348 -41.19997787475586 -11.010660171508789
vertex -5.885819435119629 -41.19997787475586 -10.524024963378906
endloop
endfacet
facet normal 0 -1 0
outer loop
vertex -5.560660362243652 -41.19997787475586 -11.010660171508789
vertex -10.92597484588623 -41.19997787475586 -11.335819244384766
vertex -5.0740251541137695 -41.19997787475586 -11.335819244384766
endloop
endfacet
facet normal 0 -1 0
outer loop
vertex -5.885819435119629 -41.19997787475586 -10.524024963378906
vertex -10.439339637756348 -41.19997787475586 -11.010660171508789
vertex -5.560660362243652 -41.19997787475586 -11.010660171508789
endloop
endfacet
facet normal 0 1 0
outer loop
vertex 36.70000076293945 41.20002365112305 -3.5
vertex -36.70000076293945 41.20002365112305 -3.5
vertex 36.5 41.20002365112305 -2.5
endloop
endfacet
facet normal 0 1 0
outer loop
vertex 36.5 41.20002365112305 -1.100000023841858
vertex 36.5 41.20002365112305 -2.5
vertex -38.70000076293945 41.20002365112305 -3.5
endloop
endfacet
facet normal 0 1 0
outer loop
vertex 36.70000076293945 41.20002365112305 -5.959376335144043
vertex -36.70000076293945 41.20002365112305 -3.5
vertex 36.70000076293945 41.20002365112305 -3.5
endloop
endfacet
facet normal 0 0 1
outer loop
vertex 44.20000076293945 -33.69997787475586 0
vertex 45.70000076293945 -40.19997787475586 0
vertex 45.70000076293945 40.20002365112305 0
endloop
endfacet
facet normal 1 0 0
outer loop
vertex 46.70000076293945 -41.19997787475586 -1
vertex 46.70000076293945 -41.02610397338867 -12.9602632522583
vertex 46.70000076293945 41.20002365112305 -5.766409397125244
endloop
endfacet
facet normal 0 0 1
outer loop
vertex 44.20000076293945 -33.69997787475586 0
vertex 43.55355453491211 -38.14642333984375 0
vertex 43.66194152832031 -38.30863571166992 0
endloop
endfacet
facet normal 0 0 1
outer loop
vertex 43.66194152832031 -38.30863571166992 0
vertex 43.70000076293945 -38.499977111816406 0
vertex 44.20000076293945 -33.69997787475586 0
endloop
endfacet
facet normal 0 0 1
outer loop
vertex 43.39134216308594 -38.03804016113281 0
vertex 43.55355453491211 -38.14642333984375 0
vertex 44.20000076293945 -33.69997787475586 0
endloop
endfacet
facet normal 0 0 1
outer loop
vertex 43.70000076293945 -38.499977111816406 0
vertex 45.70000076293945 -40.19997787475586 0
vertex 44.20000076293945 -33.69997787475586 0
endloop
endfacet
facet normal 0 0 1
outer loop
vertex 43.70000076293945 -38.499977111816406 0
vertex 43.70000076293945 -39.499977111816406 0
vertex 45.70000076293945 -40.19997787475586 0
endloop
endfacet
facet normal 0 0 1
outer loop
vertex 43.70000076293945 -39.499977111816406 0
vertex 43.66194152832031 -39.69131851196289 0
vertex 45.70000076293945 -40.19997787475586 0
endloop
endfacet
facet normal 0 0 1
outer loop
vertex -25 -38.69997787475586 0
vertex -25.700000762939453 -38.69997787475586 0
vertex -25 -38.999977111816406 0
endloop
endfacet
facet normal 0 0 1
outer loop
vertex -25.700000762939453 -33.69997787475586 0
vertex -44.20000076293945 -33.69997787475586 0
vertex -25.700000762939453 -38.69997787475586 0
endloop
endfacet
facet normal 0 0 1
outer loop
vertex -44.20000076293945 -33.69997787475586 0
vertex -32.00865936279297 -38.03804016113281 0
vertex -25.700000762939453 -38.69997787475586 0
endloop
endfacet
facet normal 0 0 1
outer loop
vertex -32.00865936279297 -38.03804016113281 0
vertex -31.846446990966797 -38.14642333984375 0
vertex -25.700000762939453 -38.69997787475586 0
endloop
endfacet
facet normal 0 0 1
outer loop
vertex -31.738059997558594 -38.30863571166992 0
vertex -31.700000762939453 -38.499977111816406 0
vertex -25.700000762939453 -38.69997787475586 0
endloop
endfacet
facet normal 0 0 1
outer loop
vertex -25.700000762939453 -38.69997787475586 0
vertex -31.846446990966797 -38.14642333984375 0
vertex -31.738059997558594 -38.30863571166992 0
endloop
endfacet
facet normal 0 0 1
outer loop
vertex -31.700000762939453 -38.499977111816406 0
vertex -31.700000762939453 -39.499977111816406 0
vertex -25.700000762939453 -38.69997787475586 0
endloop
endfacet
facet normal 0 0 1
outer loop
vertex -31.700000762939453 -39.499977111816406 0
vertex -31.738059997558594 -39.69131851196289 0
vertex -25 -38.999977111816406 0
endloop
endfacet
facet normal 0 0 1
outer loop
vertex -45.70000076293945 -40.19997787475586 0
vertex -44.20000076293945 -33.69997787475586 0
vertex -44.20000076293945 38.70002365112305 0
endloop
endfacet
facet normal 0 -1 0
outer loop
vertex -10 -41.19997787475586 -4.949999809265137
vertex -10 -41.19997787475586 -9.949999809265137
vertex -6 -41.19997787475586 -4.949999809265137
endloop
endfacet
facet normal 0 -1 0
outer loop
vertex -10.114180564880371 -41.19997787475586 -4.375974655151367
vertex -10 -41.19997787475586 -4.949999809265137
vertex -5.885819435119629 -41.19997787475586 -4.375974655151367
endloop
endfacet
facet normal 0 -1 0
outer loop
vertex -5.885819435119629 -41.19997787475586 -4.375974655151367
vertex -10 -41.19997787475586 -4.949999809265137
vertex -6 -41.19997787475586 -4.949999809265137
endloop
endfacet
facet normal 0 -1 0
outer loop
vertex -10.92597484588623 -41.19997787475586 -3.564180612564087
vertex -10.439339637756348 -41.19997787475586 -3.8893399238586426
vertex -5.0740251541137695 -41.19997787475586 -3.564180612564087
endloop
endfacet
facet normal 0 -1 0
outer loop
vertex -11.5 -41.19997787475586 -3.450000047683716
vertex -10.92597484588623 -41.19997787475586 -3.564180612564087
vertex -4.5 -41.19997787475586 -3.450000047683716
endloop
endfacet
facet normal 0 -1 0
outer loop
vertex -34.659088134765625 -41.19997787475586 -1.5949000120162964
vertex -4.5 -41.19997787475586 -3.450000047683716
vertex -33.94722366333008 -41.19997787475586 -1.5589157342910767
endloop
endfacet
facet normal 0 -1 0
outer loop
vertex -34.659088134765625 -41.19997787475586 -1.5949000120162964
vertex -35.33419418334961 -41.19997787475586 -1.6254053115844727
vertex -4.5 -41.19997787475586 -3.450000047683716
endloop
endfacet
facet normal 0 -1 0
outer loop
vertex -35.33419418334961 -41.19997787475586 -1.6254053115844727
vertex -36.55387496948242 -41.19997787475586 -1.6591570377349854
vertex -11.5 -41.19997787475586 -3.450000047683716
endloop
endfacet
facet normal 0 -1 0
outer loop
vertex -23.5 -41.19997787475586 -3.450000047683716
vertex -11.5 -41.19997787475586 -3.450000047683716
vertex -36.55387496948242 -41.19997787475586 -1.6591570377349854
endloop
endfacet
facet normal 0 -1 0
outer loop
vertex -23.5 -41.19997787475586 -3.450000047683716
vertex -37.29999923706055 -41.19997787475586 -1.6661099195480347
vertex -24.074024200439453 -41.19997787475586 -3.564180612564087
endloop
endfacet
facet normal 0 -1 0
outer loop
vertex -37.29999923706055 -41.19997787475586 -1.6661099195480347
vertex -24.560659408569336 -41.19997787475586 -3.8893399238586426
vertex -24.074024200439453 -41.19997787475586 -3.564180612564087
endloop
endfacet
facet normal 0 -1 0
outer loop
vertex -37.29999923706055 -41.19997787475586 -1.6661099195480347
vertex -24.885818481445312 -41.19997787475586 -4.375974655151367
vertex -24.560659408569336 -41.19997787475586 -3.8893399238586426
endloop
endfacet
facet normal 0 -1 0
outer loop
vertex -36.55387496948242 -41.19997787475586 -1.6591570377349854
vertex -37.29999923706055 -41.19997787475586 -1.6661099195480347
vertex -23.5 -41.19997787475586 -3.450000047683716
endloop
endfacet
facet normal 0 -1 0
outer loop
vertex -10.439339637756348 -41.19997787475586 -3.8893399238586426
vertex -10.114180564880371 -41.19997787475586 -4.375974655151367
vertex -5.560660362243652 -41.19997787475586 -3.8893399238586426
endloop
endfacet
facet normal 0 -1 0
outer loop
vertex -5.560660362243652 -41.19997787475586 -3.8893399238586426
vertex -10.114180564880371 -41.19997787475586 -4.375974655151367
vertex -5.885819435119629 -41.19997787475586 -4.375974655151367
endloop
endfacet
facet normal 0 -1 0
outer loop
vertex -5.0740251541137695 -41.19997787475586 -3.564180612564087
vertex -10.439339637756348 -41.19997787475586 -3.8893399238586426
vertex -5.560660362243652 -41.19997787475586 -3.8893399238586426
endloop
endfacet
facet normal 0 -1 0
outer loop
vertex -4.5 -41.19997787475586 -3.450000047683716
vertex -10.92597484588623 -41.19997787475586 -3.564180612564087
vertex -5.0740251541137695 -41.19997787475586 -3.564180612564087
endloop
endfacet
facet normal 0 -1 0
outer loop
vertex -33.20000076293945 -41.19997787475586 -1.5076520442962646
vertex -33.94722366333008 -41.19997787475586 -1.5589157342910767
vertex 7.5 -41.19997787475586 -3.450000047683716
endloop
endfacet
facet normal 0 -1 0
outer loop
vertex -33.20000076293945 -41.19997787475586 -1
vertex -33.20000076293945 -41.19997787475586 -1.5076520442962646
vertex 7.5 -41.19997787475586 -3.450000047683716
endloop
endfacet
facet normal 0 0 1
outer loop
vertex -32.20000076293945 -37.999977111816406 0
vertex -32.00865936279297 -38.03804016113281 0
vertex -44.20000076293945 -33.69997787475586 0
endloop
endfacet
facet normal 0 0 1
outer loop
vertex -44.20000076293945 -33.69997787475586 0
vertex -43.39134216308594 -38.03804016113281 0
vertex -32.20000076293945 -37.999977111816406 0
endloop
endfacet
facet normal 0 0 1
outer loop
vertex -37.29999923706055 -39.999977111816406 0
vertex -37.29999923706055 -40.19997787475586 0
vertex -32.00865936279297 -39.961917877197266 0
endloop
endfacet
facet normal 0 -1 0
outer loop
vertex -4.5 -41.19997787475586 -3.450000047683716
vertex -35.33419418334961 -41.19997787475586 -1.6254053115844727
vertex -11.5 -41.19997787475586 -3.450000047683716
endloop
endfacet
facet normal 0 -1 0
outer loop
vertex 7.5 -41.19997787475586 -3.450000047683716
vertex -33.94722366333008 -41.19997787475586 -1.5589157342910767
vertex -4.5 -41.19997787475586 -3.450000047683716
endloop
endfacet
facet normal 0 0 1
outer loop
vertex -32.00865936279297 -39.961917877197266 0
vertex -37.29999923706055 -40.19997787475586 0
vertex 37.29999923706055 -40.19997787475586 0
endloop
endfacet
facet normal 0 0 1
outer loop
vertex -31.846446990966797 -39.85353088378906 0
vertex -32.00865936279297 -39.961917877197266 0
vertex 37.29999923706055 -40.19997787475586 0
endloop
endfacet
facet normal 0 0 1
outer loop
vertex -31.738059997558594 -39.69131851196289 0
vertex -31.846446990966797 -39.85353088378906 0
vertex 37.29999923706055 -40.19997787475586 0
endloop
endfacet
facet normal 0 0 1
outer loop
vertex -25 -38.999977111816406 0
vertex -31.738059997558594 -39.69131851196289 0
vertex 37.29999923706055 -40.19997787475586 0
endloop
endfacet
facet normal 0 0 1
outer loop
vertex 43.66194152832031 -39.69131851196289 0
vertex 43.55355453491211 -39.85353088378906 0
vertex 45.70000076293945 -40.19997787475586 0
endloop
endfacet
facet normal 0 0 1
outer loop
vertex 43.55355453491211 -39.85353088378906 0
vertex 43.39134216308594 -39.961917877197266 0
vertex 45.70000076293945 -40.19997787475586 0
endloop
endfacet
facet normal -1 0 0
outer loop
vertex -46.70000076293945 41.20002365112305 -5.766409397125244
vertex -46.70000076293945 -41.02610397338867 -12.9602632522583
vertex -46.70000076293945 41.20002365112305 -1
endloop
endfacet
facet normal 0 0 1
outer loop
vertex -45.70000076293945 40.20002365112305 0
vertex -45.70000076293945 -40.19997787475586 0
vertex -44.20000076293945 38.70002365112305 0
endloop
endfacet
facet normal 0 0 1
outer loop
vertex -38.099998474121094 -39.999977111816406 0
vertex -43.20000076293945 -39.999977111816406 0
vertex -38.099998474121094 -40.19997787475586 0
endloop
endfacet
facet normal 0 0 1
outer loop
vertex 43.39134216308594 -39.961917877197266 0
vertex 38.099998474121094 -39.999977111816406 0
vertex 45.70000076293945 -40.19997787475586 0
endloop
endfacet
facet normal 0 1 0
outer loop
vertex -46.50776672363281 41.20002365112305 -5.959376335144043
vertex -46.70000076293945 41.20002365112305 -5.766409397125244
vertex -38.70000076293945 41.20002365112305 -5.959376335144043
endloop
endfacet
facet normal 0 1 0
outer loop
vertex 46.70000076293945 41.20002365112305 -1
vertex 38.900001525878906 41.20002365112305 -1.100000023841858
vertex 36.5 41.20002365112305 -1.100000023841858
endloop
endfacet
facet normal 0 0 1
outer loop
vertex 28 -38.999977111816406 0
vertex -25 -38.999977111816406 0
vertex 31.846446990966797 -39.85353088378906 0
endloop
endfacet
facet normal 0 1 0
outer loop
vertex 46.70000076293945 41.20002365112305 -1
vertex 36.70000076293945 41.20002365112305 -3.5
vertex 38.900001525878906 41.20002365112305 -2.5
endloop
endfacet
facet normal 0 1 0
outer loop
vertex 36.70000076293945 41.20002365112305 -3.5
vertex 36.5 41.20002365112305 -2.5
vertex 38.900001525878906 41.20002365112305 -2.5
endloop
endfacet
facet normal 0 -1 0
outer loop
vertex 8.560660362243652 -41.19997787475586 -3.8893399238586426
vertex 8.885819435119629 -41.19997787475586 -4.375974655151367
vertex 37.29999923706055 -41.19997787475586 -1.6661099195480347
endloop
endfacet
facet normal 0 -1 0
outer loop
vertex -43.70000076293945 -41.19997787475586 -5
vertex -43.70000076293945 -41.19997787475586 -4
vertex -46.70000076293945 -41.19997787475586 -12.814363479614258
endloop
endfacet
facet normal 0 1 0
outer loop
vertex -38.70000076293945 41.20002365112305 -3.5
vertex -38.900001525878906 41.20002365112305 -2.5
vertex -36.5 41.20002365112305 -2.5
endloop
endfacet
facet normal 0 1 0
outer loop
vertex -46.70000076293945 41.20002365112305 -1
vertex -38.900001525878906 41.20002365112305 -1.100000023841858
vertex -38.900001525878906 41.20002365112305 -2.5
endloop
endfacet
facet normal 0 1 0
outer loop
vertex -46.70000076293945 41.20002365112305 -1
vertex -36.5 41.20002365112305 -1.100000023841858
vertex -38.900001525878906 41.20002365112305 -1.100000023841858
endloop
endfacet
facet normal 0 1 0
outer loop
vertex 36.70000076293945 41.20002365112305 -5.959376335144043
vertex -36.70000076293945 41.20002365112305 -5.959376335144043
vertex -36.70000076293945 41.20002365112305 -3.5
endloop
endfacet
facet normal 0 -1 0
outer loop
vertex -5.885819435119629 -41.19997787475586 -10.524024963378906
vertex -6 -41.19997787475586 -9.949999809265137
vertex -10.114180564880371 -41.19997787475586 -10.524024963378906
endloop
endfacet
facet normal 0 -1 0
outer loop
vertex -38.099998474121094 -41.19997787475586 -4
vertex -40.74091339111328 -41.19997787475586 -1.5949000120162964
vertex -41.45277786254883 -41.19997787475586 -1.5589157342910767
endloop
endfacet
facet normal 0 -1 0
outer loop
vertex 7.5 -41.19997787475586 -3.450000047683716
vertex 8.07402515411377 -41.19997787475586 -3.564180612564087
vertex 36.55387496948242 -41.19997787475586 -1.6591570377349854
endloop
endfacet
facet normal 0 -1 0
outer loop
vertex -43.70000076293945 -41.19997787475586 -5
vertex -46.70000076293945 -41.19997787475586 -12.814363479614258
vertex -31.700000762939453 -41.19997787475586 -5
endloop
endfacet
facet normal 0 1 0
outer loop
vertex -38.70000076293945 41.20002365112305 -3.5
vertex 36.5 41.20002365112305 -2.5
vertex -36.70000076293945 41.20002365112305 -3.5
endloop
endfacet
facet normal 0 1 0
outer loop
vertex 36.5 41.20002365112305 -1.100000023841858
vertex -38.70000076293945 41.20002365112305 -3.5
vertex -36.5 41.20002365112305 -2.5
endloop
endfacet
facet normal 0 1 0
outer loop
vertex -36.5 41.20002365112305 -1.100000023841858
vertex -46.70000076293945 41.20002365112305 -1
vertex 36.5 41.20002365112305 -1.100000023841858
endloop
endfacet
facet normal 0 -1 0
outer loop
vertex 42.20000076293945 -41.19997787475586 -1
vertex 42.20000076293945 -41.19997787475586 -1.5076520442962646
vertex 46.70000076293945 -41.19997787475586 -1
endloop
endfacet
facet normal 0 0 1
outer loop
vertex 44.20000076293945 -33.69997787475586 0
vertex 32.00865936279297 -38.03804016113281 0
vertex 43.39134216308594 -38.03804016113281 0
endloop
endfacet
facet normal 0 1 0
outer loop
vertex -36.5 41.20002365112305 -2.5
vertex -36.5 41.20002365112305 -1.100000023841858
vertex 36.5 41.20002365112305 -1.100000023841858
endloop
endfacet
facet normal 0 -1 0
outer loop
vertex -37.29999923706055 -41.19997787475586 -1.6661099195480347
vertex -25 -41.19997787475586 -4.949999809265137
vertex -24.885818481445312 -41.19997787475586 -4.375974655151367
endloop
endfacet
facet normal 0 -1 0
outer loop
vertex -25 -41.19997787475586 -9.949999809265137
vertex -25 -41.19997787475586 -4.949999809265137
vertex -46.70000076293945 -41.19997787475586 -12.814363479614258
endloop
endfacet
facet normal 0 -1 0
outer loop
vertex -46.70000076293945 -41.19997787475586 -1
vertex -43.70000076293945 -41.19997787475586 -4
vertex -38.099998474121094 -41.19997787475586 -4
endloop
endfacet
facet normal 0 1 0
outer loop
vertex 46.70000076293945 41.20002365112305 -1
vertex 38.900001525878906 41.20002365112305 -2.5
vertex 38.900001525878906 41.20002365112305 -1.100000023841858
endloop
endfacet
facet normal 0 -1 0
outer loop
vertex -31.700000762939453 -41.19997787475586 -4
vertex -25 -41.19997787475586 -4.949999809265137
vertex -37.29999923706055 -41.19997787475586 -1.6661099195480347
endloop
endfacet
facet normal 0 -1 0
outer loop
vertex -23.5 -41.19997787475586 -11.449999809265137
vertex -24.074024200439453 -41.19997787475586 -11.335819244384766
vertex -46.70000076293945 -41.19997787475586 -12.814363479614258
endloop
endfacet
facet normal 0 -1 0
outer loop
vertex -24.560659408569336 -41.19997787475586 -11.010660171508789
vertex -24.885818481445312 -41.19997787475586 -10.524024963378906
vertex -46.70000076293945 -41.19997787475586 -12.814363479614258
endloop
endfacet
facet normal 0 0 1
outer loop
vertex 31.846446990966797 -39.85353088378906 0
vertex -25 -38.999977111816406 0
vertex 32.00865936279297 -39.961917877197266 0
endloop
endfacet
facet normal 0 0 1
outer loop
vertex 32.00865936279297 -39.961917877197266 0
vertex -25 -38.999977111816406 0
vertex 32.20000076293945 -39.999977111816406 0
endloop
endfacet
facet normal 0 0 1
outer loop
vertex 32.20000076293945 -39.999977111816406 0
vertex -25 -38.999977111816406 0
vertex 37.29999923706055 -40.19997787475586 0
endloop
endfacet
facet normal 0 -1 0
outer loop
vertex -31.700000762939453 -41.19997787475586 -4
vertex -31.700000762939453 -41.19997787475586 -5
vertex -25 -41.19997787475586 -4.949999809265137
endloop
endfacet
facet normal 0 -1 0
outer loop
vertex -23.5 -41.19997787475586 -11.449999809265137
vertex -46.70000076293945 -41.19997787475586 -12.814363479614258
vertex -11.5 -41.19997787475586 -11.449999809265137
endloop
endfacet
facet normal 0 -1 0
outer loop
vertex 31.700000762939453 -41.19997787475586 -4
vertex 9 -41.19997787475586 -9.949999809265137
vertex 31.700000762939453 -41.19997787475586 -5
endloop
endfacet
facet normal 0 -1 0
outer loop
vertex 37.29999923706055 -41.19997787475586 -1.6661099195480347
vertex 9 -41.19997787475586 -4.949999809265137
vertex 31.700000762939453 -41.19997787475586 -4
endloop
endfacet
facet normal 0 -1 0
outer loop
vertex -46.70000076293945 -41.19997787475586 -1
vertex -38.099998474121094 -41.19997787475586 -4
vertex -42.20000076293945 -41.19997787475586 -1.5076520442962646
endloop
endfacet
facet normal 0 0 1
outer loop
vertex 38.099998474121094 -39.999977111816406 0
vertex 38.099998474121094 -40.19997787475586 0
vertex 45.70000076293945 -40.19997787475586 0
endloop
endfacet
facet normal 0 0 1
outer loop
vertex -45.70000076293945 40.20002365112305 0
vertex -44.20000076293945 38.70002365112305 0
vertex 44.20000076293945 38.70002365112305 0
endloop
endfacet
facet normal 0 -1 0
outer loop
vertex 7.5 -41.19997787475586 -11.449999809265137
vertex -46.70000076293945 -41.19997787475586 -12.814363479614258
vertex 46.70000076293945 -41.19997787475586 -12.814363479614258
endloop
endfacet
facet normal 0 -1 0
outer loop
vertex 8.07402515411377 -41.19997787475586 -11.335819244384766
vertex 7.5 -41.19997787475586 -11.449999809265137
vertex 46.70000076293945 -41.19997787475586 -12.814363479614258
endloop
endfacet
facet normal 0 -1 0
outer loop
vertex 8.560660362243652 -41.19997787475586 -11.010660171508789
vertex 8.07402515411377 -41.19997787475586 -11.335819244384766
vertex 46.70000076293945 -41.19997787475586 -12.814363479614258
endloop
endfacet
facet normal 0 -1 0
outer loop
vertex 8.885819435119629 -41.19997787475586 -10.524024963378906
vertex 8.560660362243652 -41.19997787475586 -11.010660171508789
vertex 46.70000076293945 -41.19997787475586 -12.814363479614258
endloop
endfacet
facet normal 0 0 1
outer loop
vertex 37.29999923706055 -39.999977111816406 0
vertex 32.20000076293945 -39.999977111816406 0
vertex 37.29999923706055 -40.19997787475586 0
endloop
endfacet
facet normal 0 -1 0
outer loop
vertex 42.20000076293945 -41.19997787475586 -1.5076520442962646
vertex 38.099998474121094 -41.19997787475586 -4
vertex 46.70000076293945 -41.19997787475586 -1
endloop
endfacet
facet normal 0 -1 0
outer loop
vertex 8.885819435119629 -41.19997787475586 -10.524024963378906
vertex 46.70000076293945 -41.19997787475586 -12.814363479614258
vertex 9 -41.19997787475586 -9.949999809265137
endloop
endfacet
facet normal 0 -1 0
outer loop
vertex 43.70000076293945 -41.19997787475586 -4
vertex 43.70000076293945 -41.19997787475586 -5
vertex 46.70000076293945 -41.19997787475586 -1
endloop
endfacet
facet normal 0 -1 0
outer loop
vertex 43.70000076293945 -41.19997787475586 -4
vertex 46.70000076293945 -41.19997787475586 -1
vertex 38.099998474121094 -41.19997787475586 -4
endloop
endfacet
facet normal 0 0 1
outer loop
vertex -44.20000076293945 -33.69997787475586 0
vertex -43.55355453491211 -38.14642333984375 0
vertex -43.39134216308594 -38.03804016113281 0
endloop
endfacet
facet normal 0 0 1
outer loop
vertex -44.20000076293945 -33.69997787475586 0
vertex -43.66194152832031 -38.30863571166992 0
vertex -43.55355453491211 -38.14642333984375 0
endloop
endfacet
facet normal 0 -1 0
outer loop
vertex 41.45277786254883 -41.19997787475586 -1.5589157342910767
vertex 38.099998474121094 -41.19997787475586 -4
vertex 42.20000076293945 -41.19997787475586 -1.5076520442962646
endloop
endfacet
facet normal 0 -1 0
outer loop
vertex 40.74091339111328 -41.19997787475586 -1.5949000120162964
vertex 38.099998474121094 -41.19997787475586 -4
vertex 41.45277786254883 -41.19997787475586 -1.5589157342910767
endloop
endfacet
facet normal 0 0 1
outer loop
vertex -44.20000076293945 -33.69997787475586 0
vertex -43.70000076293945 -38.499977111816406 0
vertex -43.66194152832031 -38.30863571166992 0
endloop
endfacet
facet normal 0 0 1
outer loop
vertex -43.20000076293945 -39.999977111816406 0
vertex -45.70000076293945 -40.19997787475586 0
vertex -38.099998474121094 -40.19997787475586 0
endloop
endfacet
facet normal 0 -1 0
outer loop
vertex 40.0658073425293 -41.19997787475586 -1.6254053115844727
vertex 38.099998474121094 -41.19997787475586 -4
vertex 40.74091339111328 -41.19997787475586 -1.5949000120162964
endloop
endfacet
facet normal 0 -1 0
outer loop
vertex 38.846126556396484 -41.19997787475586 -1.6591570377349854
vertex 38.099998474121094 -41.19997787475586 -4
vertex 40.0658073425293 -41.19997787475586 -1.6254053115844727
endloop
endfacet
facet normal 0 -1 0
outer loop
vertex 38.099998474121094 -41.19997787475586 -1.6661099195480347
vertex 38.099998474121094 -41.19997787475586 -4
vertex 38.846126556396484 -41.19997787475586 -1.6591570377349854
endloop
endfacet
facet normal 0 -1 0
outer loop
vertex 37.29999923706055 -41.19997787475586 -1.6661099195480347
vertex 31.700000762939453 -41.19997787475586 -4
vertex 37.29999923706055 -41.19997787475586 -4
endloop
endfacet
facet normal 0 -1 0
outer loop
vertex -6 -41.19997787475586 -9.949999809265137
vertex -6 -41.19997787475586 -4.949999809265137
vertex -10 -41.19997787475586 -9.949999809265137
endloop
endfacet
facet normal 0 0 1
outer loop
vertex 44.20000076293945 -33.69997787475586 0
vertex 28.700000762939453 -33.69997787475586 0
vertex 32.00865936279297 -38.03804016113281 0
endloop
endfacet
facet normal 0 0 1
outer loop
vertex 31.846446990966797 -38.14642333984375 0
vertex 32.00865936279297 -38.03804016113281 0
vertex 28.700000762939453 -33.69997787475586 0
endloop
endfacet
facet normal 0 0 1
outer loop
vertex -45.70000076293945 -40.19997787475586 0
vertex -43.70000076293945 -38.499977111816406 0
vertex -44.20000076293945 -33.69997787475586 0
endloop
endfacet
facet normal 0 0 1
outer loop
vertex -45.70000076293945 -40.19997787475586 0
vertex -43.70000076293945 -39.499977111816406 0
vertex -43.70000076293945 -38.499977111816406 0
endloop
endfacet
facet normal 0 0 1
outer loop
vertex -43.39134216308594 -39.961917877197266 0
vertex -43.55355453491211 -39.85353088378906 0
vertex -45.70000076293945 -40.19997787475586 0
endloop
endfacet
facet normal 0 0 1
outer loop
vertex -43.66194152832031 -39.69131851196289 0
vertex -45.70000076293945 -40.19997787475586 0
vertex -43.55355453491211 -39.85353088378906 0
endloop
endfacet
facet normal 0 0 1
outer loop
vertex 28.700000762939453 -33.69997787475586 0
vertex 31.738059997558594 -38.30863571166992 0
vertex 31.846446990966797 -38.14642333984375 0
endloop
endfacet
facet normal 0 0 1
outer loop
vertex 28.700000762939453 -33.69997787475586 0
vertex 31.700000762939453 -38.499977111816406 0
vertex 31.738059997558594 -38.30863571166992 0
endloop
endfacet
facet normal 0 0 1
outer loop
vertex 28.700000762939453 -33.69997787475586 0
vertex 28.700000762939453 -38.69997787475586 0
vertex 31.700000762939453 -38.499977111816406 0
endloop
endfacet
facet normal 0 0 1
outer loop
vertex -45.70000076293945 -40.19997787475586 0
vertex -43.66194152832031 -39.69131851196289 0
vertex -43.70000076293945 -39.499977111816406 0
endloop
endfacet
facet normal 0 0 1
outer loop
vertex 31.700000762939453 -39.499977111816406 0
vertex 31.700000762939453 -38.499977111816406 0
vertex 28 -38.999977111816406 0
endloop
endfacet
facet normal 0 0 1
outer loop
vertex 28 -38.999977111816406 0
vertex 31.738059997558594 -39.69131851196289 0
vertex 31.700000762939453 -39.499977111816406 0
endloop
endfacet
facet normal 0 0 1
outer loop
vertex 31.846446990966797 -39.85353088378906 0
vertex 31.738059997558594 -39.69131851196289 0
vertex 28 -38.999977111816406 0
endloop
endfacet
facet normal 0 0 1
outer loop
vertex -43.20000076293945 -39.999977111816406 0
vertex -43.39134216308594 -39.961917877197266 0
vertex -45.70000076293945 -40.19997787475586 0
endloop
endfacet
facet normal 0 -1 0
outer loop
vertex -37.29999923706055 -41.19997787475586 -1.6661099195480347
vertex -37.29999923706055 -41.19997787475586 -4
vertex -31.700000762939453 -41.19997787475586 -4
endloop
endfacet
facet normal 0 -1 0
outer loop
vertex 9 -41.19997787475586 -9.949999809265137
vertex 46.70000076293945 -41.19997787475586 -12.814363479614258
vertex 31.700000762939453 -41.19997787475586 -5
endloop
endfacet
facet normal 0 -1 0
outer loop
vertex -43.70000076293945 -41.19997787475586 -4
vertex -46.70000076293945 -41.19997787475586 -1
vertex -46.70000076293945 -41.19997787475586 -12.814363479614258
endloop
endfacet
facet normal 0 0 1
outer loop
vertex 28.700000762939453 -38.69997787475586 0
vertex 28 -38.999977111816406 0
vertex 31.700000762939453 -38.499977111816406 0
endloop
endfacet
facet normal 0 -1 0
outer loop
vertex -42.20000076293945 -41.19997787475586 -1
vertex -46.70000076293945 -41.19997787475586 -1
vertex -42.20000076293945 -41.19997787475586 -1.5076520442962646
endloop
endfacet
facet normal 0 0 1
outer loop
vertex 28 -38.69997787475586 0
vertex 28 -38.999977111816406 0
vertex 28.700000762939453 -38.69997787475586 0
endloop
endfacet
facet normal 1 0 0
outer loop
vertex 46.70000076293945 -41.19997787475586 -12.814363479614258
vertex 46.70000076293945 -41.02610397338867 -12.9602632522583
vertex 46.70000076293945 -41.19997787475586 -1
endloop
endfacet
facet normal 0 -1 0
outer loop
vertex 31.700000762939453 -41.19997787475586 -5
vertex 46.70000076293945 -41.19997787475586 -12.814363479614258
vertex 43.70000076293945 -41.19997787475586 -5
endloop
endfacet
facet normal 0 -1 0
outer loop
vertex -38.846126556396484 -41.19997787475586 -1.6591570377349854
vertex -38.099998474121094 -41.19997787475586 -4
vertex -38.099998474121094 -41.19997787475586 -1.6661099195480347
endloop
endfacet
facet normal 0 -1 0
outer loop
vertex 36.55387496948242 -41.19997787475586 -1.6591570377349854
vertex 8.07402515411377 -41.19997787475586 -3.564180612564087
vertex 37.29999923706055 -41.19997787475586 -1.6661099195480347
endloop
endfacet
facet normal 0 -1 0
outer loop
vertex 35.33419418334961 -41.19997787475586 -1.6254053115844727
vertex 7.5 -41.19997787475586 -3.450000047683716
vertex 36.55387496948242 -41.19997787475586 -1.6591570377349854
endloop
endfacet
facet normal 0 -1 0
outer loop
vertex 33.20000076293945 -41.19997787475586 -1
vertex 7.5 -41.19997787475586 -3.450000047683716
vertex 33.20000076293945 -41.19997787475586 -1.5076520442962646
endloop
endfacet
facet normal 0 -1 0
outer loop
vertex 34.659088134765625 -41.19997787475586 -1.5949000120162964
vertex 7.5 -41.19997787475586 -3.450000047683716
vertex 35.33419418334961 -41.19997787475586 -1.6254053115844727
endloop
endfacet
facet normal 0 -1 0
outer loop
vertex 33.94722366333008 -41.19997787475586 -1.5589157342910767
vertex 7.5 -41.19997787475586 -3.450000047683716
vertex 34.659088134765625 -41.19997787475586 -1.5949000120162964
endloop
endfacet
facet normal 0 -1 0
outer loop
vertex 7.5 -41.19997787475586 -3.450000047683716
vertex 33.94722366333008 -41.19997787475586 -1.5589157342910767
vertex 33.20000076293945 -41.19997787475586 -1.5076520442962646
endloop
endfacet
facet normal 0 -1 0
outer loop
vertex -40.0658073425293 -41.19997787475586 -1.6254053115844727
vertex -38.099998474121094 -41.19997787475586 -4
vertex -38.846126556396484 -41.19997787475586 -1.6591570377349854
endloop
endfacet
facet normal 0 -1 0
outer loop
vertex -42.20000076293945 -41.19997787475586 -1.5076520442962646
vertex -38.099998474121094 -41.19997787475586 -4
vertex -41.45277786254883 -41.19997787475586 -1.5589157342910767
endloop
endfacet
facet normal 0 -1 0
outer loop
vertex 43.70000076293945 -41.19997787475586 -5
vertex 46.70000076293945 -41.19997787475586 -12.814363479614258
vertex 46.70000076293945 -41.19997787475586 -1
endloop
endfacet
facet normal 0 -1 0
outer loop
vertex -40.74091339111328 -41.19997787475586 -1.5949000120162964
vertex -38.099998474121094 -41.19997787475586 -4
vertex -40.0658073425293 -41.19997787475586 -1.6254053115844727
endloop
endfacet
facet normal 0 0.08715949433317702 -0.9961943698634242
outer loop
vertex 37.50490951538086 40.21923828125 -6.844577312469482
vertex -37.317317962646484 40.27614212036133 -6.839598655700684
vertex 37.317317962646484 40.27614212036133 -6.839598655700684
endloop
endfacet
facet normal 0 0.0871557450739554 -0.996194697888221
outer loop
vertex 45.7114143371582 -39.95512008666992 -13.858924865722656
vertex -45.7114143371582 -39.95512008666992 -13.858924865722656
vertex 45.7114143371582 40.47610855102539 -6.822103977203369
endloop
endfacet
facet normal 0 0.08715599281961486 -0.9961946762132527
outer loop
vertex -37.14442825317383 40.368553161621094 -6.83151388168335
vertex -37.01337432861328 40.47610855102539 -6.822103977203369
vertex 37.14442825317383 40.368553161621094 -6.83151388168335
endloop
endfacet
facet normal 0 0.08715419710467462 -0.9961948333167763
outer loop
vertex -37.317317962646484 40.27614212036133 -6.839598655700684
vertex -37.14442825317383 40.368553161621094 -6.83151388168335
vertex 37.317317962646484 40.27614212036133 -6.839598655700684
endloop
endfacet
facet normal 0 0.08715949433317703 -0.9961943698634244
outer loop
vertex -37.50490951538086 40.21923828125 -6.844577312469482
vertex -37.317317962646484 40.27614212036133 -6.839598655700684
vertex 37.50490951538086 40.21923828125 -6.844577312469482
endloop
endfacet
facet normal -1.9062709589863094e-7 0.08715576230229202 -0.9961946963809184
outer loop
vertex -38.25556945800781 40.368553161621094 -6.83151388168335
vertex -45.7114143371582 -39.95512008666992 -13.858924865722656
vertex -38.386627197265625 40.47610855102539 -6.822103977203369
endloop
endfacet
facet normal 7.941723712940478e-7 0.08715567158508204 -0.996194704317345
outer loop
vertex -45.7114143371582 -39.95512008666992 -13.858924865722656
vertex -38.25556945800781 40.368553161621094 -6.83151388168335
vertex -38.08268356323242 40.27614212036133 -6.839598655700684
endloop
endfacet
facet normal -0.0000010902023292286697 0.08715585460824694 -0.9961946883046092
outer loop
vertex -45.7114143371582 -39.95512008666992 -13.858924865722656
vertex -37.70000076293945 40.20002365112305 -6.846258163452148
vertex -37.50490951538086 40.21923828125 -6.844577312469482
endloop
endfacet
facet normal 0.0000010689476578430894 0.0871556404429921 -0.9961947070416652
outer loop
vertex -45.7114143371582 -39.95512008666992 -13.858924865722656
vertex -37.89509201049805 40.21923828125 -6.844577312469482
vertex -37.70000076293945 40.20002365112305 -6.846258163452148
endloop
endfacet
facet normal 9.791189879313077e-7 0.08715473531580425 -0.9961947862296175
outer loop
vertex -45.7114143371582 -39.95512008666992 -13.858924865722656
vertex 37.50490951538086 40.21923828125 -6.844577312469482
vertex 37.70000076293945 40.20002365112305 -6.846258163452148
endloop
endfacet
facet normal -0.000001202741141895318 0.08715698856612464 -0.9961945890952418
outer loop
vertex 37.70000076293945 40.20002365112305 -6.846258163452148
vertex 37.89509201049805 40.21923828125 -6.844577312469482
vertex -45.7114143371582 -39.95512008666992 -13.858924865722656
endloop
endfacet
facet normal 0.0000016767782446576815 0.08715400858811129 -0.9961948498081145
outer loop
vertex 37.89509201049805 40.21923828125 -6.844577312469482
vertex 38.08268356323242 40.27614212036133 -6.839598655700684
vertex -45.7114143371582 -39.95512008666992 -13.858924865722656
endloop
endfacet
facet normal -0.0000018891877204036967 0.08715770461772862 -0.9961945264466172
outer loop
vertex 38.08268356323242 40.27614212036133 -6.839598655700684
vertex 38.25556945800781 40.368553161621094 -6.83151388168335
vertex -45.7114143371582 -39.95512008666992 -13.858924865722656
endloop
endfacet
facet normal 3.661281319318159e-9 0.08715574094394159 -0.9961946982495503
outer loop
vertex 38.25556945800781 40.368553161621094 -6.83151388168335
vertex 45.7114143371582 40.47610855102539 -6.822103977203369
vertex -45.7114143371582 -39.95512008666992 -13.858924865722656
endloop
endfacet
facet normal 0 0.08715599281961486 -0.9961946762132526
outer loop
vertex 37.14442825317383 40.368553161621094 -6.83151388168335
vertex -37.01337432861328 40.47610855102539 -6.822103977203369
vertex 37.01337432861328 40.47610855102539 -6.822103977203369
endloop
endfacet
facet normal 0 0.08715419710467462 -0.9961948333167762
outer loop
vertex 37.317317962646484 40.27614212036133 -6.839598655700684
vertex -37.14442825317383 40.368553161621094 -6.83151388168335
vertex 37.14442825317383 40.368553161621094 -6.83151388168335
endloop
endfacet
facet normal 0 0.08715599281961485 -0.9961946762132526
outer loop
vertex 45.7114143371582 40.47610855102539 -6.822103977203369
vertex 38.25556945800781 40.368553161621094 -6.83151388168335
vertex 38.386627197265625 40.47610855102539 -6.822103977203369
endloop
endfacet
facet normal -0.0000011134440948163611 0.08715585159155129 -0.9961946885685106
outer loop
vertex -45.7114143371582 -39.95512008666992 -13.858924865722656
vertex -38.08268356323242 40.27614212036133 -6.839598655700684
vertex -37.89509201049805 40.21923828125 -6.844577312469482
endloop
endfacet
facet normal 0 0.08715574386478692 -0.9961946979940095
outer loop
vertex -45.7114143371582 -39.95512008666992 -13.858924865722656
vertex -37.50490951538086 40.21923828125 -6.844577312469482
vertex 37.50490951538086 40.21923828125 -6.844577312469482
endloop
endfacet
facet normal 0 0.0871557450739554 -0.996194697888221
outer loop
vertex -45.7114143371582 -39.95512008666992 -13.858924865722656
vertex -45.7114143371582 40.47610855102539 -6.822103977203369
vertex -38.386627197265625 40.47610855102539 -6.822103977203369
endloop
endfacet
facet normal 1 0 0
outer loop
vertex -25.700000762939453 -38.69997787475586 0
vertex -25.700000762939453 -38.69997787475586 -4.099999904632568
vertex -25.700000762939453 -33.69997787475586 0
endloop
endfacet
facet normal 0 1 0
outer loop
vertex 28.700000762939453 -33.69997787475586 -4.099999904632568
vertex 28.700000762939453 -33.69997787475586 0
vertex 44.20000076293945 -33.69997787475586 -4.099999904632568
endloop
endfacet
facet normal -1 0 0
outer loop
vertex 44.20000076293945 38.70002365112305 -4.099999904632568
vertex 44.20000076293945 -33.69997787475586 0
vertex 44.20000076293945 38.70002365112305 0
endloop
endfacet
facet normal 0 0 1
outer loop
vertex -44.20000076293945 38.70002365112305 -4.099999904632568
vertex -25 -10.999978065490723 -4.099999904632568
vertex 28 -10.999978065490723 -4.099999904632568
endloop
endfacet
facet normal 0 0 1
outer loop
vertex -25.700000762939453 -38.69997787475586 -4.099999904632568
vertex -25 -38.69997787475586 -4.099999904632568
vertex -25.700000762939453 -33.69997787475586 -4.099999904632568
endloop
endfacet
facet normal 1 0 0
outer loop
vertex -44.20000076293945 38.70002365112305 0
vertex -44.20000076293945 -33.69997787475586 -4.099999904632568
vertex -44.20000076293945 38.70002365112305 -4.099999904632568
endloop
endfacet
facet normal 0 0 1
outer loop
vertex -25.700000762939453 -33.69997787475586 -4.099999904632568
vertex -25 -38.69997787475586 -4.099999904632568
vertex -25 -10.999978065490723 -4.099999904632568
endloop
endfacet
facet normal 0 1 0
outer loop
vertex -25 -38.69997787475586 -4.099999904632568
vertex -25.700000762939453 -38.69997787475586 -4.099999904632568
vertex -25.700000762939453 -38.69997787475586 0
endloop
endfacet
facet normal 0 1 0
outer loop
vertex -25 -38.69997787475586 0
vertex -25 -38.69997787475586 -4.099999904632568
vertex -25.700000762939453 -38.69997787475586 0
endloop
endfacet
facet normal 0 -1 0
outer loop
vertex 44.20000076293945 38.70002365112305 0
vertex -44.20000076293945 38.70002365112305 -4.099999904632568
vertex 44.20000076293945 38.70002365112305 -4.099999904632568
endloop
endfacet
facet normal 0 0 1
outer loop
vertex 28 -10.999978065490723 -4.099999904632568
vertex 44.20000076293945 38.70002365112305 -4.099999904632568
vertex -44.20000076293945 38.70002365112305 -4.099999904632568
endloop
endfacet
facet normal 0 -1 0
outer loop
vertex -44.20000076293945 38.70002365112305 0
vertex -44.20000076293945 38.70002365112305 -4.099999904632568
vertex 44.20000076293945 38.70002365112305 0
endloop
endfacet
facet normal 1 0 0
outer loop
vertex -25.700000762939453 -38.69997787475586 -4.099999904632568
vertex -25.700000762939453 -33.69997787475586 -4.099999904632568
vertex -25.700000762939453 -33.69997787475586 0
endloop
endfacet
facet normal 0 1 0
outer loop
vertex 28.700000762939453 -33.69997787475586 0
vertex 44.20000076293945 -33.69997787475586 0
vertex 44.20000076293945 -33.69997787475586 -4.099999904632568
endloop
endfacet
facet normal 1 0 0
outer loop
vertex -44.20000076293945 -33.69997787475586 0
vertex -44.20000076293945 -33.69997787475586 -4.099999904632568
vertex -44.20000076293945 38.70002365112305 0
endloop
endfacet
facet normal 0 0 1
outer loop
vertex -44.20000076293945 38.70002365112305 -4.099999904632568
vertex -25.700000762939453 -33.69997787475586 -4.099999904632568
vertex -25 -10.999978065490723 -4.099999904632568
endloop
endfacet
facet normal 0 0 1
outer loop
vertex -44.20000076293945 -33.69997787475586 -4.099999904632568
vertex -25.700000762939453 -33.69997787475586 -4.099999904632568
vertex -44.20000076293945 38.70002365112305 -4.099999904632568
endloop
endfacet
facet normal -1 0 0
outer loop
vertex 28.700000762939453 -33.69997787475586 0
vertex 28.700000762939453 -33.69997787475586 -4.099999904632568
vertex 28.700000762939453 -38.69997787475586 0
endloop
endfacet
facet normal 0 0 1
outer loop
vertex 28 -10.999978065490723 -4.099999904632568
vertex 28.700000762939453 -33.69997787475586 -4.099999904632568
vertex 44.20000076293945 38.70002365112305 -4.099999904632568
endloop
endfacet
facet normal 0 1 0
outer loop
vertex -25.700000762939453 -33.69997787475586 0
vertex -25.700000762939453 -33.69997787475586 -4.099999904632568
vertex -44.20000076293945 -33.69997787475586 0
endloop
endfacet
facet normal -1 0 0
outer loop
vertex 44.20000076293945 38.70002365112305 -4.099999904632568
vertex 44.20000076293945 -33.69997787475586 -4.099999904632568
vertex 44.20000076293945 -33.69997787475586 0
endloop
endfacet
facet normal 0 0 1
outer loop
vertex 28.700000762939453 -38.69997787475586 -4.099999904632568
vertex 28.700000762939453 -33.69997787475586 -4.099999904632568
vertex 28 -38.69997787475586 -4.099999904632568
endloop
endfacet
facet normal 0 0 1
outer loop
vertex 44.20000076293945 38.70002365112305 -4.099999904632568
vertex 28.700000762939453 -33.69997787475586 -4.099999904632568
vertex 44.20000076293945 -33.69997787475586 -4.099999904632568
endloop
endfacet
facet normal 0 0 1
outer loop
vertex 28 -10.999978065490723 -4.099999904632568
vertex 28 -38.69997787475586 -4.099999904632568
vertex 28.700000762939453 -33.69997787475586 -4.099999904632568
endloop
endfacet
facet normal 0 1 0
outer loop
vertex -44.20000076293945 -33.69997787475586 -4.099999904632568
vertex -44.20000076293945 -33.69997787475586 0
vertex -25.700000762939453 -33.69997787475586 -4.099999904632568
endloop
endfacet
facet normal 0 1 0
outer loop
vertex 28.700000762939453 -38.69997787475586 -4.099999904632568
vertex 28 -38.69997787475586 -4.099999904632568
vertex 28 -38.69997787475586 0
endloop
endfacet
facet normal -1 0 0
outer loop
vertex 28.700000762939453 -33.69997787475586 -4.099999904632568
vertex 28.700000762939453 -38.69997787475586 -4.099999904632568
vertex 28.700000762939453 -38.69997787475586 0
endloop
endfacet
facet normal 0 1 0
outer loop
vertex 28.700000762939453 -38.69997787475586 0
vertex 28.700000762939453 -38.69997787475586 -4.099999904632568
vertex 28 -38.69997787475586 0
endloop
endfacet
facet normal 0 0 1
outer loop
vertex -12.5 -29.99997901916504 -8.199999809265137
vertex -3.5 -29.99997901916504 -8.199999809265137
vertex -25 -10.999978065490723 -8.199999809265137
endloop
endfacet
facet normal 0 1 0
outer loop
vertex -3.25 -38.999977111816406 -8.199999809265137
vertex -3.5 -38.999977111816406 -8.199999809265137
vertex -25 -38.999977111816406 0
endloop
endfacet
facet normal -1 0 0
outer loop
vertex 28 -38.999977111816406 -8.199999809265137
vertex 28 -38.69997787475586 -4.099999904632568
vertex 28 -10.999978065490723 -4.099999904632568
endloop
endfacet
facet normal 0 1 0
outer loop
vertex 6.173879623413086 -38.999977111816406 -6.31731653213501
vertex 5.957106590270996 -38.999977111816406 -5.992893218994141
vertex 15.5 -38.999977111816406 -8.199999809265137
endloop
endfacet
facet normal 0 0 1
outer loop
vertex 28 -10.999978065490723 -8.199999809265137
vertex 25.5 -29.99997901916504 -8.199999809265137
vertex 28 -38.999977111816406 -8.199999809265137
endloop
endfacet
facet normal 0 0 1
outer loop
vertex 25.5 -29.99997901916504 -8.199999809265137
vertex 25.5 -38.999977111816406 -8.199999809265137
vertex 28 -38.999977111816406 -8.199999809265137
endloop
endfacet
facet normal 0 0 1
outer loop
vertex -25 -38.999977111816406 -8.199999809265137
vertex -22.5 -29.99997901916504 -8.199999809265137
vertex -25 -10.999978065490723 -8.199999809265137
endloop
endfacet
facet normal -1 0 0
outer loop
vertex 28 -10.999978065490723 -8.199999809265137
vertex 28 -38.999977111816406 -8.199999809265137
vertex 28 -10.999978065490723 -4.099999904632568
endloop
endfacet
facet normal 0 1 0
outer loop
vertex 5.632683277130127 -38.999977111816406 -5.776120662689209
vertex 15.5 -38.999977111816406 -8.199999809265137
vertex 5.957106590270996 -38.999977111816406 -5.992893218994141
endloop
endfacet
facet normal 0 0 1
outer loop
vertex -25 -10.999978065490723 -8.199999809265137
vertex 6.5 -29.99997901916504 -8.199999809265137
vertex 15.5 -29.99997901916504 -8.199999809265137
endloop
endfacet
facet normal 0 0 1
outer loop
vertex -22.5 -29.99997901916504 -8.199999809265137
vertex -12.5 -29.99997901916504 -8.199999809265137
vertex -25 -10.999978065490723 -8.199999809265137
endloop
endfacet
facet normal 0 0 1
outer loop
vertex -25 -10.999978065490723 -8.199999809265137
vertex 15.5 -29.99997901916504 -8.199999809265137
vertex 28 -10.999978065490723 -8.199999809265137
endloop
endfacet
facet normal 0 0 1
outer loop
vertex -25 -10.999978065490723 -8.199999809265137
vertex -3.5 -29.99997901916504 -8.199999809265137
vertex 6.5 -29.99997901916504 -8.199999809265137
endloop
endfacet
facet normal 0 0 1
outer loop
vertex 15.5 -29.99997901916504 -8.199999809265137
vertex 25.5 -29.99997901916504 -8.199999809265137
vertex 28 -10.999978065490723 -8.199999809265137
endloop
endfacet
facet normal -1 0 0
outer loop
vertex 28 -38.999977111816406 -8.199999809265137
vertex 28 -38.69997787475586 0
vertex 28 -38.69997787475586 -4.099999904632568
endloop
endfacet
facet normal 1 0 0
outer loop
vertex -25 -10.999978065490723 -4.099999904632568
vertex -25 -38.999977111816406 -8.199999809265137
vertex -25 -10.999978065490723 -8.199999809265137
endloop
endfacet
facet normal 0 1 0
outer loop
vertex 28 -38.999977111816406 -8.199999809265137
vertex 25.5 -38.999977111816406 -8.199999809265137
vertex -25 -38.999977111816406 0
endloop
endfacet
facet normal 0 1 0
outer loop
vertex 5.25 -38.999977111816406 -5.699999809265137
vertex -25 -38.999977111816406 0
vertex 25.5 -38.999977111816406 -8.199999809265137
endloop
endfacet
facet normal 0 0 1
outer loop
vertex 15.5 -29.99997901916504 -8.199999809265137
vertex 6.5 -38.999977111816406 -8.199999809265137
vertex 15.5 -38.999977111816406 -8.199999809265137
endloop
endfacet
facet normal 0 1 0
outer loop
vertex 15.5 -38.999977111816406 -8.199999809265137
vertex 5.632683277130127 -38.999977111816406 -5.776120662689209
vertex 25.5 -38.999977111816406 -8.199999809265137
endloop
endfacet
facet normal 0 1 0
outer loop
vertex -22.25 -38.999977111816406 -8.199999809265137
vertex -22.5 -38.999977111816406 -8.199999809265137
vertex -25 -38.999977111816406 0
endloop
endfacet
facet normal 0 1 0
outer loop
vertex -22.25 -38.999977111816406 -6.699999809265137
vertex -22.25 -38.999977111816406 -8.199999809265137
vertex -25 -38.999977111816406 0
endloop
endfacet
facet normal 1 0 0
outer loop
vertex -25 -38.999977111816406 0
vertex -25 -38.999977111816406 -8.199999809265137
vertex -25 -38.69997787475586 -4.099999904632568
endloop
endfacet
facet normal 0 1 0
outer loop
vertex 28 -38.999977111816406 -8.199999809265137
vertex -25 -38.999977111816406 0
vertex 28 -38.999977111816406 0
endloop
endfacet
facet normal 0 0 1
outer loop
vertex -3.5 -29.99997901916504 -8.199999809265137
vertex -12.5 -38.999977111816406 -8.199999809265137
vertex -3.5 -38.999977111816406 -8.199999809265137
endloop
endfacet
facet normal 0 0 1
outer loop
vertex -12.5 -29.99997901916504 -8.199999809265137
vertex -12.5 -38.999977111816406 -8.199999809265137
vertex -3.5 -29.99997901916504 -8.199999809265137
endloop
endfacet
facet normal 0 1 0
outer loop
vertex -3.5 -38.999977111816406 -8.199999809265137
vertex -12.75 -38.999977111816406 -6.699999809265137
vertex -12.826120376586914 -38.999977111816406 -6.31731653213501
endloop
endfacet
facet normal 0 1 0
outer loop
vertex -12.5 -38.999977111816406 -8.199999809265137
vertex -12.75 -38.999977111816406 -6.699999809265137
vertex -3.5 -38.999977111816406 -8.199999809265137
endloop
endfacet
facet normal 0 1 0
outer loop
vertex -22.173879623413086 -38.999977111816406 -6.31731653213501
vertex -22.25 -38.999977111816406 -6.699999809265137
vertex -25 -38.999977111816406 0
endloop
endfacet
facet normal 0 1 0
outer loop
vertex -21.957107543945312 -38.999977111816406 -5.992893218994141
vertex -22.173879623413086 -38.999977111816406 -6.31731653213501
vertex -25 -38.999977111816406 0
endloop
endfacet
facet normal 0 1 0
outer loop
vertex -21.63268280029297 -38.999977111816406 -5.776120662689209
vertex -21.957107543945312 -38.999977111816406 -5.992893218994141
vertex -25 -38.999977111816406 0
endloop
endfacet
facet normal 0 1 0
outer loop
vertex -21.25 -38.999977111816406 -5.699999809265137
vertex -21.63268280029297 -38.999977111816406 -5.776120662689209
vertex -25 -38.999977111816406 0
endloop
endfacet
facet normal 0 1 0
outer loop
vertex -12.5 -38.999977111816406 -8.199999809265137
vertex -12.75 -38.999977111816406 -8.199999809265137
vertex -12.75 -38.999977111816406 -6.699999809265137
endloop
endfacet
facet normal 0 0 1
outer loop
vertex 15.5 -29.99997901916504 -8.199999809265137
vertex 6.5 -29.99997901916504 -8.199999809265137
vertex 6.5 -38.999977111816406 -8.199999809265137
endloop
endfacet
facet normal 0 0 1
outer loop
vertex -22.5 -29.99997901916504 -8.199999809265137
vertex -25 -38.999977111816406 -8.199999809265137
vertex -22.5 -38.999977111816406 -8.199999809265137
endloop
endfacet
facet normal 0 1 0
outer loop
vertex 6.25 -38.999977111816406 -6.699999809265137
vertex 6.173879623413086 -38.999977111816406 -6.31731653213501
vertex 15.5 -38.999977111816406 -8.199999809265137
endloop
endfacet
facet normal 0 1 0
outer loop
vertex -13.75 -38.999977111816406 -5.699999809265137
vertex -21.25 -38.999977111816406 -5.699999809265137
vertex -25 -38.999977111816406 0
endloop
endfacet
facet normal 0 1 0
outer loop
vertex -3.5 -38.999977111816406 -8.199999809265137
vertex -13.367316246032715 -38.999977111816406 -5.776120662689209
vertex -25 -38.999977111816406 0
endloop
endfacet
facet normal 0 1 0
outer loop
vertex -13.75 -38.999977111816406 -5.699999809265137
vertex -25 -38.999977111816406 0
vertex -13.367316246032715 -38.999977111816406 -5.776120662689209
endloop
endfacet
facet normal 1 0 0
outer loop
vertex -25 -38.69997787475586 -4.099999904632568
vertex -25 -38.999977111816406 -8.199999809265137
vertex -25 -10.999978065490723 -4.099999904632568
endloop
endfacet
facet normal 0 1 0
outer loop
vertex 6.5 -38.999977111816406 -8.199999809265137
vertex 6.25 -38.999977111816406 -6.699999809265137
vertex 15.5 -38.999977111816406 -8.199999809265137
endloop
endfacet
facet normal 0 1 0
outer loop
vertex 6.5 -38.999977111816406 -8.199999809265137
vertex 6.25 -38.999977111816406 -8.199999809265137
vertex 6.25 -38.999977111816406 -6.699999809265137
endloop
endfacet
facet normal 0 1 0
outer loop
vertex -3.5 -38.999977111816406 -8.199999809265137
vertex -12.826120376586914 -38.999977111816406 -6.31731653213501
vertex -13.042893409729004 -38.999977111816406 -5.992893218994141
endloop
endfacet
facet normal 0 1 0
outer loop
vertex -13.042893409729004 -38.999977111816406 -5.992893218994141
vertex -13.367316246032715 -38.999977111816406 -5.776120662689209
vertex -3.5 -38.999977111816406 -8.199999809265137
endloop
endfacet
facet normal 0 -1 0
outer loop
vertex -25 -10.999978065490723 -4.099999904632568
vertex -25 -10.999978065490723 -8.199999809265137
vertex 28 -10.999978065490723 -4.099999904632568
endloop
endfacet
facet normal 0 1 0
outer loop
vertex -2.25 -38.999977111816406 -5.699999809265137
vertex -25 -38.999977111816406 0
vertex 5.25 -38.999977111816406 -5.699999809265137
endloop
endfacet
facet normal 0 1 0
outer loop
vertex -2.25 -38.999977111816406 -5.699999809265137
vertex -2.632683515548706 -38.999977111816406 -5.776120662689209
vertex -25 -38.999977111816406 0
endloop
endfacet
facet normal 1 0 0
outer loop
vertex -25 -38.999977111816406 0
vertex -25 -38.69997787475586 -4.099999904632568
vertex -25 -38.69997787475586 0
endloop
endfacet
facet normal 0 -1 0
outer loop
vertex 28 -10.999978065490723 -4.099999904632568
vertex -25 -10.999978065490723 -8.199999809265137
vertex 28 -10.999978065490723 -8.199999809265137
endloop
endfacet
facet normal 0 1 0
outer loop
vertex -22.5 -38.999977111816406 -8.199999809265137
vertex -25 -38.999977111816406 -8.199999809265137
vertex -25 -38.999977111816406 0
endloop
endfacet
facet normal 0 1 0
outer loop
vertex -2.632683515548706 -38.999977111816406 -5.776120662689209
vertex -2.957106828689575 -38.999977111816406 -5.992893218994141
vertex -25 -38.999977111816406 0
endloop
endfacet
facet normal 0 1 0
outer loop
vertex 5.25 -38.999977111816406 -5.699999809265137
vertex 25.5 -38.999977111816406 -8.199999809265137
vertex 5.632683277130127 -38.999977111816406 -5.776120662689209
endloop
endfacet
facet normal 0 1 0
outer loop
vertex -2.957106828689575 -38.999977111816406 -5.992893218994141
vertex -3.173879623413086 -38.999977111816406 -6.31731653213501
vertex -25 -38.999977111816406 0
endloop
endfacet
facet normal 0 1 0
outer loop
vertex -3.173879623413086 -38.999977111816406 -6.31731653213501
vertex -3.25 -38.999977111816406 -6.699999809265137
vertex -25 -38.999977111816406 0
endloop
endfacet
facet normal 0 1 0
outer loop
vertex -3.25 -38.999977111816406 -6.699999809265137
vertex -3.25 -38.999977111816406 -8.199999809265137
vertex -25 -38.999977111816406 0
endloop
endfacet
facet normal -1 0 0
outer loop
vertex 28 -38.69997787475586 0
vertex 28 -38.999977111816406 -8.199999809265137
vertex 28 -38.999977111816406 0
endloop
endfacet
facet normal 0 1 0
outer loop
vertex -2.957106828689575 -38.999977111816406 -8.907106399536133
vertex -3.5 -38.999977111816406 -9.5
vertex -3.173879623413086 -38.999977111816406 -8.582683563232422
endloop
endfacet
facet normal 0 1 0
outer loop
vertex -3.5 -38.999977111816406 -9.5
vertex -2.957106828689575 -38.999977111816406 -8.907106399536133
vertex -2.632683515548706 -38.999977111816406 -9.123879432678223
endloop
endfacet
facet normal 0 1 0
outer loop
vertex -3.173879623413086 -38.999977111816406 -8.582683563232422
vertex -3.5 -38.999977111816406 -9.5
vertex -3.5 -38.999977111816406 -8.199999809265137
endloop
endfacet
facet normal 0 1 0
outer loop
vertex 6.5 -38.999977111816406 -9.5
vertex -3.5 -38.999977111816406 -9.5
vertex 5.25 -38.999977111816406 -9.199999809265137
endloop
endfacet
facet normal 0 1 0
outer loop
vertex 6.5 -38.999977111816406 -9.5
vertex 5.25 -38.999977111816406 -9.199999809265137
vertex 5.632683277130127 -38.999977111816406 -9.123879432678223
endloop
endfacet
facet normal 0 0 1
outer loop
vertex -3.5 -29.99997901916504 -9.5
vertex 6.5 -38.999977111816406 -9.5
vertex 6.5 -29.99997901916504 -9.5
endloop
endfacet
facet normal 0 1 0
outer loop
vertex 6.5 -38.999977111816406 -9.5
vertex 5.632683277130127 -38.999977111816406 -9.123879432678223
vertex 5.957106590270996 -38.999977111816406 -8.907106399536133
endloop
endfacet
facet normal 0 1 0
outer loop
vertex 5.957106590270996 -38.999977111816406 -8.907106399536133
vertex 6.173879623413086 -38.999977111816406 -8.582683563232422
vertex 6.5 -38.999977111816406 -9.5
endloop
endfacet
facet normal 0 1 0
outer loop
vertex 6.173879623413086 -38.999977111816406 -8.582683563232422
vertex 6.25 -38.999977111816406 -8.199999809265137
vertex 6.5 -38.999977111816406 -9.5
endloop
endfacet
facet normal -1 0 0
outer loop
vertex 6.5 -29.99997901916504 -9.5
vertex 6.5 -38.999977111816406 -9.5
vertex 6.5 -38.999977111816406 -8.199999809265137
endloop
endfacet
facet normal 0 1 0
outer loop
vertex 6.5 -38.999977111816406 -8.199999809265137
vertex 6.5 -38.999977111816406 -9.5
vertex 6.25 -38.999977111816406 -8.199999809265137
endloop
endfacet
facet normal 0 1 0
outer loop
vertex -3.5 -38.999977111816406 -9.5
vertex -2.632683515548706 -38.999977111816406 -9.123879432678223
vertex -2.25 -38.999977111816406 -9.199999809265137
endloop
endfacet
facet normal 0 1 0
outer loop
vertex -2.25 -38.999977111816406 -9.199999809265137
vertex 5.25 -38.999977111816406 -9.199999809265137
vertex -3.5 -38.999977111816406 -9.5
endloop
endfacet
facet normal 1 0 0
outer loop
vertex -3.5 -38.999977111816406 -9.5
vertex -3.5 -29.99997901916504 -9.5
vertex -3.5 -29.99997901916504 -8.199999809265137
endloop
endfacet
facet normal 0 0 1
outer loop
vertex -3.5 -29.99997901916504 -9.5
vertex -3.5 -38.999977111816406 -9.5
vertex 6.5 -38.999977111816406 -9.5
endloop
endfacet
facet normal -1 0 0
outer loop
vertex 6.5 -29.99997901916504 -9.5
vertex 6.5 -38.999977111816406 -8.199999809265137
vertex 6.5 -29.99997901916504 -8.199999809265137
endloop
endfacet
facet normal 0 -1 0
outer loop
vertex 6.5 -29.99997901916504 -8.199999809265137
vertex -3.5 -29.99997901916504 -9.5
vertex 6.5 -29.99997901916504 -9.5
endloop
endfacet
facet normal 0 1 0
outer loop
vertex -3.25 -38.999977111816406 -8.199999809265137
vertex -3.173879623413086 -38.999977111816406 -8.582683563232422
vertex -3.5 -38.999977111816406 -8.199999809265137
endloop
endfacet
facet normal 1 0 0
outer loop
vertex -3.5 -38.999977111816406 -8.199999809265137
vertex -3.5 -38.999977111816406 -9.5
vertex -3.5 -29.99997901916504 -8.199999809265137
endloop
endfacet
facet normal 0 -1 0
outer loop
vertex -3.5 -29.99997901916504 -8.199999809265137
vertex -3.5 -29.99997901916504 -9.5
vertex 6.5 -29.99997901916504 -8.199999809265137
endloop
endfacet
facet normal 0 -1 0
outer loop
vertex -22.5 -29.99997901916504 -9.5
vertex -12.5 -29.99997901916504 -9.5
vertex -12.5 -29.99997901916504 -8.199999809265137
endloop
endfacet
facet normal 0 1 0
outer loop
vertex -22.5 -38.999977111816406 -9.5
vertex -21.63268280029297 -38.999977111816406 -9.123879432678223
vertex -21.25 -38.999977111816406 -9.199999809265137
endloop
endfacet
facet normal 0 1 0
outer loop
vertex -12.5 -38.999977111816406 -9.5
vertex -13.367316246032715 -38.999977111816406 -9.123879432678223
vertex -13.042893409729004 -38.999977111816406 -8.907106399536133
endloop
endfacet
facet normal 0 -1 0
outer loop
vertex -22.5 -29.99997901916504 -8.199999809265137
vertex -22.5 -29.99997901916504 -9.5
vertex -12.5 -29.99997901916504 -8.199999809265137
endloop
endfacet
facet normal -1 0 0
outer loop
vertex -12.5 -29.99997901916504 -9.5
vertex -12.5 -38.999977111816406 -8.199999809265137
vertex -12.5 -29.99997901916504 -8.199999809265137
endloop
endfacet
facet normal 0 1 0
outer loop
vertex -13.042893409729004 -38.999977111816406 -8.907106399536133
vertex -12.826120376586914 -38.999977111816406 -8.582683563232422
vertex -12.5 -38.999977111816406 -9.5
endloop
endfacet
facet normal 0 1 0
outer loop
vertex -12.826120376586914 -38.999977111816406 -8.582683563232422
vertex -12.75 -38.999977111816406 -8.199999809265137
vertex -12.5 -38.999977111816406 -9.5
endloop
endfacet
facet normal 0 0 1
outer loop
vertex -22.5 -29.99997901916504 -9.5
vertex -12.5 -38.999977111816406 -9.5
vertex -12.5 -29.99997901916504 -9.5
endloop
endfacet
facet normal -1 0 0
outer loop
vertex -12.5 -29.99997901916504 -9.5
vertex -12.5 -38.999977111816406 -9.5
vertex -12.5 -38.999977111816406 -8.199999809265137
endloop
endfacet
facet normal 0 1 0
outer loop
vertex -22.25 -38.999977111816406 -8.199999809265137
vertex -22.173879623413086 -38.999977111816406 -8.582683563232422
vertex -22.5 -38.999977111816406 -8.199999809265137
endloop
endfacet
facet normal 0 1 0
outer loop
vertex -12.5 -38.999977111816406 -9.5
vertex -22.5 -38.999977111816406 -9.5
vertex -13.75 -38.999977111816406 -9.199999809265137
endloop
endfacet
facet normal 0 0 1
outer loop
vertex -22.5 -29.99997901916504 -9.5
vertex -22.5 -38.999977111816406 -9.5
vertex -12.5 -38.999977111816406 -9.5
endloop
endfacet
facet normal 1 0 0
outer loop
vertex -22.5 -38.999977111816406 -9.5
vertex -22.5 -29.99997901916504 -9.5
vertex -22.5 -29.99997901916504 -8.199999809265137
endloop
endfacet
facet normal 0 1 0
outer loop
vertex -21.25 -38.999977111816406 -9.199999809265137
vertex -13.75 -38.999977111816406 -9.199999809265137
vertex -22.5 -38.999977111816406 -9.5
endloop
endfacet
facet normal 0 1 0
outer loop
vertex -22.173879623413086 -38.999977111816406 -8.582683563232422
vertex -22.5 -38.999977111816406 -9.5
vertex -22.5 -38.999977111816406 -8.199999809265137
endloop
endfacet
facet normal 0 1 0
outer loop
vertex -21.957107543945312 -38.999977111816406 -8.907106399536133
vertex -22.5 -38.999977111816406 -9.5
vertex -22.173879623413086 -38.999977111816406 -8.582683563232422
endloop
endfacet
facet normal 0 1 0
outer loop
vertex -12.5 -38.999977111816406 -8.199999809265137
vertex -12.5 -38.999977111816406 -9.5
vertex -12.75 -38.999977111816406 -8.199999809265137
endloop
endfacet
facet normal 0 1 0
outer loop
vertex -12.5 -38.999977111816406 -9.5
vertex -13.75 -38.999977111816406 -9.199999809265137
vertex -13.367316246032715 -38.999977111816406 -9.123879432678223
endloop
endfacet
facet normal 0 1 0
outer loop
vertex -22.5 -38.999977111816406 -9.5
vertex -21.957107543945312 -38.999977111816406 -8.907106399536133
vertex -21.63268280029297 -38.999977111816406 -9.123879432678223
endloop
endfacet
facet normal 1 0 0
outer loop
vertex -22.5 -38.999977111816406 -8.199999809265137
vertex -22.5 -38.999977111816406 -9.5
vertex -22.5 -29.99997901916504 -8.199999809265137
endloop
endfacet
facet normal 0 0 1
outer loop
vertex 15.5 -29.99997901916504 -9.5
vertex 15.5 -38.999977111816406 -9.5
vertex 25.5 -38.999977111816406 -9.5
endloop
endfacet
facet normal 0 -1 0
outer loop
vertex 15.5 -29.99997901916504 -9.5
vertex 25.5 -29.99997901916504 -9.5
vertex 25.5 -29.99997901916504 -8.199999809265137
endloop
endfacet
facet normal 0 1 0
outer loop
vertex 25.5 -38.999977111816406 -9.5
vertex 15.5 -38.999977111816406 -8.199999809265137
vertex 25.5 -38.999977111816406 -8.199999809265137
endloop
endfacet
facet normal 0 -1 0
outer loop
vertex 15.5 -29.99997901916504 -8.199999809265137
vertex 15.5 -29.99997901916504 -9.5
vertex 25.5 -29.99997901916504 -8.199999809265137
endloop
endfacet
facet normal -1 0 0
outer loop
vertex 25.5 -29.99997901916504 -9.5
vertex 25.5 -38.999977111816406 -9.5
vertex 25.5 -38.999977111816406 -8.199999809265137
endloop
endfacet
facet normal 1 0 0
outer loop
vertex 15.5 -38.999977111816406 -8.199999809265137
vertex 15.5 -38.999977111816406 -9.5
vertex 15.5 -29.99997901916504 -8.199999809265137
endloop
endfacet
facet normal 0 0 1
outer loop
vertex 15.5 -29.99997901916504 -9.5
vertex 25.5 -38.999977111816406 -9.5
vertex 25.5 -29.99997901916504 -9.5
endloop
endfacet
facet normal -1 0 0
outer loop
vertex 25.5 -29.99997901916504 -8.199999809265137
vertex 25.5 -29.99997901916504 -9.5
vertex 25.5 -38.999977111816406 -8.199999809265137
endloop
endfacet
facet normal 1 0 0
outer loop
vertex 15.5 -38.999977111816406 -9.5
vertex 15.5 -29.99997901916504 -9.5
vertex 15.5 -29.99997901916504 -8.199999809265137
endloop
endfacet
facet normal 0 1 0
outer loop
vertex 15.5 -38.999977111816406 -8.199999809265137
vertex 25.5 -38.999977111816406 -9.5
vertex 15.5 -38.999977111816406 -9.5
endloop
endfacet
facet normal -0.000001631753656305962 -0.7071131197578934 0.707100442556499
outer loop
vertex -45.70000076293945 -40.19997787475586 0
vertex -42.20000076293945 -40.637184143066406 -0.4372060298919678
vertex -41.777870178222656 -40.605079650878906 -0.4050999879837036
endloop
endfacet
facet normal 0 -0.707123846997518 0.707089714963689
outer loop
vertex -33.20000076293945 -40.637184143066406 -0.4372060298919678
vertex 33.20000076293945 -40.637184143066406 -0.4372060298919678
vertex 33.622127532958984 -40.605079650878906 -0.4050999879837036
endloop
endfacet
facet normal 0 -0.7071067811865476 0.7071067811865476
outer loop
vertex -46.70000076293945 -41.19997787475586 -1
vertex -42.20000076293945 -41.19997787475586 -1
vertex -45.70000076293945 -40.19997787475586 0
endloop
endfacet
facet normal 4.802040930178895e-7 -0.7071087838866759 0.707104778480584
outer loop
vertex -38.099998474121094 -40.19997787475586 0
vertex -38.71717071533203 -40.46863555908203 -0.2686587870121002
vertex -38.099998474121094 -40.46303939819336 -0.2630630135536194
endloop
endfacet
facet normal 0 -0.7071067811865476 0.7071067811865476
outer loop
vertex 45.70000076293945 -40.19997787475586 0
vertex 42.20000076293945 -41.19997787475586 -1
vertex 46.70000076293945 -41.19997787475586 -1
endloop
endfacet
facet normal 0.0000016532109038475663 -0.7070972174358499 0.7071163448059629
outer loop
vertex -45.70000076293945 -40.19997787475586 0
vertex -41.777870178222656 -40.605079650878906 -0.4050999879837036
vertex -41.08232116699219 -40.558326721191406 -0.3583499491214752
endloop
endfacet
facet normal 1.1653644769049227e-7 -0.7071071182718911 0.7071064441010337
outer loop
vertex -45.70000076293945 -40.19997787475586 0
vertex -41.08232116699219 -40.558326721191406 -0.3583499491214752
vertex -40.3188362121582 -40.52012634277344 -0.32014966011047363
endloop
endfacet
facet normal -0.000002063067416858314 -0.7071254357525536 0.7070881261253825
outer loop
vertex -45.70000076293945 -40.19997787475586 0
vertex -40.3188362121582 -40.52012634277344 -0.32014966011047363
vertex -39.810298919677734 -40.49797821044922 -0.2979988753795624
endloop
endfacet
facet normal 0.0000010224795236156791 -0.7070949443309623 0.7071186178432497
outer loop
vertex -45.70000076293945 -40.19997787475586 0
vertex -39.810298919677734 -40.49797821044922 -0.2979988753795624
vertex -38.71717071533203 -40.46863555908203 -0.2686587870121002
endloop
endfacet
facet normal 0 -0.7071082323162615 0.7071053300538556
outer loop
vertex -38.099998474121094 -40.19997787475586 0
vertex -45.70000076293945 -40.19997787475586 0
vertex -38.71717071533203 -40.46863555908203 -0.2686587870121002
endloop
endfacet
facet normal 1.9792293397372156e-7 -0.707122545861633 0.7070910161599591
outer loop
vertex -33.622127532958984 -40.605079650878906 -0.4050999879837036
vertex -33.20000076293945 -40.637184143066406 -0.4372060298919678
vertex 37.29999923706055 -40.19997787475586 0
endloop
endfacet
facet normal -2.137501950873396e-7 -0.7070865093727194 0.7071270524191938
outer loop
vertex 37.29999923706055 -40.19997787475586 0
vertex -34.31768035888672 -40.558326721191406 -0.3583499491214752
vertex -33.622127532958984 -40.605079650878906 -0.4050999879837036
endloop
endfacet
facet normal -4.802070611432211e-7 -0.7071087838866759 0.707104778480584
outer loop
vertex -37.29999923706055 -40.19997787475586 0
vertex -37.29999923706055 -40.46303939819336 -0.2630630135536194
vertex -36.682830810546875 -40.46863555908203 -0.2686587870121002
endloop
endfacet
facet normal -0.000001849883557789609 -0.7071103571069148 0.7071032052456766
outer loop
vertex -37.29999923706055 -40.19997787475586 0
vertex -36.682830810546875 -40.46863555908203 -0.2686587870121002
vertex -35.58970260620117 -40.49797821044922 -0.2979988753795624
endloop
endfacet
facet normal 4.802070611432211e-7 -0.7071087838866759 0.707104778480584
outer loop
vertex 37.29999923706055 -40.19997787475586 0
vertex 36.682830810546875 -40.46863555908203 -0.2686587870121002
vertex 37.29999923706055 -40.46303939819336 -0.2630630135536194
endloop
endfacet
facet normal -1.7425457219688135e-8 -0.7071061278377017 0.7071074345347895
outer loop
vertex -35.08116149902344 -40.52012634277344 -0.32014966011047363
vertex -34.31768035888672 -40.558326721191406 -0.3583499491214752
vertex 37.29999923706055 -40.19997787475586 0
endloop
endfacet
facet normal 0 -0.7071069309637492 0.7071066314093142
outer loop
vertex -33.20000076293945 -40.637184143066406 -0.4372060298919678
vertex -33.20000076293945 -41.19997787475586 -1
vertex 33.20000076293945 -41.19997787475586 -1
endloop
endfacet
facet normal -3.8052444473676233e-7 -0.7071032871088572 0.7071102752468699
outer loop
vertex 38.099998474121094 -40.46303939819336 -0.2630630135536194
vertex 38.71717071533203 -40.46863555908203 -0.2686587870121002
vertex 45.70000076293945 -40.19997787475586 0
endloop
endfacet
facet normal 0 -0.7071080976610904 0.7071054647095537
outer loop
vertex -35.08116149902344 -40.52012634277344 -0.32014966011047363
vertex 37.29999923706055 -40.19997787475586 0
vertex -37.29999923706055 -40.19997787475586 0
endloop
endfacet
facet normal 0.000005118469387886786 -0.7070903603294204 0.7071232016438237
outer loop
vertex -37.29999923706055 -40.19997787475586 0
vertex -35.58970260620117 -40.49797821044922 -0.2979988753795624
vertex -35.08116149902344 -40.52012634277344 -0.32014966011047363
endloop
endfacet
facet normal 2.0684382260000917e-8 -0.7071082560745526 0.7071053062954658
outer loop
vertex 37.29999923706055 -40.19997787475586 0
vertex -33.20000076293945 -40.637184143066406 -0.4372060298919678
vertex 36.682830810546875 -40.46863555908203 -0.2686587870121002
endloop
endfacet
facet normal -1.4877037334051792e-7 -0.7070731258633182 0.707140434907985
outer loop
vertex 35.58970260620117 -40.49797821044922 -0.2979988753795624
vertex 36.682830810546875 -40.46863555908203 -0.2686587870121002
vertex -33.20000076293945 -40.637184143066406 -0.4372060298919678
endloop
endfacet
facet normal 0.000001631753656305962 -0.7071131197578934 0.707100442556499
outer loop
vertex 41.777870178222656 -40.605079650878906 -0.4050999879837036
vertex 42.20000076293945 -40.637184143066406 -0.4372060298919678
vertex 45.70000076293945 -40.19997787475586 0
endloop
endfacet
facet normal 0 -0.7071087838867574 0.7071047784806654
outer loop
vertex 38.099998474121094 -40.19997787475586 0
vertex 38.099998474121094 -40.46303939819336 -0.2630630135536194
vertex 45.70000076293945 -40.19997787475586 0
endloop
endfacet
facet normal 8.558698143675743e-8 -0.7071069309637465 0.7071066314093115
outer loop
vertex 42.20000076293945 -40.637184143066406 -0.4372060298919678
vertex 42.20000076293945 -41.19997787475586 -1
vertex 45.70000076293945 -40.19997787475586 0
endloop
endfacet
facet normal -0.0000010224795236156791 -0.7070949443309623 0.7071186178432497
outer loop
vertex 45.70000076293945 -40.19997787475586 0
vertex 38.71717071533203 -40.46863555908203 -0.2686587870121002
vertex 39.810298919677734 -40.49797821044922 -0.2979988753795624
endloop
endfacet
facet normal 1.6653286841109804e-7 -0.7071510297226283 0.7070625298813384
outer loop
vertex 35.08116149902344 -40.52012634277344 -0.32014966011047363
vertex 35.58970260620117 -40.49797821044922 -0.2979988753795624
vertex -33.20000076293945 -40.637184143066406 -0.4372060298919678
endloop
endfacet
facet normal -0.0000016532109038475663 -0.7070972174358499 0.7071163448059629
outer loop
vertex 45.70000076293945 -40.19997787475586 0
vertex 41.08232116699219 -40.558326721191406 -0.3583499491214752
vertex 41.777870178222656 -40.605079650878906 -0.4050999879837036
endloop
endfacet
facet normal -1.1653644769049227e-7 -0.7071071182718911 0.7071064441010337
outer loop
vertex 45.70000076293945 -40.19997787475586 0
vertex 40.3188362121582 -40.52012634277344 -0.32014966011047363
vertex 41.08232116699219 -40.558326721191406 -0.3583499491214752
endloop
endfacet
facet normal 1.2401859001187974e-8 -0.707106077636227 0.707107484736168
outer loop
vertex -33.20000076293945 -40.637184143066406 -0.4372060298919678
vertex 34.31768035888672 -40.558326721191406 -0.3583499491214752
vertex 35.08116149902344 -40.52012634277344 -0.32014966011047363
endloop
endfacet
facet normal 0.000002063067416858314 -0.7071254357525536 0.7070881261253825
outer loop
vertex 45.70000076293945 -40.19997787475586 0
vertex 39.810298919677734 -40.49797821044922 -0.2979988753795624
vertex 40.3188362121582 -40.52012634277344 -0.32014966011047363
endloop
endfacet
facet normal 0 -0.7071069309637492 0.7071066314093142
outer loop
vertex -33.20000076293945 -40.637184143066406 -0.4372060298919678
vertex 33.20000076293945 -41.19997787475586 -1
vertex 33.20000076293945 -40.637184143066406 -0.4372060298919678
endloop
endfacet
facet normal -3.7675501820586966e-8 -0.7070846390032556 0.7071289226765046
outer loop
vertex -33.20000076293945 -40.637184143066406 -0.4372060298919678
vertex 33.622127532958984 -40.605079650878906 -0.4050999879837036
vertex 34.31768035888672 -40.558326721191406 -0.3583499491214752
endloop
endfacet
facet normal -8.558698143675743e-8 -0.7071069309637465 0.7071066314093115
outer loop
vertex -45.70000076293945 -40.19997787475586 0
vertex -42.20000076293945 -41.19997787475586 -1
vertex -42.20000076293945 -40.637184143066406 -0.4372060298919678
endloop
endfacet
facet normal 0.7071067811865475 0 0.7071067811865475
outer loop
vertex 45.70000076293945 -40.19997787475586 0
vertex 46.70000076293945 -41.19997787475586 -1
vertex 45.70000076293945 40.20002365112305 0
endloop
endfacet
facet normal 0.7071067811865476 0 0.7071067811865476
outer loop
vertex 45.70000076293945 40.20002365112305 0
vertex 46.70000076293945 -41.19997787475586 -1
vertex 46.70000076293945 41.20002365112305 -1
endloop
endfacet
facet normal 0 0.7071067811865476 0.7071067811865476
outer loop
vertex -45.70000076293945 40.20002365112305 0
vertex 46.70000076293945 41.20002365112305 -1
vertex -46.70000076293945 41.20002365112305 -1
endloop
endfacet
facet normal 0 0.7071067811865476 0.7071067811865476
outer loop
vertex 46.70000076293945 41.20002365112305 -1
vertex -45.70000076293945 40.20002365112305 0
vertex 45.70000076293945 40.20002365112305 0
endloop
endfacet
facet normal -0.7071067811865476 0 0.7071067811865476
outer loop
vertex -45.70000076293945 -40.19997787475586 0
vertex -46.70000076293945 41.20002365112305 -1
vertex -46.70000076293945 -41.19997787475586 -1
endloop
endfacet
facet normal -0.7071067811865475 0 0.7071067811865475
outer loop
vertex -46.70000076293945 41.20002365112305 -1
vertex -45.70000076293945 -40.19997787475586 0
vertex -45.70000076293945 40.20002365112305 0
endloop
endfacet
facet normal 0.7071059076831314 0.06162849449190691 -0.7044168964372418
outer loop
vertex 46.70000076293945 41.20002365112305 -5.766409397125244
vertex 45.7114143371582 -39.95512008666992 -13.858924865722656
vertex 45.7114143371582 40.47610855102539 -6.822103977203369
endloop
endfacet
facet normal 0.7071040063143453 0.06163326563689986 -0.70441838762282
outer loop
vertex 46.70000076293945 41.20002365112305 -5.766409397125244
vertex 45.7114143371582 40.47610855102539 -6.822103977203369
vertex 46.50776672363281 41.20002365112305 -5.959376335144043
endloop
endfacet
facet normal 0.7071060312839891 0.06162848073418467 -0.7044167735681786
outer loop
vertex 46.70000076293945 -41.02610397338867 -12.9602632522583
vertex 45.7114143371582 -39.95512008666992 -13.858924865722656
vertex 46.70000076293945 41.20002365112305 -5.766409397125244
endloop
endfacet
facet normal 0 0.7660441572463035 -0.6427879503761725
outer loop
vertex 45.7114143371582 40.47610855102539 -6.822103977203369
vertex 38.70000076293945 41.20002365112305 -5.959376335144043
vertex 46.50776672363281 41.20002365112305 -5.959376335144043
endloop
endfacet
facet normal 6.3694427369984e-9 0.7660449689964455 -0.6427869829696575
outer loop
vertex 37.01337432861328 40.47610855102539 -6.822103977203369
vertex -36.719215393066406 41.00493240356445 -6.19187593460083
vertex 36.99289321899414 40.492916107177734 -6.8020734786987305
endloop
endfacet
facet normal 5.1384190083735354e-8 0.7660461271001554 -0.6427856027905805
outer loop
vertex 36.8685302734375 40.64445114135742 -6.621479511260986
vertex -36.70000076293945 41.20002365112305 -5.959376335144043
vertex 36.776119232177734 40.81733703613281 -6.415441036224365
endloop
endfacet
facet normal 7.056771301002786e-8 0.7660471766759925 -0.6427843519460752
outer loop
vertex 36.99289321899414 40.492916107177734 -6.8020734786987305
vertex -36.70000076293945 41.20002365112305 -5.959376335144043
vertex 36.8685302734375 40.64445114135742 -6.621479511260986
endloop
endfacet
facet normal 0 0.7660429514924749 -0.6427893873335943
outer loop
vertex 36.719215393066406 41.00493240356445 -6.19187593460083
vertex -36.70000076293945 41.20002365112305 -5.959376335144043
vertex 36.70000076293945 41.20002365112305 -5.959376335144043
endloop
endfacet
facet normal -2.752924308686953e-8 0.766042952612753 -0.6427893859985048
outer loop
vertex -36.719215393066406 41.00493240356445 -6.19187593460083
vertex -36.70000076293945 41.20002365112305 -5.959376335144043
vertex 36.99289321899414 40.492916107177734 -6.8020734786987305
endloop
endfacet
facet normal 0 0.7660449657895523 -0.6427869867914905
outer loop
vertex 45.7114143371582 40.47610855102539 -6.822103977203369
vertex 38.386627197265625 40.47610855102539 -6.822103977203369
vertex 38.407108306884766 40.492916107177734 -6.8020734786987305
endloop
endfacet
facet normal 1.2156636094376923e-8 0.7660471486254089 -0.6427843853757499
outer loop
vertex 45.7114143371582 40.47610855102539 -6.822103977203369
vertex 38.407108306884766 40.492916107177734 -6.8020734786987305
vertex 38.531471252441406 40.64445114135742 -6.621479511260986
endloop
endfacet
facet normal -1.2156636094376923e-8 0.7660471486254089 -0.6427843853757499
outer loop
vertex -45.7114143371582 40.47610855102539 -6.822103977203369
vertex -38.531471252441406 40.64445114135742 -6.621479511260986
vertex -38.407108306884766 40.492916107177734 -6.8020734786987305
endloop
endfacet
facet normal -6.041579359938602e-8 0.7660411216179731 -0.642791568076522
outer loop
vertex 37.01337432861328 40.47610855102539 -6.822103977203369
vertex -36.776119232177734 40.81733703613281 -6.415441036224365
vertex -36.719215393066406 41.00493240356445 -6.19187593460083
endloop
endfacet
facet normal 4.588070368623722e-8 0.7660461258842947 -0.6427856042395951
outer loop
vertex -38.531471252441406 40.64445114135742 -6.621479511260986
vertex -45.7114143371582 40.47610855102539 -6.822103977203369
vertex -38.623878479003906 40.81733703613281 -6.415441036224365
endloop
endfacet
facet normal 7.47893449955574e-8 0.7660441912395616 -0.642787909864615
outer loop
vertex -45.7114143371582 40.47610855102539 -6.822103977203369
vertex -46.50776672363281 41.20002365112305 -5.959376335144043
vertex -38.6807861328125 41.00493240356445 -6.19187593460083
endloop
endfacet
facet normal 6.208139952878384e-7 0.7660411918585159 -0.6427914843676751
outer loop
vertex -38.623878479003906 40.81733703613281 -6.415441036224365
vertex -45.7114143371582 40.47610855102539 -6.822103977203369
vertex -38.6807861328125 41.00493240356445 -6.19187593460083
endloop
endfacet
facet normal 0 0.766042951492475 -0.6427893873335944
outer loop
vertex -38.6807861328125 41.00493240356445 -6.19187593460083
vertex -46.50776672363281 41.20002365112305 -5.959376335144043
vertex -38.70000076293945 41.20002365112305 -5.959376335144043
endloop
endfacet
facet normal -4.588070368623722e-8 0.7660461258842947 -0.6427856042395951
outer loop
vertex 45.7114143371582 40.47610855102539 -6.822103977203369
vertex 38.531471252441406 40.64445114135742 -6.621479511260986
vertex 38.623878479003906 40.81733703613281 -6.415441036224365
endloop
endfacet
facet normal -6.208139952878384e-7 0.7660411918585159 -0.6427914843676751
outer loop
vertex 45.7114143371582 40.47610855102539 -6.822103977203369
vertex 38.623878479003906 40.81733703613281 -6.415441036224365
vertex 38.6807861328125 41.00493240356445 -6.19187593460083
endloop
endfacet
facet normal -2.9827079644567714e-7 0.7660429636303077 -0.6427893728682872
outer loop
vertex 45.7114143371582 40.47610855102539 -6.822103977203369
vertex 38.6807861328125 41.00493240356445 -6.19187593460083
vertex 38.70000076293945 41.20002365112305 -5.959376335144043
endloop
endfacet
facet normal 0 0.7660449657895523 -0.6427869867914905
outer loop
vertex -38.386627197265625 40.47610855102539 -6.822103977203369
vertex -45.7114143371582 40.47610855102539 -6.822103977203369
vertex -38.407108306884766 40.492916107177734 -6.8020734786987305
endloop
endfacet
facet normal -4.509133834908413e-9 0.7660461167478194 -0.6427856151280815
outer loop
vertex 37.01337432861328 40.47610855102539 -6.822103977203369
vertex -36.8685302734375 40.64445114135742 -6.621479511260986
vertex -36.776119232177734 40.81733703613281 -6.415441036224365
endloop
endfacet
facet normal 1.2018832978198683e-9 0.7660471523400012 -0.6427843809488333
outer loop
vertex 37.01337432861328 40.47610855102539 -6.822103977203369
vertex -36.99289321899414 40.492916107177734 -6.8020734786987305
vertex -36.8685302734375 40.64445114135742 -6.621479511260986
endloop
endfacet
facet normal 0 0.7660449657895522 -0.6427869867914904
outer loop
vertex -37.01337432861328 40.47610855102539 -6.822103977203369
vertex -36.99289321899414 40.492916107177734 -6.8020734786987305
vertex 37.01337432861328 40.47610855102539 -6.822103977203369
endloop
endfacet
facet normal -1.1826460958217957e-8 0.7660411125637533 -0.6427915788668105
outer loop
vertex 36.776119232177734 40.81733703613281 -6.415441036224365
vertex -36.70000076293945 41.20002365112305 -5.959376335144043
vertex 36.719215393066406 41.00493240356445 -6.19187593460083
endloop
endfacet
facet normal -0.7071042086841153 0.061628639583480575 -0.7044185892239788
outer loop
vertex -46.50776672363281 41.20002365112305 -5.959376335144043
vertex -46.70000076293945 -41.02610397338867 -12.9602632522583
vertex -46.70000076293945 41.20002365112305 -5.766409397125244
endloop
endfacet
facet normal -0.7071063144328273 0.061628465829259856 -0.7044164906422586
outer loop
vertex -45.7114143371582 40.47610855102539 -6.822103977203369
vertex -46.70000076293945 -41.02610397338867 -12.9602632522583
vertex -46.50776672363281 41.20002365112305 -5.959376335144043
endloop
endfacet
facet normal -0.7071060327823026 0.061628483588820435 -0.7044167718143965
outer loop
vertex -45.7114143371582 -39.95512008666992 -13.858924865722656
vertex -46.70000076293945 -41.02610397338867 -12.9602632522583
vertex -45.7114143371582 40.47610855102539 -6.822103977203369
endloop
endfacet
facet normal -0.000011163012475709669 -0.6427934167464951 -0.7660395702982671
outer loop
vertex 46.70000076293945 -41.19997787475586 -12.814363479614258
vertex 45.7114143371582 -39.95512008666992 -13.858924865722656
vertex 46.70000076293945 -41.02610397338867 -12.9602632522583
endloop
endfacet
facet normal 1.9149518608151754e-8 -0.642787380439658 -0.7660446354798929
outer loop
vertex -46.70000076293945 -41.02610397338867 -12.9602632522583
vertex -45.7114143371582 -39.95512008666992 -13.858924865722656
vertex 46.70000076293945 -41.19997787475586 -12.814363479614258
endloop
endfacet
facet normal 0 -0.6427934167865453 -0.7660395703459963
outer loop
vertex -46.70000076293945 -41.19997787475586 -12.814363479614258
vertex -46.70000076293945 -41.02610397338867 -12.9602632522583
vertex 46.70000076293945 -41.19997787475586 -12.814363479614258
endloop
endfacet
facet normal 0 -0.6427882146417928 -0.7660439355008409
outer loop
vertex 46.70000076293945 -41.19997787475586 -12.814363479614258
vertex -45.7114143371582 -39.95512008666992 -13.858924865722656
vertex 45.7114143371582 -39.95512008666992 -13.858924865722656
endloop
endfacet
facet normal 0.5555700231666056 0 0.8314697525217963
outer loop
vertex -5.560660362243652 -41.19997787475586 -11.010660171508789
vertex -5.0740251541137695 -40.19997787475586 -11.335819244384766
vertex -5.560660362243652 -40.19997787475586 -11.010660171508789
endloop
endfacet
facet normal 0 -1 0
outer loop
vertex -4.5 -40.19997787475586 -3.450000047683716
vertex -2.957106828689575 -40.19997787475586 -5.992893218994141
vertex -2.632683515548706 -40.19997787475586 -5.776120662689209
endloop
endfacet
facet normal -0.1950900960897925 0 0.9807853253427458
outer loop
vertex 7.5 -41.19997787475586 -11.449999809265137
vertex 8.07402515411377 -41.19997787475586 -11.335819244384766
vertex 8.07402515411377 -40.19997787475586 -11.335819244384766
endloop
endfacet
facet normal 0 -1 0
outer loop
vertex 5.25 -40.19997787475586 -9.199999809265137
vertex -4.5 -40.19997787475586 -11.449999809265137
vertex 7.5 -40.19997787475586 -11.449999809265137
endloop
endfacet
facet normal 0 0 1
outer loop
vertex 7.5 -40.19997787475586 -11.449999809265137
vertex -4.5 -41.19997787475586 -11.449999809265137
vertex 7.5 -41.19997787475586 -11.449999809265137
endloop
endfacet
facet normal 0 -1 0
outer loop
vertex 6.25 -40.19997787475586 -8.199999809265137
vertex 7.5 -40.19997787475586 -11.449999809265137
vertex 6.25 -40.19997787475586 -6.699999809265137
endloop
endfacet
facet normal 0 -1 0
outer loop
vertex 7.5 -40.19997787475586 -11.449999809265137
vertex 8.07402515411377 -40.19997787475586 -11.335819244384766
vertex 7.5 -40.19997787475586 -3.450000047683716
endloop
endfacet
facet normal 0 -1 0
outer loop
vertex 8.07402515411377 -40.19997787475586 -11.335819244384766
vertex 8.560660362243652 -40.19997787475586 -11.010660171508789
vertex 8.07402515411377 -40.19997787475586 -3.564180612564087
endloop
endfacet
facet normal 0 -1 0
outer loop
vertex 8.560660362243652 -40.19997787475586 -11.010660171508789
vertex 8.885819435119629 -40.19997787475586 -10.524024963378906
vertex 8.560660362243652 -40.19997787475586 -3.8893399238586426
endloop
endfacet
facet normal -1 0 0
outer loop
vertex 9 -40.19997787475586 -9.949999809265137
vertex 9 -41.19997787475586 -9.949999809265137
vertex 9 -40.19997787475586 -4.949999809265137
endloop
endfacet
facet normal 0 -1 0
outer loop
vertex 8.885819435119629 -40.19997787475586 -10.524024963378906
vertex 9 -40.19997787475586 -9.949999809265137
vertex 8.885819435119629 -40.19997787475586 -4.375974655151367
endloop
endfacet
facet normal 0 -1 0
outer loop
vertex 6.25 -40.19997787475586 -6.699999809265137
vertex 7.5 -40.19997787475586 -11.449999809265137
vertex 7.5 -40.19997787475586 -3.450000047683716
endloop
endfacet
facet normal 0 -1 0
outer loop
vertex -4.5 -40.19997787475586 -11.449999809265137
vertex -2.632683515548706 -40.19997787475586 -9.123879432678223
vertex -2.957106828689575 -40.19997787475586 -8.907106399536133
endloop
endfacet
facet normal 0 -1 0
outer loop
vertex -4.5 -40.19997787475586 -11.449999809265137
vertex -2.25 -40.19997787475586 -9.199999809265137
vertex -2.632683515548706 -40.19997787475586 -9.123879432678223
endloop
endfacet
facet normal 0 -1 0
outer loop
vertex -4.5 -40.19997787475586 -11.449999809265137
vertex -2.957106828689575 -40.19997787475586 -8.907106399536133
vertex -3.173879623413086 -40.19997787475586 -8.582683563232422
endloop
endfacet
facet normal 0 -1 0
outer loop
vertex -2.25 -40.19997787475586 -9.199999809265137
vertex -4.5 -40.19997787475586 -11.449999809265137
vertex 5.25 -40.19997787475586 -9.199999809265137
endloop
endfacet
facet normal 0 -1 0
outer loop
vertex -4.5 -40.19997787475586 -11.449999809265137
vertex -3.173879623413086 -40.19997787475586 -8.582683563232422
vertex -3.25 -40.19997787475586 -8.199999809265137
endloop
endfacet
facet normal 0 -1 0
outer loop
vertex -5.560660362243652 -40.19997787475586 -11.010660171508789
vertex -5.0740251541137695 -40.19997787475586 -11.335819244384766
vertex -5.560660362243652 -40.19997787475586 -3.8893399238586426
endloop
endfacet
facet normal -0.5555700231666056 0 0.8314697525217963
outer loop
vertex 8.07402515411377 -41.19997787475586 -11.335819244384766
vertex 8.560660362243652 -41.19997787475586 -11.010660171508789
vertex 8.560660362243652 -40.19997787475586 -11.010660171508789
endloop
endfacet
facet normal -0.5555700231666056 0 0.8314697525217963
outer loop
vertex 8.07402515411377 -40.19997787475586 -11.335819244384766
vertex 8.07402515411377 -41.19997787475586 -11.335819244384766
vertex 8.560660362243652 -40.19997787475586 -11.010660171508789
endloop
endfacet
facet normal -0.8314697525217963 0 0.5555700231666056
outer loop
vertex 8.560660362243652 -40.19997787475586 -11.010660171508789
vertex 8.560660362243652 -41.19997787475586 -11.010660171508789
vertex 8.885819435119629 -40.19997787475586 -10.524024963378906
endloop
endfacet
facet normal 0.9807853253427458 0 0.1950900960897925
outer loop
vertex -6 -41.19997787475586 -9.949999809265137
vertex -5.885819435119629 -40.19997787475586 -10.524024963378906
vertex -6 -40.19997787475586 -9.949999809265137
endloop
endfacet
facet normal 0.9807853253427458 0 0.1950900960897925
outer loop
vertex -6 -41.19997787475586 -9.949999809265137
vertex -5.885819435119629 -41.19997787475586 -10.524024963378906
vertex -5.885819435119629 -40.19997787475586 -10.524024963378906
endloop
endfacet
facet normal 0 -1 0
outer loop
vertex 7.5 -40.19997787475586 -3.450000047683716
vertex 8.07402515411377 -40.19997787475586 -11.335819244384766
vertex 8.07402515411377 -40.19997787475586 -3.564180612564087
endloop
endfacet
facet normal 0 -1 0
outer loop
vertex 8.07402515411377 -40.19997787475586 -3.564180612564087
vertex 8.560660362243652 -40.19997787475586 -11.010660171508789
vertex 8.560660362243652 -40.19997787475586 -3.8893399238586426
endloop
endfacet
facet normal -1 0 0
outer loop
vertex 9 -40.19997787475586 -4.949999809265137
vertex 9 -41.19997787475586 -9.949999809265137
vertex 9 -41.19997787475586 -4.949999809265137
endloop
endfacet
facet normal 0 -1 0
outer loop
vertex 8.885819435119629 -40.19997787475586 -4.375974655151367
vertex 9 -40.19997787475586 -9.949999809265137
vertex 9 -40.19997787475586 -4.949999809265137
endloop
endfacet
facet normal 0 -1 0
outer loop
vertex 8.560660362243652 -40.19997787475586 -3.8893399238586426
vertex 8.885819435119629 -40.19997787475586 -10.524024963378906
vertex 8.885819435119629 -40.19997787475586 -4.375974655151367
endloop
endfacet
facet normal 0 -1 0
outer loop
vertex 6.25 -40.19997787475586 -6.699999809265137
vertex 7.5 -40.19997787475586 -3.450000047683716
vertex 6.173879623413086 -40.19997787475586 -6.31731653213501
endloop
endfacet
facet normal 0 -1 0
outer loop
vertex 5.957106590270996 -40.19997787475586 -5.992893218994141
vertex 6.173879623413086 -40.19997787475586 -6.31731653213501
vertex 7.5 -40.19997787475586 -3.450000047683716
endloop
endfacet
facet normal -0.8314697525217963 0 0.5555700231666056
outer loop
vertex 8.885819435119629 -40.19997787475586 -10.524024963378906
vertex 8.560660362243652 -41.19997787475586 -11.010660171508789
vertex 8.885819435119629 -41.19997787475586 -10.524024963378906
endloop
endfacet
facet normal 0 -1 0
outer loop
vertex -2.25 -40.19997787475586 -5.699999809265137
vertex 5.25 -40.19997787475586 -5.699999809265137
vertex 7.5 -40.19997787475586 -3.450000047683716
endloop
endfacet
facet normal 0.8314697525217963 0 0.5555700231666056
outer loop
vertex -5.885819435119629 -41.19997787475586 -10.524024963378906
vertex -5.560660362243652 -40.19997787475586 -11.010660171508789
vertex -5.885819435119629 -40.19997787475586 -10.524024963378906
endloop
endfacet
facet normal 0.8314697525217963 0 0.5555700231666056
outer loop
vertex -5.885819435119629 -41.19997787475586 -10.524024963378906
vertex -5.560660362243652 -41.19997787475586 -11.010660171508789
vertex -5.560660362243652 -40.19997787475586 -11.010660171508789
endloop
endfacet
facet normal 0 -1 0
outer loop
vertex 6.173879623413086 -40.19997787475586 -8.582683563232422
vertex 7.5 -40.19997787475586 -11.449999809265137
vertex 6.25 -40.19997787475586 -8.199999809265137
endloop
endfacet
facet normal 0.5555700231666056 0 0.8314697525217963
outer loop
vertex -5.560660362243652 -41.19997787475586 -11.010660171508789
vertex -5.0740251541137695 -41.19997787475586 -11.335819244384766
vertex -5.0740251541137695 -40.19997787475586 -11.335819244384766
endloop
endfacet
facet normal 0 0 1
outer loop
vertex -4.5 -40.19997787475586 -11.449999809265137
vertex -4.5 -41.19997787475586 -11.449999809265137
vertex 7.5 -40.19997787475586 -11.449999809265137
endloop
endfacet
facet normal 0.1950900960897925 0 0.9807853253427458
outer loop
vertex -5.0740251541137695 -41.19997787475586 -11.335819244384766
vertex -4.5 -40.19997787475586 -11.449999809265137
vertex -5.0740251541137695 -40.19997787475586 -11.335819244384766
endloop
endfacet
facet normal 0.1950900960897925 0 0.9807853253427458
outer loop
vertex -5.0740251541137695 -41.19997787475586 -11.335819244384766
vertex -4.5 -41.19997787475586 -11.449999809265137
vertex -4.5 -40.19997787475586 -11.449999809265137
endloop
endfacet
facet normal 0 -1 0
outer loop
vertex -4.5 -40.19997787475586 -3.450000047683716
vertex -2.25 -40.19997787475586 -5.699999809265137
vertex 7.5 -40.19997787475586 -3.450000047683716
endloop
endfacet
facet normal 0 -1 0
outer loop
vertex 5.957106590270996 -40.19997787475586 -5.992893218994141
vertex 7.5 -40.19997787475586 -3.450000047683716
vertex 5.632683277130127 -40.19997787475586 -5.776120662689209
endloop
endfacet
facet normal 0 -1 0
outer loop
vertex 5.25 -40.19997787475586 -5.699999809265137
vertex 5.632683277130127 -40.19997787475586 -5.776120662689209
vertex 7.5 -40.19997787475586 -3.450000047683716
endloop
endfacet
facet normal 1 0 0
outer loop
vertex -6 -41.19997787475586 -4.949999809265137
vertex -6 -40.19997787475586 -9.949999809265137
vertex -6 -40.19997787475586 -4.949999809265137
endloop
endfacet
facet normal 0 -1 0
outer loop
vertex -6 -40.19997787475586 -4.949999809265137
vertex -5.885819435119629 -40.19997787475586 -10.524024963378906
vertex -5.885819435119629 -40.19997787475586 -4.375974655151367
endloop
endfacet
facet normal -0.9807853253427458 0 -0.1950900960897925
outer loop
vertex 9 -41.19997787475586 -4.949999809265137
vertex 8.885819435119629 -41.19997787475586 -4.375974655151367
vertex 8.885819435119629 -40.19997787475586 -4.375974655151367
endloop
endfacet
facet normal 0 -1 0
outer loop
vertex -5.885819435119629 -40.19997787475586 -4.375974655151367
vertex -5.560660362243652 -40.19997787475586 -11.010660171508789
vertex -5.560660362243652 -40.19997787475586 -3.8893399238586426
endloop
endfacet
facet normal 0 -1 0
outer loop
vertex -5.560660362243652 -40.19997787475586 -3.8893399238586426
vertex -5.0740251541137695 -40.19997787475586 -11.335819244384766
vertex -5.0740251541137695 -40.19997787475586 -3.564180612564087
endloop
endfacet
facet normal 0 -1 0
outer loop
vertex -5.0740251541137695 -40.19997787475586 -3.564180612564087
vertex -4.5 -40.19997787475586 -11.449999809265137
vertex -4.5 -40.19997787475586 -3.450000047683716
endloop
endfacet
facet normal 0 -1 0
outer loop
vertex -4.5 -40.19997787475586 -3.450000047683716
vertex -3.25 -40.19997787475586 -8.199999809265137
vertex -3.25 -40.19997787475586 -6.699999809265137
endloop
endfacet
facet normal -0.9807853253427458 0 -0.1950900960897925
outer loop
vertex 9 -40.19997787475586 -4.949999809265137
vertex 9 -41.19997787475586 -4.949999809265137
vertex 8.885819435119629 -40.19997787475586 -4.375974655151367
endloop
endfacet
facet normal -0.8314695010489663 0 -0.5555703995223136
outer loop
vertex 8.885819435119629 -41.19997787475586 -4.375974655151367
vertex 8.560660362243652 -41.19997787475586 -3.8893399238586426
vertex 8.560660362243652 -40.19997787475586 -3.8893399238586426
endloop
endfacet
facet normal -0.5555703047945763 0 -0.8314695643440363
outer loop
vertex 8.07402515411377 -40.19997787475586 -3.564180612564087
vertex 8.560660362243652 -40.19997787475586 -3.8893399238586426
vertex 8.560660362243652 -41.19997787475586 -3.8893399238586426
endloop
endfacet
facet normal -0.1950900960897925 0 -0.9807853253427458
outer loop
vertex 8.07402515411377 -41.19997787475586 -3.564180612564087
vertex 7.5 -41.19997787475586 -3.450000047683716
vertex 7.5 -40.19997787475586 -3.450000047683716
endloop
endfacet
facet normal 0 -1 0
outer loop
vertex -4.5 -40.19997787475586 -3.450000047683716
vertex -3.25 -40.19997787475586 -6.699999809265137
vertex -3.173879623413086 -40.19997787475586 -6.31731653213501
endloop
endfacet
facet normal 0 -1 0
outer loop
vertex -4.5 -40.19997787475586 -3.450000047683716
vertex -3.173879623413086 -40.19997787475586 -6.31731653213501
vertex -2.957106828689575 -40.19997787475586 -5.992893218994141
endloop
endfacet
facet normal -0.1950900960897925 0 -0.9807853253427458
outer loop
vertex 7.5 -40.19997787475586 -3.450000047683716
vertex 8.07402515411377 -40.19997787475586 -3.564180612564087
vertex 8.07402515411377 -41.19997787475586 -3.564180612564087
endloop
endfacet
facet normal -0.5555703047945763 0 -0.8314695643440363
outer loop
vertex 8.07402515411377 -40.19997787475586 -3.564180612564087
vertex 8.560660362243652 -41.19997787475586 -3.8893399238586426
vertex 8.07402515411377 -41.19997787475586 -3.564180612564087
endloop
endfacet
facet normal -0.8314695010489663 0 -0.5555703995223136
outer loop
vertex 8.560660362243652 -40.19997787475586 -3.8893399238586426
vertex 8.885819435119629 -40.19997787475586 -4.375974655151367
vertex 8.885819435119629 -41.19997787475586 -4.375974655151367
endloop
endfacet
facet normal -0.9807853253427458 0 0.1950900960897925
outer loop
vertex 8.885819435119629 -40.19997787475586 -10.524024963378906
vertex 8.885819435119629 -41.19997787475586 -10.524024963378906
vertex 9 -40.19997787475586 -9.949999809265137
endloop
endfacet
facet normal -0.9807853253427458 0 0.1950900960897925
outer loop
vertex 9 -40.19997787475586 -9.949999809265137
vertex 8.885819435119629 -41.19997787475586 -10.524024963378906
vertex 9 -41.19997787475586 -9.949999809265137
endloop
endfacet
facet normal 0 0 -1
outer loop
vertex 7.5 -41.19997787475586 -3.450000047683716
vertex -4.5 -40.19997787475586 -3.450000047683716
vertex 7.5 -40.19997787475586 -3.450000047683716
endloop
endfacet
facet normal 0 -1 0
outer loop
vertex -6 -40.19997787475586 -9.949999809265137
vertex -5.885819435119629 -40.19997787475586 -10.524024963378906
vertex -6 -40.19997787475586 -4.949999809265137
endloop
endfacet
facet normal 1 0 0
outer loop
vertex -6 -41.19997787475586 -4.949999809265137
vertex -6 -41.19997787475586 -9.949999809265137
vertex -6 -40.19997787475586 -9.949999809265137
endloop
endfacet
facet normal 0 -1 0
outer loop
vertex -5.885819435119629 -40.19997787475586 -10.524024963378906
vertex -5.560660362243652 -40.19997787475586 -11.010660171508789
vertex -5.885819435119629 -40.19997787475586 -4.375974655151367
endloop
endfacet
facet normal 0 -1 0
outer loop
vertex 5.632683277130127 -40.19997787475586 -9.123879432678223
vertex 7.5 -40.19997787475586 -11.449999809265137
vertex 5.957106590270996 -40.19997787475586 -8.907106399536133
endloop
endfacet
facet normal 0.9807853253427458 0 -0.1950900960897925
outer loop
vertex -5.885819435119629 -41.19997787475586 -4.375974655151367
vertex -6 -41.19997787475586 -4.949999809265137
vertex -6 -40.19997787475586 -4.949999809265137
endloop
endfacet
facet normal 0.9807853253427458 0 -0.1950900960897925
outer loop
vertex -5.885819435119629 -41.19997787475586 -4.375974655151367
vertex -6 -40.19997787475586 -4.949999809265137
vertex -5.885819435119629 -40.19997787475586 -4.375974655151367
endloop
endfacet
facet normal 0 0 -1
outer loop
vertex 7.5 -41.19997787475586 -3.450000047683716
vertex -4.5 -41.19997787475586 -3.450000047683716
vertex -4.5 -40.19997787475586 -3.450000047683716
endloop
endfacet
facet normal 0 -1 0
outer loop
vertex -5.0740251541137695 -40.19997787475586 -11.335819244384766
vertex -4.5 -40.19997787475586 -11.449999809265137
vertex -5.0740251541137695 -40.19997787475586 -3.564180612564087
endloop
endfacet
facet normal 0 -1 0
outer loop
vertex 5.25 -40.19997787475586 -9.199999809265137
vertex 7.5 -40.19997787475586 -11.449999809265137
vertex 5.632683277130127 -40.19997787475586 -9.123879432678223
endloop
endfacet
facet normal 0 -1 0
outer loop
vertex 5.957106590270996 -40.19997787475586 -8.907106399536133
vertex 7.5 -40.19997787475586 -11.449999809265137
vertex 6.173879623413086 -40.19997787475586 -8.582683563232422
endloop
endfacet
facet normal 0.1950900960897925 0 -0.9807853253427458
outer loop
vertex -4.5 -41.19997787475586 -3.450000047683716
vertex -5.0740251541137695 -40.19997787475586 -3.564180612564087
vertex -4.5 -40.19997787475586 -3.450000047683716
endloop
endfacet
facet normal 0.1950900960897925 0 -0.9807853253427458
outer loop
vertex -4.5 -41.19997787475586 -3.450000047683716
vertex -5.0740251541137695 -41.19997787475586 -3.564180612564087
vertex -5.0740251541137695 -40.19997787475586 -3.564180612564087
endloop
endfacet
facet normal 0.5555703047945763 0 -0.8314695643440363
outer loop
vertex -5.0740251541137695 -41.19997787475586 -3.564180612564087
vertex -5.560660362243652 -40.19997787475586 -3.8893399238586426
vertex -5.0740251541137695 -40.19997787475586 -3.564180612564087
endloop
endfacet
facet normal 0 -1 0
outer loop
vertex -4.5 -40.19997787475586 -11.449999809265137
vertex -3.25 -40.19997787475586 -8.199999809265137
vertex -4.5 -40.19997787475586 -3.450000047683716
endloop
endfacet
facet normal 0.5555703047945763 0 -0.8314695643440363
outer loop
vertex -5.0740251541137695 -41.19997787475586 -3.564180612564087
vertex -5.560660362243652 -41.19997787475586 -3.8893399238586426
vertex -5.560660362243652 -40.19997787475586 -3.8893399238586426
endloop
endfacet
facet normal 0.8314695010489663 0 -0.5555703995223136
outer loop
vertex -5.560660362243652 -41.19997787475586 -3.8893399238586426
vertex -5.885819435119629 -40.19997787475586 -4.375974655151367
vertex -5.560660362243652 -40.19997787475586 -3.8893399238586426
endloop
endfacet
facet normal 0.8314695010489663 0 -0.5555703995223136
outer loop
vertex -5.560660362243652 -41.19997787475586 -3.8893399238586426
vertex -5.885819435119629 -41.19997787475586 -4.375974655151367
vertex -5.885819435119629 -40.19997787475586 -4.375974655151367
endloop
endfacet
facet normal 0 -1 0
outer loop
vertex -4.5 -40.19997787475586 -3.450000047683716
vertex -2.632683515548706 -40.19997787475586 -5.776120662689209
vertex -2.25 -40.19997787475586 -5.699999809265137
endloop
endfacet
facet normal -0.1950900960897925 0 0.9807853253427458
outer loop
vertex 7.5 -40.19997787475586 -11.449999809265137
vertex 7.5 -41.19997787475586 -11.449999809265137
vertex 8.07402515411377 -40.19997787475586 -11.335819244384766
endloop
endfacet
facet normal 0 0 1
outer loop
vertex 5.25 -38.999977111816406 -9.199999809265137
vertex -2.25 -40.19997787475586 -9.199999809265137
vertex 5.25 -40.19997787475586 -9.199999809265137
endloop
endfacet
facet normal 0.555569929716238 0 -0.831469814963294
outer loop
vertex -2.957106828689575 -40.19997787475586 -5.992893218994141
vertex -2.957106828689575 -38.999977111816406 -5.992893218994141
vertex -2.632683515548706 -40.19997787475586 -5.776120662689209
endloop
endfacet
facet normal 0 0 1
outer loop
vertex -2.25 -38.999977111816406 -9.199999809265137
vertex -2.25 -40.19997787475586 -9.199999809265137
vertex 5.25 -38.999977111816406 -9.199999809265137
endloop
endfacet
facet normal -0.5555707746001806 0 0.8314692504297169
outer loop
vertex 5.632683277130127 -38.999977111816406 -9.123879432678223
vertex 5.632683277130127 -40.19997787475586 -9.123879432678223
vertex 5.957106590270996 -38.999977111816406 -8.907106399536133
endloop
endfacet
facet normal 0.8314691554865483 0 0.5555709166924471
outer loop
vertex -3.173879623413086 -40.19997787475586 -8.582683563232422
vertex -2.957106828689575 -38.999977111816406 -8.907106399536133
vertex -3.173879623413086 -38.999977111816406 -8.582683563232422
endloop
endfacet
facet normal 0.19509005711693658 0 0.9807853330949187
outer loop
vertex -2.25 -40.19997787475586 -9.199999809265137
vertex -2.25 -38.999977111816406 -9.199999809265137
vertex -2.632683515548706 -40.19997787475586 -9.123879432678223
endloop
endfacet
facet normal 1 0 0
outer loop
vertex -3.25 -40.19997787475586 -6.699999809265137
vertex -3.25 -38.999977111816406 -8.199999809265137
vertex -3.25 -38.999977111816406 -6.699999809265137
endloop
endfacet
facet normal 1 0 0
outer loop
vertex -3.25 -40.19997787475586 -8.199999809265137
vertex -3.25 -38.999977111816406 -8.199999809265137
vertex -3.25 -40.19997787475586 -6.699999809265137
endloop
endfacet
facet normal 0.9807853563514094 0 0.1950899401984604
outer loop
vertex -3.25 -40.19997787475586 -8.199999809265137
vertex -3.173879623413086 -38.999977111816406 -8.582683563232422
vertex -3.25 -38.999977111816406 -8.199999809265137
endloop
endfacet
facet normal 0.19509005711693658 0 0.9807853330949187
outer loop
vertex -2.632683515548706 -40.19997787475586 -9.123879432678223
vertex -2.25 -38.999977111816406 -9.199999809265137
vertex -2.632683515548706 -38.999977111816406 -9.123879432678223
endloop
endfacet
facet normal 0.5555707746001806 0 0.8314692504297169
outer loop
vertex -2.632683515548706 -40.19997787475586 -9.123879432678223
vertex -2.632683515548706 -38.999977111816406 -9.123879432678223
vertex -2.957106828689575 -40.19997787475586 -8.907106399536133
endloop
endfacet
facet normal -0.5555707746001806 0 0.8314692504297169
outer loop
vertex 5.957106590270996 -38.999977111816406 -8.907106399536133
vertex 5.632683277130127 -40.19997787475586 -9.123879432678223
vertex 5.957106590270996 -40.19997787475586 -8.907106399536133
endloop
endfacet
facet normal -0.8314688732193027 0 0.5555713391342493
outer loop
vertex 5.957106590270996 -38.999977111816406 -8.907106399536133
vertex 5.957106590270996 -40.19997787475586 -8.907106399536133
vertex 6.173879623413086 -38.999977111816406 -8.582683563232422
endloop
endfacet
facet normal -0.8314688732193027 0 0.5555713391342493
outer loop
vertex 6.173879623413086 -38.999977111816406 -8.582683563232422
vertex 5.957106590270996 -40.19997787475586 -8.907106399536133
vertex 6.173879623413086 -40.19997787475586 -8.582683563232422
endloop
endfacet
facet normal 0.5555707746001806 0 0.8314692504297169
outer loop
vertex -2.632683515548706 -38.999977111816406 -9.123879432678223
vertex -2.957106828689575 -38.999977111816406 -8.907106399536133
vertex -2.957106828689575 -40.19997787475586 -8.907106399536133
endloop
endfacet
facet normal 0.8314691554865483 0 0.5555709166924471
outer loop
vertex -3.173879623413086 -40.19997787475586 -8.582683563232422
vertex -2.957106828689575 -40.19997787475586 -8.907106399536133
vertex -2.957106828689575 -38.999977111816406 -8.907106399536133
endloop
endfacet
facet normal -0.9807853563514094 0 0.1950899401984604
outer loop
vertex 6.173879623413086 -38.999977111816406 -8.582683563232422
vertex 6.173879623413086 -40.19997787475586 -8.582683563232422
vertex 6.25 -38.999977111816406 -8.199999809265137
endloop
endfacet
facet normal -0.9807853563514094 0 0.1950899401984604
outer loop
vertex 6.25 -38.999977111816406 -8.199999809265137
vertex 6.173879623413086 -40.19997787475586 -8.582683563232422
vertex 6.25 -40.19997787475586 -8.199999809265137
endloop
endfacet
facet normal -1 0 0
outer loop
vertex 6.25 -38.999977111816406 -8.199999809265137
vertex 6.25 -40.19997787475586 -8.199999809265137
vertex 6.25 -38.999977111816406 -6.699999809265137
endloop
endfacet
facet normal -1 0 0
outer loop
vertex 6.25 -38.999977111816406 -6.699999809265137
vertex 6.25 -40.19997787475586 -8.199999809265137
vertex 6.25 -40.19997787475586 -6.699999809265137
endloop
endfacet
facet normal 0 0 -1
outer loop
vertex -2.25 -38.999977111816406 -5.699999809265137
vertex 5.25 -40.19997787475586 -5.699999809265137
vertex -2.25 -40.19997787475586 -5.699999809265137
endloop
endfacet
facet normal 0 0 -1
outer loop
vertex 5.25 -40.19997787475586 -5.699999809265137
vertex -2.25 -38.999977111816406 -5.699999809265137
vertex 5.25 -38.999977111816406 -5.699999809265137
endloop
endfacet
facet normal -0.555569929716238 0 -0.831469814963294
outer loop
vertex 5.632683277130127 -40.19997787475586 -5.776120662689209
vertex 5.632683277130127 -38.999977111816406 -5.776120662689209
vertex 5.957106590270996 -40.19997787475586 -5.992893218994141
endloop
endfacet
facet normal -0.19509134961587388 0 -0.9807850760003728
outer loop
vertex 5.632683277130127 -38.999977111816406 -5.776120662689209
vertex 5.632683277130127 -40.19997787475586 -5.776120662689209
vertex 5.25 -38.999977111816406 -5.699999809265137
endloop
endfacet
facet normal -0.19509134961587388 0 -0.9807850760003728
outer loop
vertex 5.25 -38.999977111816406 -5.699999809265137
vertex 5.632683277130127 -40.19997787475586 -5.776120662689209
vertex 5.25 -40.19997787475586 -5.699999809265137
endloop
endfacet
facet normal -0.9807853098383859 0 -0.19509017403555012
outer loop
vertex 6.25 -38.999977111816406 -6.699999809265137
vertex 6.25 -40.19997787475586 -6.699999809265137
vertex 6.173879623413086 -38.999977111816406 -6.31731653213501
endloop
endfacet
facet normal -0.9807853098383859 0 -0.19509017403555012
outer loop
vertex 6.173879623413086 -38.999977111816406 -6.31731653213501
vertex 6.25 -40.19997787475586 -6.699999809265137
vertex 6.173879623413086 -40.19997787475586 -6.31731653213501
endloop
endfacet
facet normal -0.8314692504297169 0 -0.5555707746001806
outer loop
vertex 6.173879623413086 -38.999977111816406 -6.31731653213501
vertex 6.173879623413086 -40.19997787475586 -6.31731653213501
vertex 5.957106590270996 -38.999977111816406 -5.992893218994141
endloop
endfacet
facet normal -0.8314692504297169 0 -0.5555707746001806
outer loop
vertex 5.957106590270996 -38.999977111816406 -5.992893218994141
vertex 6.173879623413086 -40.19997787475586 -6.31731653213501
vertex 5.957106590270996 -40.19997787475586 -5.992893218994141
endloop
endfacet
facet normal 0.9807853563514094 0 0.1950899401984604
outer loop
vertex -3.173879623413086 -40.19997787475586 -8.582683563232422
vertex -3.173879623413086 -38.999977111816406 -8.582683563232422
vertex -3.25 -40.19997787475586 -8.199999809265137
endloop
endfacet
facet normal -0.19509017403555012 0 0.9807853098383859
outer loop
vertex 5.25 -38.999977111816406 -9.199999809265137
vertex 5.25 -40.19997787475586 -9.199999809265137
vertex 5.632683277130127 -38.999977111816406 -9.123879432678223
endloop
endfacet
facet normal -0.555569929716238 0 -0.831469814963294
outer loop
vertex 5.957106590270996 -40.19997787475586 -5.992893218994141
vertex 5.632683277130127 -38.999977111816406 -5.776120662689209
vertex 5.957106590270996 -38.999977111816406 -5.992893218994141
endloop
endfacet
facet normal 0.9807853098383859 0 -0.19509017403555012
outer loop
vertex -3.25 -40.19997787475586 -6.699999809265137
vertex -3.25 -38.999977111816406 -6.699999809265137
vertex -3.173879623413086 -40.19997787475586 -6.31731653213501
endloop
endfacet
facet normal 0.9807853098383859 0 -0.19509017403555012
outer loop
vertex -3.173879623413086 -40.19997787475586 -6.31731653213501
vertex -3.25 -38.999977111816406 -6.699999809265137
vertex -3.173879623413086 -38.999977111816406 -6.31731653213501
endloop
endfacet
facet normal 0.19509123269661155 0 -0.98078509925718
outer loop
vertex -2.25 -40.19997787475586 -5.699999809265137
vertex -2.632683515548706 -38.999977111816406 -5.776120662689209
vertex -2.25 -38.999977111816406 -5.699999809265137
endloop
endfacet
facet normal -0.19509017403555012 0 0.9807853098383859
outer loop
vertex 5.632683277130127 -38.999977111816406 -9.123879432678223
vertex 5.25 -40.19997787475586 -9.199999809265137
vertex 5.632683277130127 -40.19997787475586 -9.123879432678223
endloop
endfacet
facet normal 0.831469532696517 0 -0.5555703521584244
outer loop
vertex -3.173879623413086 -40.19997787475586 -6.31731653213501
vertex -3.173879623413086 -38.999977111816406 -6.31731653213501
vertex -2.957106828689575 -40.19997787475586 -5.992893218994141
endloop
endfacet
facet normal 0.19509123269661155 0 -0.98078509925718
outer loop
vertex -2.632683515548706 -40.19997787475586 -5.776120662689209
vertex -2.632683515548706 -38.999977111816406 -5.776120662689209
vertex -2.25 -40.19997787475586 -5.699999809265137
endloop
endfacet
facet normal 0.555569929716238 0 -0.831469814963294
outer loop
vertex -2.632683515548706 -40.19997787475586 -5.776120662689209
vertex -2.957106828689575 -38.999977111816406 -5.992893218994141
vertex -2.632683515548706 -38.999977111816406 -5.776120662689209
endloop
endfacet
facet normal 0.831469532696517 0 -0.5555703521584244
outer loop
vertex -2.957106828689575 -40.19997787475586 -5.992893218994141
vertex -3.173879623413086 -38.999977111816406 -6.31731653213501
vertex -2.957106828689575 -38.999977111816406 -5.992893218994141
endloop
endfacet
facet normal 0 -1 0
outer loop
vertex -24.885818481445312 -40.19997787475586 -10.524024963378906
vertex -24.560659408569336 -40.19997787475586 -11.010660171508789
vertex -24.885818481445312 -40.19997787475586 -4.375974655151367
endloop
endfacet
facet normal 0 -1 0
outer loop
vertex -21.957107543945312 -40.19997787475586 -5.992893218994141
vertex -21.63268280029297 -40.19997787475586 -5.776120662689209
vertex -23.5 -40.19997787475586 -3.450000047683716
endloop
endfacet
facet normal -0.9807853253427458 0 -0.1950900960897925
outer loop
vertex -10 -41.19997787475586 -4.949999809265137
vertex -10.114180564880371 -41.19997787475586 -4.375974655151367
vertex -10.114180564880371 -40.19997787475586 -4.375974655151367
endloop
endfacet
facet normal -0.9807853253427458 0 -0.1950900960897925
outer loop
vertex -10 -40.19997787475586 -4.949999809265137
vertex -10 -41.19997787475586 -4.949999809265137
vertex -10.114180564880371 -40.19997787475586 -4.375974655151367
endloop
endfacet
facet normal 0 -1 0
outer loop
vertex -10.114180564880371 -40.19997787475586 -10.524024963378906
vertex -10 -40.19997787475586 -9.949999809265137
vertex -10.114180564880371 -40.19997787475586 -4.375974655151367
endloop
endfacet
facet normal 0.9807850135586839 0 0.1950916635294606
outer loop
vertex -25 -41.19997787475586 -9.949999809265137
vertex -24.885818481445312 -40.19997787475586 -10.524024963378906
vertex -25 -40.19997787475586 -9.949999809265137
endloop
endfacet
facet normal 0.9807850135586839 0 0.1950916635294606
outer loop
vertex -25 -41.19997787475586 -9.949999809265137
vertex -24.885818481445312 -41.19997787475586 -10.524024963378906
vertex -24.885818481445312 -40.19997787475586 -10.524024963378906
endloop
endfacet
facet normal 0.8314697525217963 0 0.5555700231666056
outer loop
vertex -24.885818481445312 -41.19997787475586 -10.524024963378906
vertex -24.560659408569336 -40.19997787475586 -11.010660171508789
vertex -24.885818481445312 -40.19997787475586 -10.524024963378906
endloop
endfacet
facet normal 0 -1 0
outer loop
vertex -23.5 -40.19997787475586 -11.449999809265137
vertex -11.5 -40.19997787475586 -11.449999809265137
vertex -13.75 -40.19997787475586 -9.199999809265137
endloop
endfacet
facet normal -0.1950900960897925 0 0.9807853253427458
outer loop
vertex -11.5 -41.19997787475586 -11.449999809265137
vertex -10.92597484588623 -41.19997787475586 -11.335819244384766
vertex -10.92597484588623 -40.19997787475586 -11.335819244384766
endloop
endfacet
facet normal -0.1950900960897925 0 0.9807853253427458
outer loop
vertex -11.5 -40.19997787475586 -11.449999809265137
vertex -11.5 -41.19997787475586 -11.449999809265137
vertex -10.92597484588623 -40.19997787475586 -11.335819244384766
endloop
endfacet
facet normal -0.5555700231666056 0 0.8314697525217963
outer loop
vertex -10.92597484588623 -41.19997787475586 -11.335819244384766
vertex -10.439339637756348 -41.19997787475586 -11.010660171508789
vertex -10.439339637756348 -40.19997787475586 -11.010660171508789
endloop
endfacet
facet normal -0.5555700231666056 0 0.8314697525217963
outer loop
vertex -10.92597484588623 -40.19997787475586 -11.335819244384766
vertex -10.92597484588623 -41.19997787475586 -11.335819244384766
vertex -10.439339637756348 -40.19997787475586 -11.010660171508789
endloop
endfacet
facet normal -0.8314697525217963 0 0.5555700231666056
outer loop
vertex -10.439339637756348 -40.19997787475586 -11.010660171508789
vertex -10.439339637756348 -41.19997787475586 -11.010660171508789
vertex -10.114180564880371 -40.19997787475586 -10.524024963378906
endloop
endfacet
facet normal -0.8314697525217963 0 0.5555700231666056
outer loop
vertex -10.114180564880371 -40.19997787475586 -10.524024963378906
vertex -10.439339637756348 -41.19997787475586 -11.010660171508789
vertex -10.114180564880371 -41.19997787475586 -10.524024963378906
endloop
endfacet
facet normal 0 -1 0
outer loop
vertex -10.114180564880371 -40.19997787475586 -4.375974655151367
vertex -10 -40.19997787475586 -9.949999809265137
vertex -10 -40.19997787475586 -4.949999809265137
endloop
endfacet
facet normal 0 -1 0
outer loop
vertex -10.92597484588623 -40.19997787475586 -3.564180612564087
vertex -10.439339637756348 -40.19997787475586 -11.010660171508789
vertex -10.439339637756348 -40.19997787475586 -3.8893399238586426
endloop
endfacet
facet normal 0 -1 0
outer loop
vertex -10.439339637756348 -40.19997787475586 -3.8893399238586426
vertex -10.114180564880371 -40.19997787475586 -10.524024963378906
vertex -10.114180564880371 -40.19997787475586 -4.375974655151367
endloop
endfacet
facet normal 0 -1 0
outer loop
vertex -11.5 -40.19997787475586 -3.450000047683716
vertex -10.92597484588623 -40.19997787475586 -11.335819244384766
vertex -10.92597484588623 -40.19997787475586 -3.564180612564087
endloop
endfacet
facet normal -1 0 0
outer loop
vertex -10 -40.19997787475586 -4.949999809265137
vertex -10 -41.19997787475586 -9.949999809265137
vertex -10 -41.19997787475586 -4.949999809265137
endloop
endfacet
facet normal 0.8314697525217963 0 0.5555700231666056
outer loop
vertex -24.885818481445312 -41.19997787475586 -10.524024963378906
vertex -24.560659408569336 -41.19997787475586 -11.010660171508789
vertex -24.560659408569336 -40.19997787475586 -11.010660171508789
endloop
endfacet
facet normal 0.5555700231666056 0 0.8314697525217963
outer loop
vertex -24.560659408569336 -41.19997787475586 -11.010660171508789
vertex -24.074024200439453 -40.19997787475586 -11.335819244384766
vertex -24.560659408569336 -40.19997787475586 -11.010660171508789
endloop
endfacet
facet normal 0 -1 0
outer loop
vertex -13.75 -40.19997787475586 -5.699999809265137
vertex -13.367316246032715 -40.19997787475586 -5.776120662689209
vertex -11.5 -40.19997787475586 -3.450000047683716
endloop
endfacet
facet normal 0 -1 0
outer loop
vertex -13.042893409729004 -40.19997787475586 -5.992893218994141
vertex -11.5 -40.19997787475586 -3.450000047683716
vertex -13.367316246032715 -40.19997787475586 -5.776120662689209
endloop
endfacet
facet normal 0 -1 0
outer loop
vertex -23.5 -40.19997787475586 -11.449999809265137
vertex -21.25 -40.19997787475586 -9.199999809265137
vertex -21.63268280029297 -40.19997787475586 -9.123879432678223
endloop
endfacet
facet normal 0 -1 0
outer loop
vertex -23.5 -40.19997787475586 -11.449999809265137
vertex -21.63268280029297 -40.19997787475586 -9.123879432678223
vertex -21.957107543945312 -40.19997787475586 -8.907106399536133
endloop
endfacet
facet normal 0 -1 0
outer loop
vertex -23.5 -40.19997787475586 -11.449999809265137
vertex -21.957107543945312 -40.19997787475586 -8.907106399536133
vertex -22.173879623413086 -40.19997787475586 -8.582683563232422
endloop
endfacet
facet normal 0 -1 0
outer loop
vertex -21.25 -40.19997787475586 -9.199999809265137
vertex -23.5 -40.19997787475586 -11.449999809265137
vertex -13.75 -40.19997787475586 -9.199999809265137
endloop
endfacet
facet normal 0.19509040787318935 0 -0.9807852633251952
outer loop
vertex -23.5 -41.19997787475586 -3.450000047683716
vertex -24.074024200439453 -40.19997787475586 -3.564180612564087
vertex -23.5 -40.19997787475586 -3.450000047683716
endloop
endfacet
facet normal 0 -1 0
outer loop
vertex -23.5 -40.19997787475586 -11.449999809265137
vertex -22.173879623413086 -40.19997787475586 -8.582683563232422
vertex -22.25 -40.19997787475586 -8.199999809265137
endloop
endfacet
facet normal 0 0 1
outer loop
vertex -23.5 -40.19997787475586 -11.449999809265137
vertex -23.5 -41.19997787475586 -11.449999809265137
vertex -11.5 -40.19997787475586 -11.449999809265137
endloop
endfacet
facet normal 0 -1 0
outer loop
vertex -12.826120376586914 -40.19997787475586 -8.582683563232422
vertex -11.5 -40.19997787475586 -11.449999809265137
vertex -12.75 -40.19997787475586 -8.199999809265137
endloop
endfacet
facet normal 1 0 0
outer loop
vertex -25 -41.19997787475586 -4.949999809265137
vertex -25 -41.19997787475586 -9.949999809265137
vertex -25 -40.19997787475586 -9.949999809265137
endloop
endfacet
facet normal 0 -1 0
outer loop
vertex -24.074024200439453 -40.19997787475586 -11.335819244384766
vertex -23.5 -40.19997787475586 -11.449999809265137
vertex -24.074024200439453 -40.19997787475586 -3.564180612564087
endloop
endfacet
facet normal 0 -1 0
outer loop
vertex -24.560659408569336 -40.19997787475586 -11.010660171508789
vertex -24.074024200439453 -40.19997787475586 -11.335819244384766
vertex -24.560659408569336 -40.19997787475586 -3.8893399238586426
endloop
endfacet
facet normal -0.5555703047945763 0 -0.8314695643440363
outer loop
vertex -10.92597484588623 -40.19997787475586 -3.564180612564087
vertex -10.439339637756348 -41.19997787475586 -3.8893399238586426
vertex -10.92597484588623 -41.19997787475586 -3.564180612564087
endloop
endfacet
facet normal -0.1950900960897925 0 -0.9807853253427458
outer loop
vertex -11.5 -40.19997787475586 -3.450000047683716
vertex -10.92597484588623 -40.19997787475586 -3.564180612564087
vertex -10.92597484588623 -41.19997787475586 -3.564180612564087
endloop
endfacet
facet normal 0 -1 0
outer loop
vertex -13.75 -40.19997787475586 -9.199999809265137
vertex -11.5 -40.19997787475586 -11.449999809265137
vertex -13.367316246032715 -40.19997787475586 -9.123879432678223
endloop
endfacet
facet normal 0 -1 0
outer loop
vertex -13.367316246032715 -40.19997787475586 -9.123879432678223
vertex -11.5 -40.19997787475586 -11.449999809265137
vertex -13.042893409729004 -40.19997787475586 -8.907106399536133
endloop
endfacet
facet normal 0 -1 0
outer loop
vertex -13.042893409729004 -40.19997787475586 -8.907106399536133
vertex -11.5 -40.19997787475586 -11.449999809265137
vertex -12.826120376586914 -40.19997787475586 -8.582683563232422
endloop
endfacet
facet normal 0.19509040787318935 0 -0.9807852633251952
outer loop
vertex -24.074024200439453 -40.19997787475586 -3.564180612564087
vertex -23.5 -41.19997787475586 -3.450000047683716
vertex -24.074024200439453 -41.19997787475586 -3.564180612564087
endloop
endfacet
facet normal 0 -1 0
outer loop
vertex -25 -40.19997787475586 -9.949999809265137
vertex -24.885818481445312 -40.19997787475586 -10.524024963378906
vertex -25 -40.19997787475586 -4.949999809265137
endloop
endfacet
facet normal 0 -1 0
outer loop
vertex -12.75 -40.19997787475586 -8.199999809265137
vertex -11.5 -40.19997787475586 -11.449999809265137
vertex -12.75 -40.19997787475586 -6.699999809265137
endloop
endfacet
facet normal 0 -1 0
outer loop
vertex -23.5 -40.19997787475586 -3.450000047683716
vertex -22.25 -40.19997787475586 -8.199999809265137
vertex -22.25 -40.19997787475586 -6.699999809265137
endloop
endfacet
facet normal 0 -1 0
outer loop
vertex -22.25 -40.19997787475586 -6.699999809265137
vertex -22.173879623413086 -40.19997787475586 -6.31731653213501
vertex -23.5 -40.19997787475586 -3.450000047683716
endloop
endfacet
facet normal 0 -1 0
outer loop
vertex -22.173879623413086 -40.19997787475586 -6.31731653213501
vertex -21.957107543945312 -40.19997787475586 -5.992893218994141
vertex -23.5 -40.19997787475586 -3.450000047683716
endloop
endfacet
facet normal 0 0 -1
outer loop
vertex -11.5 -41.19997787475586 -3.450000047683716
vertex -23.5 -41.19997787475586 -3.450000047683716
vertex -23.5 -40.19997787475586 -3.450000047683716
endloop
endfacet
facet normal -0.1950900960897925 0 -0.9807853253427458
outer loop
vertex -10.92597484588623 -41.19997787475586 -3.564180612564087
vertex -11.5 -41.19997787475586 -3.450000047683716
vertex -11.5 -40.19997787475586 -3.450000047683716
endloop
endfacet
facet normal -0.5555703047945763 0 -0.8314695643440363
outer loop
vertex -10.92597484588623 -40.19997787475586 -3.564180612564087
vertex -10.439339637756348 -40.19997787475586 -3.8893399238586426
vertex -10.439339637756348 -41.19997787475586 -3.8893399238586426
endloop
endfacet
facet normal 0 0 -1
outer loop
vertex -11.5 -40.19997787475586 -3.450000047683716
vertex -11.5 -41.19997787475586 -3.450000047683716
vertex -23.5 -40.19997787475586 -3.450000047683716
endloop
endfacet
facet normal -0.8314695010489663 0 -0.5555703995223136
outer loop
vertex -10.439339637756348 -40.19997787475586 -3.8893399238586426
vertex -10.114180564880371 -41.19997787475586 -4.375974655151367
vertex -10.439339637756348 -41.19997787475586 -3.8893399238586426
endloop
endfacet
facet normal 0 -1 0
outer loop
vertex -23.5 -40.19997787475586 -11.449999809265137
vertex -22.25 -40.19997787475586 -8.199999809265137
vertex -23.5 -40.19997787475586 -3.450000047683716
endloop
endfacet
facet normal 1 0 0
outer loop
vertex -25 -41.19997787475586 -4.949999809265137
vertex -25 -40.19997787475586 -9.949999809265137
vertex -25 -40.19997787475586 -4.949999809265137
endloop
endfacet
facet normal -0.8314695010489663 0 -0.5555703995223136
outer loop
vertex -10.439339637756348 -40.19997787475586 -3.8893399238586426
vertex -10.114180564880371 -40.19997787475586 -4.375974655151367
vertex -10.114180564880371 -41.19997787475586 -4.375974655151367
endloop
endfacet
facet normal 0 -1 0
outer loop
vertex -25 -40.19997787475586 -4.949999809265137
vertex -24.885818481445312 -40.19997787475586 -10.524024963378906
vertex -24.885818481445312 -40.19997787475586 -4.375974655151367
endloop
endfacet
facet normal 0 -1 0
outer loop
vertex -12.75 -40.19997787475586 -6.699999809265137
vertex -11.5 -40.19997787475586 -3.450000047683716
vertex -12.826120376586914 -40.19997787475586 -6.31731653213501
endloop
endfacet
facet normal 0 -1 0
outer loop
vertex -12.75 -40.19997787475586 -6.699999809265137
vertex -11.5 -40.19997787475586 -11.449999809265137
vertex -11.5 -40.19997787475586 -3.450000047683716
endloop
endfacet
facet normal 0 -1 0
outer loop
vertex -13.042893409729004 -40.19997787475586 -5.992893218994141
vertex -12.826120376586914 -40.19997787475586 -6.31731653213501
vertex -11.5 -40.19997787475586 -3.450000047683716
endloop
endfacet
facet normal 0 -1 0
outer loop
vertex -11.5 -40.19997787475586 -3.450000047683716
vertex -11.5 -40.19997787475586 -11.449999809265137
vertex -10.92597484588623 -40.19997787475586 -11.335819244384766
endloop
endfacet
facet normal -0.9807853253427458 0 0.1950900960897925
outer loop
vertex -10.114180564880371 -40.19997787475586 -10.524024963378906
vertex -10.114180564880371 -41.19997787475586 -10.524024963378906
vertex -10 -40.19997787475586 -9.949999809265137
endloop
endfacet
facet normal 0 -1 0
outer loop
vertex -11.5 -40.19997787475586 -3.450000047683716
vertex -21.25 -40.19997787475586 -5.699999809265137
vertex -13.75 -40.19997787475586 -5.699999809265137
endloop
endfacet
facet normal 0.5555700231666056 0 0.8314697525217963
outer loop
vertex -24.560659408569336 -41.19997787475586 -11.010660171508789
vertex -24.074024200439453 -41.19997787475586 -11.335819244384766
vertex -24.074024200439453 -40.19997787475586 -11.335819244384766
endloop
endfacet
facet normal -0.9807853253427458 0 0.1950900960897925
outer loop
vertex -10 -40.19997787475586 -9.949999809265137
vertex -10.114180564880371 -41.19997787475586 -10.524024963378906
vertex -10 -41.19997787475586 -9.949999809265137
endloop
endfacet
facet normal 0 -1 0
outer loop
vertex -23.5 -40.19997787475586 -3.450000047683716
vertex -21.25 -40.19997787475586 -5.699999809265137
vertex -11.5 -40.19997787475586 -3.450000047683716
endloop
endfacet
facet normal 0.19509040787318935 0 0.9807852633251952
outer loop
vertex -24.074024200439453 -41.19997787475586 -11.335819244384766
vertex -23.5 -40.19997787475586 -11.449999809265137
vertex -24.074024200439453 -40.19997787475586 -11.335819244384766
endloop
endfacet
facet normal 0.19509040787318935 0 0.9807852633251952
outer loop
vertex -24.074024200439453 -41.19997787475586 -11.335819244384766
vertex -23.5 -41.19997787475586 -11.449999809265137
vertex -23.5 -40.19997787475586 -11.449999809265137
endloop
endfacet
facet normal 0.5555703047945763 0 -0.8314695643440363
outer loop
vertex -24.074024200439453 -41.19997787475586 -3.564180612564087
vertex -24.560659408569336 -40.19997787475586 -3.8893399238586426
vertex -24.074024200439453 -40.19997787475586 -3.564180612564087
endloop
endfacet
facet normal 0.5555703047945763 0 -0.8314695643440363
outer loop
vertex -24.560659408569336 -40.19997787475586 -3.8893399238586426
vertex -24.074024200439453 -41.19997787475586 -3.564180612564087
vertex -24.560659408569336 -41.19997787475586 -3.8893399238586426
endloop
endfacet
facet normal 0.8314695010489663 0 -0.5555703995223136
outer loop
vertex -24.560659408569336 -41.19997787475586 -3.8893399238586426
vertex -24.885818481445312 -40.19997787475586 -4.375974655151367
vertex -24.560659408569336 -40.19997787475586 -3.8893399238586426
endloop
endfacet
facet normal 0.8314695010489663 0 -0.5555703995223136
outer loop
vertex -24.885818481445312 -40.19997787475586 -4.375974655151367
vertex -24.560659408569336 -41.19997787475586 -3.8893399238586426
vertex -24.885818481445312 -41.19997787475586 -4.375974655151367
endloop
endfacet
facet normal -1 0 0
outer loop
vertex -10 -40.19997787475586 -9.949999809265137
vertex -10 -41.19997787475586 -9.949999809265137
vertex -10 -40.19997787475586 -4.949999809265137
endloop
endfacet
facet normal 0 -1 0
outer loop
vertex -10.439339637756348 -40.19997787475586 -11.010660171508789
vertex -10.114180564880371 -40.19997787475586 -10.524024963378906
vertex -10.439339637756348 -40.19997787475586 -3.8893399238586426
endloop
endfacet
facet normal 0 -1 0
outer loop
vertex -10.92597484588623 -40.19997787475586 -11.335819244384766
vertex -10.439339637756348 -40.19997787475586 -11.010660171508789
vertex -10.92597484588623 -40.19997787475586 -3.564180612564087
endloop
endfacet
facet normal 0 -1 0
outer loop
vertex -21.63268280029297 -40.19997787475586 -5.776120662689209
vertex -21.25 -40.19997787475586 -5.699999809265137
vertex -23.5 -40.19997787475586 -3.450000047683716
endloop
endfacet
facet normal 0.9807850135586839 0 -0.1950916635294606
outer loop
vertex -24.885818481445312 -41.19997787475586 -4.375974655151367
vertex -25 -40.19997787475586 -4.949999809265137
vertex -24.885818481445312 -40.19997787475586 -4.375974655151367
endloop
endfacet
facet normal 0.9807850135586839 0 -0.1950916635294606
outer loop
vertex -25 -40.19997787475586 -4.949999809265137
vertex -24.885818481445312 -41.19997787475586 -4.375974655151367
vertex -25 -41.19997787475586 -4.949999809265137
endloop
endfacet
facet normal 0 -1 0
outer loop
vertex -24.074024200439453 -40.19997787475586 -3.564180612564087
vertex -23.5 -40.19997787475586 -11.449999809265137
vertex -23.5 -40.19997787475586 -3.450000047683716
endloop
endfacet
facet normal 0 -1 0
outer loop
vertex -24.560659408569336 -40.19997787475586 -3.8893399238586426
vertex -24.074024200439453 -40.19997787475586 -11.335819244384766
vertex -24.074024200439453 -40.19997787475586 -3.564180612564087
endloop
endfacet
facet normal 0 -1 0
outer loop
vertex -24.885818481445312 -40.19997787475586 -4.375974655151367
vertex -24.560659408569336 -40.19997787475586 -11.010660171508789
vertex -24.560659408569336 -40.19997787475586 -3.8893399238586426
endloop
endfacet
facet normal 0 0 1
outer loop
vertex -11.5 -40.19997787475586 -11.449999809265137
vertex -23.5 -41.19997787475586 -11.449999809265137
vertex -11.5 -41.19997787475586 -11.449999809265137
endloop
endfacet
facet normal -0.19509111577748656 0 -0.9807851225139456
outer loop
vertex -13.75 -38.999977111816406 -5.699999809265137
vertex -13.367316246032715 -40.19997787475586 -5.776120662689209
vertex -13.75 -40.19997787475586 -5.699999809265137
endloop
endfacet
facet normal -0.19509111577748656 0 -0.9807851225139456
outer loop
vertex -13.367316246032715 -38.999977111816406 -5.776120662689209
vertex -13.367316246032715 -40.19997787475586 -5.776120662689209
vertex -13.75 -38.999977111816406 -5.699999809265137
endloop
endfacet
facet normal -0.5555704942502147 0 -0.831469437753771
outer loop
vertex -13.042893409729004 -38.999977111816406 -5.992893218994141
vertex -13.042893409729004 -40.19997787475586 -5.992893218994141
vertex -13.367316246032715 -38.999977111816406 -5.776120662689209
endloop
endfacet
facet normal -0.5555704942502147 0 -0.831469437753771
outer loop
vertex -13.367316246032715 -40.19997787475586 -5.776120662689209
vertex -13.367316246032715 -38.999977111816406 -5.776120662689209
vertex -13.042893409729004 -40.19997787475586 -5.992893218994141
endloop
endfacet
facet normal -1 0 0
outer loop
vertex -12.75 -38.999977111816406 -6.699999809265137
vertex -12.75 -40.19997787475586 -8.199999809265137
vertex -12.75 -40.19997787475586 -6.699999809265137
endloop
endfacet
facet normal -1 0 0
outer loop
vertex -12.75 -38.999977111816406 -8.199999809265137
vertex -12.75 -40.19997787475586 -8.199999809265137
vertex -12.75 -38.999977111816406 -6.699999809265137
endloop
endfacet
facet normal -0.9807853563514094 0 0.1950899401984604
outer loop
vertex -12.75 -38.999977111816406 -8.199999809265137
vertex -12.826120376586914 -40.19997787475586 -8.582683563232422
vertex -12.75 -40.19997787475586 -8.199999809265137
endloop
endfacet
facet normal 0 0 -1
outer loop
vertex -13.75 -40.19997787475586 -5.699999809265137
vertex -21.25 -38.999977111816406 -5.699999809265137
vertex -13.75 -38.999977111816406 -5.699999809265137
endloop
endfacet
facet normal -0.8314692504297169 0 -0.5555707746001806
outer loop
vertex -13.042893409729004 -38.999977111816406 -5.992893218994141
vertex -12.826120376586914 -40.19997787475586 -6.31731653213501
vertex -13.042893409729004 -40.19997787475586 -5.992893218994141
endloop
endfacet
facet normal -0.9807853563514094 0 0.1950899401984604
outer loop
vertex -12.826120376586914 -38.999977111816406 -8.582683563232422
vertex -12.826120376586914 -40.19997787475586 -8.582683563232422
vertex -12.75 -38.999977111816406 -8.199999809265137
endloop
endfacet
facet normal 1 0 0
outer loop
vertex -22.25 -40.19997787475586 -6.699999809265137
vertex -22.25 -38.999977111816406 -8.199999809265137
vertex -22.25 -38.999977111816406 -6.699999809265137
endloop
endfacet
facet normal -0.8314692504297169 0 -0.5555707746001806
outer loop
vertex -12.826120376586914 -38.999977111816406 -6.31731653213501
vertex -12.826120376586914 -40.19997787475586 -6.31731653213501
vertex -13.042893409729004 -38.999977111816406 -5.992893218994141
endloop
endfacet
facet normal -0.9807853098383859 0 -0.19509017403555012
outer loop
vertex -12.826120376586914 -38.999977111816406 -6.31731653213501
vertex -12.75 -40.19997787475586 -6.699999809265137
vertex -12.826120376586914 -40.19997787475586 -6.31731653213501
endloop
endfacet
facet normal -0.9807853098383859 0 -0.19509017403555012
outer loop
vertex -12.75 -38.999977111816406 -6.699999809265137
vertex -12.75 -40.19997787475586 -6.699999809265137
vertex -12.826120376586914 -38.999977111816406 -6.31731653213501
endloop
endfacet
facet normal 1 0 0
outer loop
vertex -22.25 -40.19997787475586 -8.199999809265137
vertex -22.25 -38.999977111816406 -8.199999809265137
vertex -22.25 -40.19997787475586 -6.699999809265137
endloop
endfacet
facet normal 0.9807853563514094 0 0.1950899401984604
outer loop
vertex -22.25 -40.19997787475586 -8.199999809265137
vertex -22.173879623413086 -38.999977111816406 -8.582683563232422
vertex -22.25 -38.999977111816406 -8.199999809265137
endloop
endfacet
facet normal 0 0 -1
outer loop
vertex -21.25 -38.999977111816406 -5.699999809265137
vertex -13.75 -40.19997787475586 -5.699999809265137
vertex -21.25 -40.19997787475586 -5.699999809265137
endloop
endfacet
facet normal 0.9807853563514094 0 0.1950899401984604
outer loop
vertex -22.173879623413086 -40.19997787475586 -8.582683563232422
vertex -22.173879623413086 -38.999977111816406 -8.582683563232422
vertex -22.25 -40.19997787475586 -8.199999809265137
endloop
endfacet
facet normal -0.8314688732193027 0 0.5555713391342493
outer loop
vertex -12.826120376586914 -38.999977111816406 -8.582683563232422
vertex -13.042893409729004 -40.19997787475586 -8.907106399536133
vertex -12.826120376586914 -40.19997787475586 -8.582683563232422
endloop
endfacet
facet normal -0.8314688732193027 0 0.5555713391342493
outer loop
vertex -13.042893409729004 -38.999977111816406 -8.907106399536133
vertex -13.042893409729004 -40.19997787475586 -8.907106399536133
vertex -12.826120376586914 -38.999977111816406 -8.582683563232422
endloop
endfacet
facet normal -0.5555713391342493 0 0.8314688732193027
outer loop
vertex -13.042893409729004 -38.999977111816406 -8.907106399536133
vertex -13.367316246032715 -40.19997787475586 -9.123879432678223
vertex -13.042893409729004 -40.19997787475586 -8.907106399536133
endloop
endfacet
facet normal 0.19509158345481065 0 -0.9807850294866326
outer loop
vertex -21.25 -40.19997787475586 -5.699999809265137
vertex -21.63268280029297 -38.999977111816406 -5.776120662689209
vertex -21.25 -38.999977111816406 -5.699999809265137
endloop
endfacet
facet normal 0.19509158345481065 0 -0.9807850294866326
outer loop
vertex -21.63268280029297 -40.19997787475586 -5.776120662689209
vertex -21.63268280029297 -38.999977111816406 -5.776120662689209
vertex -21.25 -40.19997787475586 -5.699999809265137
endloop
endfacet
facet normal 0.5555682361196549 0 -0.8314709465849636
outer loop
vertex -21.63268280029297 -40.19997787475586 -5.776120662689209
vertex -21.957107543945312 -38.999977111816406 -5.992893218994141
vertex -21.63268280029297 -38.999977111816406 -5.776120662689209
endloop
endfacet
facet normal 0.5555682361196549 0 -0.8314709465849636
outer loop
vertex -21.957107543945312 -40.19997787475586 -5.992893218994141
vertex -21.957107543945312 -38.999977111816406 -5.992893218994141
vertex -21.63268280029297 -40.19997787475586 -5.776120662689209
endloop
endfacet
facet normal -0.5555713391342493 0 0.8314688732193027
outer loop
vertex -13.367316246032715 -38.999977111816406 -9.123879432678223
vertex -13.367316246032715 -40.19997787475586 -9.123879432678223
vertex -13.042893409729004 -38.999977111816406 -8.907106399536133
endloop
endfacet
facet normal -0.1950899401984604 0 0.9807853563514094
outer loop
vertex -13.367316246032715 -38.999977111816406 -9.123879432678223
vertex -13.75 -40.19997787475586 -9.199999809265137
vertex -13.367316246032715 -40.19997787475586 -9.123879432678223
endloop
endfacet
facet normal 0.831470379496779 0 -0.5555690848305744
outer loop
vertex -21.957107543945312 -40.19997787475586 -5.992893218994141
vertex -22.173879623413086 -38.999977111816406 -6.31731653213501
vertex -21.957107543945312 -38.999977111816406 -5.992893218994141
endloop
endfacet
facet normal 0.831470379496779 0 -0.5555690848305744
outer loop
vertex -22.173879623413086 -40.19997787475586 -6.31731653213501
vertex -22.173879623413086 -38.999977111816406 -6.31731653213501
vertex -21.957107543945312 -40.19997787475586 -5.992893218994141
endloop
endfacet
facet normal 0.9807853098383859 0 -0.19509017403555012
outer loop
vertex -22.173879623413086 -40.19997787475586 -6.31731653213501
vertex -22.25 -38.999977111816406 -6.699999809265137
vertex -22.173879623413086 -38.999977111816406 -6.31731653213501
endloop
endfacet
facet normal 0.9807853098383859 0 -0.19509017403555012
outer loop
vertex -22.25 -40.19997787475586 -6.699999809265137
vertex -22.25 -38.999977111816406 -6.699999809265137
vertex -22.173879623413086 -40.19997787475586 -6.31731653213501
endloop
endfacet
facet normal -0.1950899401984604 0 0.9807853563514094
outer loop
vertex -13.75 -38.999977111816406 -9.199999809265137
vertex -13.75 -40.19997787475586 -9.199999809265137
vertex -13.367316246032715 -38.999977111816406 -9.123879432678223
endloop
endfacet
facet normal 0 0 1
outer loop
vertex -21.25 -38.999977111816406 -9.199999809265137
vertex -21.25 -40.19997787475586 -9.199999809265137
vertex -13.75 -38.999977111816406 -9.199999809265137
endloop
endfacet
facet normal 0.5555690810033217 0 0.83147038205406
outer loop
vertex -21.957107543945312 -38.999977111816406 -8.907106399536133
vertex -21.957107543945312 -40.19997787475586 -8.907106399536133
vertex -21.63268280029297 -38.999977111816406 -9.123879432678223
endloop
endfacet
facet normal 0.5555690810033217 0 0.83147038205406
outer loop
vertex -21.957107543945312 -40.19997787475586 -8.907106399536133
vertex -21.63268280029297 -40.19997787475586 -9.123879432678223
vertex -21.63268280029297 -38.999977111816406 -9.123879432678223
endloop
endfacet
facet normal 0.8314700022881474 0 0.5555696493644593
outer loop
vertex -22.173879623413086 -40.19997787475586 -8.582683563232422
vertex -21.957107543945312 -38.999977111816406 -8.907106399536133
vertex -22.173879623413086 -38.999977111816406 -8.582683563232422
endloop
endfacet
facet normal 0.8314700022881474 0 0.5555696493644593
outer loop
vertex -22.173879623413086 -40.19997787475586 -8.582683563232422
vertex -21.957107543945312 -40.19997787475586 -8.907106399536133
vertex -21.957107543945312 -38.999977111816406 -8.907106399536133
endloop
endfacet
facet normal 0.19509040787318935 0 0.9807852633251952
outer loop
vertex -21.63268280029297 -40.19997787475586 -9.123879432678223
vertex -21.25 -38.999977111816406 -9.199999809265137
vertex -21.63268280029297 -38.999977111816406 -9.123879432678223
endloop
endfacet
facet normal 0.19509040787318935 0 0.9807852633251952
outer loop
vertex -21.25 -40.19997787475586 -9.199999809265137
vertex -21.25 -38.999977111816406 -9.199999809265137
vertex -21.63268280029297 -40.19997787475586 -9.123879432678223
endloop
endfacet
facet normal 0 0 1
outer loop
vertex -13.75 -38.999977111816406 -9.199999809265137
vertex -21.25 -40.19997787475586 -9.199999809265137
vertex -13.75 -40.19997787475586 -9.199999809265137
endloop
endfacet
facet normal -0.030738480521866264 -0.1147165135260268 0.9929225887951385
outer loop
vertex 36.44911575317383 -41.794097900390625 -0.4050999879837036
vertex 34.96384048461914 -42.2175178527832 -0.5
vertex 36.310813903808594 -42.57844161987305 -0.5
endloop
endfacet
facet normal 0.009265870475473848 -0.10590821106363409 0.9943327383092807
outer loop
vertex 38.099998474121094 -41.8685417175293 -0.4050999879837036
vertex 38.95088577270508 -41.794097900390625 -0.4050999879837036
vertex 38.8123893737793 -41.00864791870117 -0.32014966011047363
endloop
endfacet
facet normal -0.030738299338909692 -0.11471713426423219 0.9929225226874218
outer loop
vertex 35.236236572265625 -41.46910858154297 -0.4050999879837036
vertex 34.96384048461914 -42.2175178527832 -0.5
vertex 36.44911575317383 -41.794097900390625 -0.4050999879837036
endloop
endfacet
facet normal -0.2588212712285562 -0.9659252297976455 0
outer loop
vertex 34.96384048461914 -42.2175178527832 -0.5
vertex 34.96384048461914 -42.2175178527832 -1.5
vertex 36.310813903808594 -42.57844161987305 -0.5
endloop
endfacet
facet normal 0.25882058733748775 -0.9659254130471346 0
outer loop
vertex 39.08918380737305 -42.57844161987305 -1.5
vertex 40.436161041259766 -42.2175178527832 -1.5
vertex 40.436161041259766 -42.2175178527832 -0.5
endloop
endfacet
facet normal 0.08715346341544244 -0.9961948975048472 0
outer loop
vertex 39.08918380737305 -42.57844161987305 -1.5
vertex 39.08918380737305 -42.57844161987305 -0.5
vertex 38.099998474121094 -42.664981842041016 -1.5
endloop
endfacet
facet normal -0.08715346341544244 -0.9961948975048472 0
outer loop
vertex 36.310813903808594 -42.57844161987305 -0.5
vertex 36.310813903808594 -42.57844161987305 -1.5
vertex 37.29999923706055 -42.664981842041016 -0.5
endloop
endfacet
facet normal 0.050191579607739935 -0.10763611316511784 -0.9929225913832286
outer loop
vertex 40.163761138916016 -41.46910858154297 -1.5949000120162964
vertex 40.74091339111328 -41.19997787475586 -1.5949000120162964
vertex 41.45277786254883 -41.19997787475586 -1.5589157342910767
endloop
endfacet
facet normal 0.04492985548786129 -0.09635231741218338 -0.9943327104219903
outer loop
vertex 40.163761138916016 -41.46910858154297 -1.5949000120162964
vertex 40.0658073425293 -41.19997787475586 -1.6254053115844727
vertex 40.74091339111328 -41.19997787475586 -1.5949000120162964
endloop
endfacet
facet normal 0.05019158980055118 -0.10763653050107135 -0.9929225456272937
outer loop
vertex 40.436161041259766 -42.2175178527832 -1.5
vertex 40.163761138916016 -41.46910858154297 -1.5949000120162964
vertex 41.70000076293945 -41.62818145751953 -1.5
endloop
endfacet
facet normal 0.03073834974401115 -0.11471696157486275 -0.9929225410786314
outer loop
vertex 40.436161041259766 -42.2175178527832 -1.5
vertex 38.95088577270508 -41.794097900390625 -1.5949000120162964
vertex 40.163761138916016 -41.46910858154297 -1.5949000120162964
endloop
endfacet
facet normal 0.06812082435513186 -0.09728619810712637 -0.9929224284640963
outer loop
vertex 41.70000076293945 -41.62818145751953 -1.5
vertex 42.20000076293945 -41.19997787475586 -1.5076520442962646
vertex 42.20000076293945 -41.278076171875 -1.5
endloop
endfacet
facet normal 0.027515835928854173 -0.10269038901691817 -0.9943327223704802
outer loop
vertex 38.95088577270508 -41.794097900390625 -1.5949000120162964
vertex 40.0658073425293 -41.19997787475586 -1.6254053115844727
vertex 40.163761138916016 -41.46910858154297 -1.5949000120162964
endloop
endfacet
facet normal 1 0 0
outer loop
vertex 42.20000076293945 -41.278076171875 -1.5
vertex 42.20000076293945 -41.19997787475586 -1.5076520442962646
vertex 42.20000076293945 -41.19997787475586 -1
endloop
endfacet
facet normal 0.030738435134828112 -0.11471666902338 -0.9929225722349362
outer loop
vertex 39.08918380737305 -42.57844161987305 -1.5
vertex 38.95088577270508 -41.794097900390625 -1.5949000120162964
vertex 40.436161041259766 -42.2175178527832 -1.5
endloop
endfacet
facet normal 0.027515762057422326 -0.10269025122592364 -0.9943327386451459
outer loop
vertex 38.95088577270508 -41.794097900390625 -1.5949000120162964
vertex 38.846126556396484 -41.19997787475586 -1.6591570377349854
vertex 40.0658073425293 -41.19997787475586 -1.6254053115844727
endloop
endfacet
facet normal 0.01035102485037157 -0.11831144493977097 -0.9929225842334389
outer loop
vertex 39.08918380737305 -42.57844161987305 -1.5
vertex 38.099998474121094 -41.8685417175293 -1.5949000120162964
vertex 38.95088577270508 -41.794097900390625 -1.5949000120162964
endloop
endfacet
facet normal 0.009265862942902197 -0.10590812496689979 -0.9943327475497922
outer loop
vertex 38.099998474121094 -41.19997787475586 -1.6661099195480347
vertex 38.95088577270508 -41.794097900390625 -1.5949000120162964
vertex 38.099998474121094 -41.8685417175293 -1.5949000120162964
endloop
endfacet
facet normal 0.00926580594504671 -0.10590820563200387 -0.99433273948915
outer loop
vertex 38.95088577270508 -41.794097900390625 -1.5949000120162964
vertex 38.099998474121094 -41.19997787475586 -1.6661099195480347
vertex 38.846126556396484 -41.19997787475586 -1.6591570377349854
endloop
endfacet
facet normal 0.010350678969440938 -0.11831191981339857 -0.9929225312555555
outer loop
vertex 38.099998474121094 -41.8685417175293 -1.5949000120162964
vertex 39.08918380737305 -42.57844161987305 -1.5
vertex 38.099998474121094 -42.664981842041016 -1.5
endloop
endfacet
facet normal -0.08715346341544244 -0.9961948975048472 0
outer loop
vertex 36.310813903808594 -42.57844161987305 -1.5
vertex 37.29999923706055 -42.664981842041016 -1.5
vertex 37.29999923706055 -42.664981842041016 -0.5
endloop
endfacet
facet normal 0.42261723351328206 -0.906308266506259 0
outer loop
vertex 41.70000076293945 -41.62818145751953 -0.5
vertex 40.436161041259766 -42.2175178527832 -1.5
vertex 41.70000076293945 -41.62818145751953 -1.5
endloop
endfacet
facet normal -0.2588212712285562 -0.9659252297976455 0
outer loop
vertex 34.96384048461914 -42.2175178527832 -1.5
vertex 36.310813903808594 -42.57844161987305 -1.5
vertex 36.310813903808594 -42.57844161987305 -0.5
endloop
endfacet
facet normal 0.5735781035076711 -0.8191508769308272 0
outer loop
vertex 41.70000076293945 -41.62818145751953 -1.5
vertex 42.20000076293945 -41.278076171875 -1.5
vertex 42.20000076293945 -41.278076171875 -0.5
endloop
endfacet
facet normal -0.0092659044802313 -0.10590812492613437 -0.9943327471670605
outer loop
vertex 37.29999923706055 -41.8685417175293 -1.5949000120162964
vertex 36.44911575317383 -41.794097900390625 -1.5949000120162964
vertex 37.29999923706055 -41.19997787475586 -1.6661099195480347
endloop
endfacet
facet normal -0.009265853322310233 -0.10590819732606105 -0.9943327399323396
outer loop
vertex 36.44911575317383 -41.794097900390625 -1.5949000120162964
vertex 36.55387496948242 -41.19997787475586 -1.6591570377349854
vertex 37.29999923706055 -41.19997787475586 -1.6661099195480347
endloop
endfacet
facet normal -0.010351112756509179 -0.1183119192821111 -0.9929225267967715
outer loop
vertex 37.29999923706055 -42.664981842041016 -1.5
vertex 36.44911575317383 -41.794097900390625 -1.5949000120162964
vertex 37.29999923706055 -41.8685417175293 -1.5949000120162964
endloop
endfacet
facet normal -0.010350638992505296 -0.11831146286289146 -0.992922586120232
outer loop
vertex 36.310813903808594 -42.57844161987305 -1.5
vertex 36.44911575317383 -41.794097900390625 -1.5949000120162964
vertex 37.29999923706055 -42.664981842041016 -1.5
endloop
endfacet
facet normal -0.044929858244803354 -0.09635168648220108 -0.9943327714352663
outer loop
vertex 35.236236572265625 -41.46910858154297 -1.5949000120162964
vertex 34.659088134765625 -41.19997787475586 -1.5949000120162964
vertex 35.33419418334961 -41.19997787475586 -1.6254053115844727
endloop
endfacet
facet normal -0.027515762688915563 -0.1026900300925275 -0.9943327614653171
outer loop
vertex 36.55387496948242 -41.19997787475586 -1.6591570377349854
vertex 35.236236572265625 -41.46910858154297 -1.5949000120162964
vertex 35.33419418334961 -41.19997787475586 -1.6254053115844727
endloop
endfacet
facet normal -0.027515714715842476 -0.10269025962142168 -0.9943327390881591
outer loop
vertex 36.44911575317383 -41.794097900390625 -1.5949000120162964
vertex 35.236236572265625 -41.46910858154297 -1.5949000120162964
vertex 36.55387496948242 -41.19997787475586 -1.6591570377349854
endloop
endfacet
facet normal -0.030738148798137778 -0.11471657243725038 -0.9929225922581844
outer loop
vertex 36.310813903808594 -42.57844161987305 -1.5
vertex 35.236236572265625 -41.46910858154297 -1.5949000120162964
vertex 36.44911575317383 -41.794097900390625 -1.5949000120162964
endloop
endfacet
facet normal -0.030738616077292388 -0.11471701942110067 -0.9929225261503496
outer loop
vertex 34.96384048461914 -42.2175178527832 -1.5
vertex 35.236236572265625 -41.46910858154297 -1.5949000120162964
vertex 36.310813903808594 -42.57844161987305 -1.5
endloop
endfacet
facet normal -0.044929891497763864 -0.0963517703153302 0.9943327618091947
outer loop
vertex 35.08116149902344 -40.52012634277344 -0.32014966011047363
vertex 34.31768035888672 -40.558326721191406 -0.3583499491214752
vertex 34.09822082519531 -40.93844223022461 -0.4050999879837036
endloop
endfacet
facet normal -0.04492992894358144 -0.09635168368783294 0.9943327685114499
outer loop
vertex 34.09822082519531 -40.93844223022461 -0.4050999879837036
vertex 35.5090217590332 -40.719642639160156 -0.32014966011047363
vertex 35.08116149902344 -40.52012634277344 -0.32014966011047363
endloop
endfacet
facet normal -0.04492984564579062 -0.09635220271894271 0.9943327219806523
outer loop
vertex 34.09822082519531 -40.93844223022461 -0.4050999879837036
vertex 35.236236572265625 -41.46910858154297 -0.4050999879837036
vertex 35.5090217590332 -40.719642639160156 -0.32014966011047363
endloop
endfacet
facet normal -0.06097819529910943 -0.08708628848373769 0.9943327602247605
outer loop
vertex 34.31768035888672 -40.558326721191406 -0.3583499491214752
vertex 33.622127532958984 -40.605079650878906 -0.4050999879837036
vertex 34.09822082519531 -40.93844223022461 -0.4050999879837036
endloop
endfacet
facet normal -0.06812001272967624 -0.0972859077083757 0.9929225125995816
outer loop
vertex 33.622127532958984 -40.605079650878906 -0.4050999879837036
vertex 33.20000076293945 -41.278076171875 -0.5
vertex 34.09822082519531 -40.93844223022461 -0.4050999879837036
endloop
endfacet
facet normal 0.06812006781441063 -0.09728531718798292 -0.992922566679091
outer loop
vertex 42.20000076293945 -41.19997787475586 -1.5076520442962646
vertex 41.70000076293945 -41.62818145751953 -1.5
vertex 41.45277786254883 -41.19997787475586 -1.5589157342910767
endloop
endfacet
facet normal 0.050191616130828544 -0.10763629091773538 -0.9929225702680187
outer loop
vertex 41.70000076293945 -41.62818145751953 -1.5
vertex 40.163761138916016 -41.46910858154297 -1.5949000120162964
vertex 41.45277786254883 -41.19997787475586 -1.5589157342910767
endloop
endfacet
facet normal 1 0 0
outer loop
vertex 42.20000076293945 -41.278076171875 -0.5
vertex 42.20000076293945 -41.278076171875 -1.5
vertex 42.20000076293945 -41.19997787475586 -1
endloop
endfacet
facet normal -0.06812022877494717 -0.09728534753415716 0.9929225526629996
outer loop
vertex 33.20000076293945 -41.278076171875 -0.5
vertex 33.70000076293945 -41.62818145751953 -0.5
vertex 34.09822082519531 -40.93844223022461 -0.4050999879837036
endloop
endfacet
facet normal -0.05019173482004852 -0.10763634147160292 0.9929225587881275
outer loop
vertex 34.09822082519531 -40.93844223022461 -0.4050999879837036
vertex 33.70000076293945 -41.62818145751953 -0.5
vertex 35.236236572265625 -41.46910858154297 -0.4050999879837036
endloop
endfacet
facet normal -0.050191690348207155 -0.1076367461268541 0.9929225171700019
outer loop
vertex 33.70000076293945 -41.62818145751953 -0.5
vertex 34.96384048461914 -42.2175178527832 -0.5
vertex 35.236236572265625 -41.46910858154297 -0.4050999879837036
endloop
endfacet
facet normal -0.42261723351328206 -0.906308266506259 0
outer loop
vertex 33.70000076293945 -41.62818145751953 -0.5
vertex 33.70000076293945 -41.62818145751953 -1.5
vertex 34.96384048461914 -42.2175178527832 -0.5
endloop
endfacet
facet normal 0.044929772443534625 -0.09635204573646242 0.9943327405001662
outer loop
vertex 40.3188362121582 -40.52012634277344 -0.32014966011047363
vertex 40.163761138916016 -41.46910858154297 -0.4050999879837036
vertex 41.30177688598633 -40.93844223022461 -0.4050999879837036
endloop
endfacet
facet normal 0.03966134730220909 -0.08505251641267583 0.9955867852588467
outer loop
vertex 39.810298919677734 -40.49797821044922 -0.2979988753795624
vertex 39.8909797668457 -40.719642639160156 -0.32014966011047363
vertex 40.3188362121582 -40.52012634277344 -0.32014966011047363
endloop
endfacet
facet normal -0.06812055026925769 -0.09728557001032873 0.9929225088086074
outer loop
vertex 33.622127532958984 -40.605079650878906 -0.4050999879837036
vertex 33.20000076293945 -40.637184143066406 -0.4372060298919678
vertex 33.20000076293945 -41.278076171875 -0.5
endloop
endfacet
facet normal -1 0 0
outer loop
vertex 33.20000076293945 -40.637184143066406 -0.4372060298919678
vertex 33.20000076293945 -41.19997787475586 -1
vertex 33.20000076293945 -41.278076171875 -0.5
endloop
endfacet
facet normal -0.5735781035076711 -0.8191508769308272 0
outer loop
vertex 33.20000076293945 -41.278076171875 -0.5
vertex 33.20000076293945 -41.278076171875 -1.5
vertex 33.70000076293945 -41.62818145751953 -0.5
endloop
endfacet
facet normal -0.010351066279839425 -0.11831138805961072 0.9929225905790836
outer loop
vertex 36.44911575317383 -41.794097900390625 -0.4050999879837036
vertex 36.310813903808594 -42.57844161987305 -0.5
vertex 37.29999923706055 -41.8685417175293 -0.4050999879837036
endloop
endfacet
facet normal -0.42261723351328206 -0.906308266506259 0
outer loop
vertex 34.96384048461914 -42.2175178527832 -1.5
vertex 34.96384048461914 -42.2175178527832 -0.5
vertex 33.70000076293945 -41.62818145751953 -1.5
endloop
endfacet
facet normal -1 0 0
outer loop
vertex 33.20000076293945 -41.19997787475586 -1
vertex 33.20000076293945 -41.278076171875 -1.5
vertex 33.20000076293945 -41.278076171875 -0.5
endloop
endfacet
facet normal -0.5735781035076711 -0.8191508769308272 0
outer loop
vertex 33.70000076293945 -41.62818145751953 -1.5
vertex 33.70000076293945 -41.62818145751953 -0.5
vertex 33.20000076293945 -41.278076171875 -1.5
endloop
endfacet
facet normal -0.05019213137230826 -0.10763658499673641 -0.9929225123435088
outer loop
vertex 34.96384048461914 -42.2175178527832 -1.5
vertex 34.659088134765625 -41.19997787475586 -1.5949000120162964
vertex 35.236236572265625 -41.46910858154297 -1.5949000120162964
endloop
endfacet
facet normal -0.05019153390663815 -0.10763641063583297 -0.9929225614465276
outer loop
vertex 33.70000076293945 -41.62818145751953 -1.5
vertex 34.659088134765625 -41.19997787475586 -1.5949000120162964
vertex 34.96384048461914 -42.2175178527832 -1.5
endloop
endfacet
facet normal -0.0501915785178297 -0.10763631257218294 -0.992922569821913
outer loop
vertex 34.659088134765625 -41.19997787475586 -1.5949000120162964
vertex 33.70000076293945 -41.62818145751953 -1.5
vertex 33.94722366333008 -41.19997787475586 -1.5589157342910767
endloop
endfacet
facet normal 0.024288786752211557 -0.09064778074408432 0.9955867790827067
outer loop
vertex 39.8909797668457 -40.719642639160156 -0.32014966011047363
vertex 39.810298919677734 -40.49797821044922 -0.2979988753795624
vertex 38.71717071533203 -40.46863555908203 -0.2686587870121002
endloop
endfacet
facet normal 0.04493055609715403 -0.09635216955100755 0.9943326930920126
outer loop
vertex 39.8909797668457 -40.719642639160156 -0.32014966011047363
vertex 40.163761138916016 -41.46910858154297 -0.4050999879837036
vertex 40.3188362121582 -40.52012634277344 -0.32014966011047363
endloop
endfacet
facet normal 0.027515879126116617 -0.10269055023112574 0.9943327045255755
outer loop
vertex 39.8909797668457 -40.719642639160156 -0.32014966011047363
vertex 38.95088577270508 -41.794097900390625 -0.4050999879837036
vertex 40.163761138916016 -41.46910858154297 -0.4050999879837036
endloop
endfacet
facet normal 0.024288801362693627 -0.09064771360061473 0.9955867848396464
outer loop
vertex 38.71717071533203 -40.46863555908203 -0.2686587870121002
vertex 38.8123893737793 -41.00864791870117 -0.32014966011047363
vertex 39.8909797668457 -40.719642639160156 -0.32014966011047363
endloop
endfacet
facet normal -0.06812016722441129 -0.09728525963126279 -0.9929225654983354
outer loop
vertex 33.20000076293945 -41.278076171875 -1.5
vertex 33.94722366333008 -41.19997787475586 -1.5589157342910767
vertex 33.70000076293945 -41.62818145751953 -1.5
endloop
endfacet
facet normal -1 0 0
outer loop
vertex 33.20000076293945 -41.19997787475586 -1
vertex 33.20000076293945 -41.19997787475586 -1.5076520442962646
vertex 33.20000076293945 -41.278076171875 -1.5
endloop
endfacet
facet normal -0.06812006188671474 -0.09728620318369842 -0.9929224802766077
outer loop
vertex 33.20000076293945 -41.278076171875 -1.5
vertex 33.20000076293945 -41.19997787475586 -1.5076520442962646
vertex 33.94722366333008 -41.19997787475586 -1.5589157342910767
endloop
endfacet
facet normal -0.010350678969440938 -0.11831191981339857 0.9929225312555555
outer loop
vertex 37.29999923706055 -41.8685417175293 -0.4050999879837036
vertex 36.310813903808594 -42.57844161987305 -0.5
vertex 37.29999923706055 -42.664981842041016 -0.5
endloop
endfacet
facet normal -0.0275157154434847 -0.1026902623370251 0.994332738787568
outer loop
vertex 35.236236572265625 -41.46910858154297 -0.4050999879837036
vertex 36.44911575317383 -41.794097900390625 -0.4050999879837036
vertex 36.58761215209961 -41.00864791870117 -0.32014966011047363
endloop
endfacet
facet normal 0.5735781035076711 -0.8191508769308272 0
outer loop
vertex 41.70000076293945 -41.62818145751953 -0.5
vertex 41.70000076293945 -41.62818145751953 -1.5
vertex 42.20000076293945 -41.278076171875 -0.5
endloop
endfacet
facet normal 0.05019145045552024 -0.107636231673803 0.9929225850650365
outer loop
vertex 41.30177688598633 -40.93844223022461 -0.4050999879837036
vertex 40.436161041259766 -42.2175178527832 -0.5
vertex 41.70000076293945 -41.62818145751953 -0.5
endloop
endfacet
facet normal -0.03966104510452103 -0.08505262666758792 0.9955867878784657
outer loop
vertex 35.58970260620117 -40.49797821044922 -0.2979988753795624
vertex 35.08116149902344 -40.52012634277344 -0.32014966011047363
vertex 35.5090217590332 -40.719642639160156 -0.32014966011047363
endloop
endfacet
facet normal -0.02751563263342054 -0.10269050124165631 0.9943327164060931
outer loop
vertex 35.5090217590332 -40.719642639160156 -0.32014966011047363
vertex 35.236236572265625 -41.46910858154297 -0.4050999879837036
vertex 36.58761215209961 -41.00864791870117 -0.32014966011047363
endloop
endfacet
facet normal 1 0 0
outer loop
vertex 42.20000076293945 -41.278076171875 -0.5
vertex 42.20000076293945 -41.19997787475586 -1
vertex 42.20000076293945 -40.637184143066406 -0.4372060298919678
endloop
endfacet
facet normal 0.06811961075357942 -0.09728533362437468 0.9929225964255094
outer loop
vertex 41.30177688598633 -40.93844223022461 -0.4050999879837036
vertex 41.70000076293945 -41.62818145751953 -0.5
vertex 41.777870178222656 -40.605079650878906 -0.4050999879837036
endloop
endfacet
facet normal 0.06812024997210528 -0.09728537780670513 0.9929225482426837
outer loop
vertex 41.777870178222656 -40.605079650878906 -0.4050999879837036
vertex 41.70000076293945 -41.62818145751953 -0.5
vertex 42.20000076293945 -41.278076171875 -0.5
endloop
endfacet
facet normal 0.06811993753602048 -0.09728557408991427 0.992922550445947
outer loop
vertex 41.777870178222656 -40.605079650878906 -0.4050999879837036
vertex 42.20000076293945 -41.278076171875 -0.5
vertex 42.20000076293945 -40.637184143066406 -0.4372060298919678
endloop
endfacet
facet normal 0.02751557527983731 -0.10269028719358086 0.9943327400991679
outer loop
vertex 38.8123893737793 -41.00864791870117 -0.32014966011047363
vertex 38.95088577270508 -41.794097900390625 -0.4050999879837036
vertex 39.8909797668457 -40.719642639160156 -0.32014966011047363
endloop
endfacet
facet normal 0.008179086658464795 -0.09348785530194098 0.9955868236635501
outer loop
vertex 38.099998474121094 -40.46303939819336 -0.2630630135536194
vertex 38.099998474121094 -41.07097625732422 -0.32014966011047363
vertex 38.71717071533203 -40.46863555908203 -0.2686587870121002
endloop
endfacet
facet normal 0.06097849698925206 -0.08708671934389459 0.9943327039873775
outer loop
vertex 41.30177688598633 -40.93844223022461 -0.4050999879837036
vertex 41.777870178222656 -40.605079650878906 -0.4050999879837036
vertex 41.08232116699219 -40.558326721191406 -0.3583499491214752
endloop
endfacet
facet normal 0.04492963502542008 -0.09635236364075064 0.99433271590415
outer loop
vertex 41.30177688598633 -40.93844223022461 -0.4050999879837036
vertex 41.08232116699219 -40.558326721191406 -0.3583499491214752
vertex 40.3188362121582 -40.52012634277344 -0.32014966011047363
endloop
endfacet
facet normal -0.024288816462904723 -0.09064776995578805 0.9955867793401407
outer loop
vertex 35.58970260620117 -40.49797821044922 -0.2979988753795624
vertex 35.5090217590332 -40.719642639160156 -0.32014966011047363
vertex 36.58761215209961 -41.00864791870117 -0.32014966011047363
endloop
endfacet
facet normal 0.008179449941048649 -0.09348822431243614 0.9955867860280034
outer loop
vertex 38.099998474121094 -41.07097625732422 -0.32014966011047363
vertex 38.8123893737793 -41.00864791870117 -0.32014966011047363
vertex 38.71717071533203 -40.46863555908203 -0.2686587870121002
endloop
endfacet
facet normal 0.009266113974887503 -0.1059084104716486 0.9943327148008223
outer loop
vertex 38.099998474121094 -41.07097625732422 -0.32014966011047363
vertex 38.099998474121094 -41.8685417175293 -0.4050999879837036
vertex 38.8123893737793 -41.00864791870117 -0.32014966011047363
endloop
endfacet
facet normal -0.024288788651439904 -0.09064771585197334 0.9955867849447709
outer loop
vertex 36.682830810546875 -40.46863555908203 -0.2686587870121002
vertex 35.58970260620117 -40.49797821044922 -0.2979988753795624
vertex 36.58761215209961 -41.00864791870117 -0.32014966011047363
endloop
endfacet
facet normal -0.009265929478457342 -0.10590841065271965 0.9943327165008277
outer loop
vertex 36.44911575317383 -41.794097900390625 -0.4050999879837036
vertex 37.29999923706055 -41.8685417175293 -0.4050999879837036
vertex 37.29999923706055 -41.07097625732422 -0.32014966011047363
endloop
endfacet
facet normal -0.009266141981937422 -0.1059081634642787 0.9943327408490551
outer loop
vertex 36.58761215209961 -41.00864791870117 -0.32014966011047363
vertex 36.44911575317383 -41.794097900390625 -0.4050999879837036
vertex 37.29999923706055 -41.07097625732422 -0.32014966011047363
endloop
endfacet
facet normal -0.008179461429818647 -0.09348785501534809 0.9955868206115163
outer loop
vertex 36.58761215209961 -41.00864791870117 -0.32014966011047363
vertex 37.29999923706055 -41.07097625732422 -0.32014966011047363
vertex 37.29999923706055 -40.46303939819336 -0.2630630135536194
endloop
endfacet
facet normal -0.00817913299765836 -0.09348827994818783 0.9955867834075219
outer loop
vertex 36.682830810546875 -40.46863555908203 -0.2686587870121002
vertex 36.58761215209961 -41.00864791870117 -0.32014966011047363
vertex 37.29999923706055 -40.46303939819336 -0.2630630135536194
endloop
endfacet
facet normal 0.08715346341544244 -0.9961948975048472 0
outer loop
vertex 38.099998474121094 -42.664981842041016 -0.5
vertex 38.099998474121094 -42.664981842041016 -1.5
vertex 39.08918380737305 -42.57844161987305 -0.5
endloop
endfacet
facet normal 0.010351066355380807 -0.11831191933894265 0.9929225272737253
outer loop
vertex 38.099998474121094 -41.8685417175293 -0.4050999879837036
vertex 38.099998474121094 -42.664981842041016 -0.5
vertex 38.95088577270508 -41.794097900390625 -0.4050999879837036
endloop
endfacet
facet normal 0.010350643268564422 -0.11831151173975897 0.9929225802517435
outer loop
vertex 38.95088577270508 -41.794097900390625 -0.4050999879837036
vertex 38.099998474121094 -42.664981842041016 -0.5
vertex 39.08918380737305 -42.57844161987305 -0.5
endloop
endfacet
facet normal 0.030738278794330765 -0.11471669678733101 0.9929225738671498
outer loop
vertex 38.95088577270508 -41.794097900390625 -0.4050999879837036
vertex 39.08918380737305 -42.57844161987305 -0.5
vertex 40.163761138916016 -41.46910858154297 -0.4050999879837036
endloop
endfacet
facet normal 0.25882058733748775 -0.9659254130471346 0
outer loop
vertex 39.08918380737305 -42.57844161987305 -0.5
vertex 39.08918380737305 -42.57844161987305 -1.5
vertex 40.436161041259766 -42.2175178527832 -0.5
endloop
endfacet
facet normal 0.42261723351328206 -0.906308266506259 0
outer loop
vertex 40.436161041259766 -42.2175178527832 -0.5
vertex 40.436161041259766 -42.2175178527832 -1.5
vertex 41.70000076293945 -41.62818145751953 -0.5
endloop
endfacet
facet normal 0.03073849902122091 -0.11471690744912112 0.9929225427107757
outer loop
vertex 40.163761138916016 -41.46910858154297 -0.4050999879837036
vertex 39.08918380737305 -42.57844161987305 -0.5
vertex 40.436161041259766 -42.2175178527832 -0.5
endloop
endfacet
facet normal 0.05019178902429638 -0.1076364577127919 0.9929225434471628
outer loop
vertex 40.163761138916016 -41.46910858154297 -0.4050999879837036
vertex 40.436161041259766 -42.2175178527832 -0.5
vertex 41.30177688598633 -40.93844223022461 -0.4050999879837036
endloop
endfacet
facet normal 0.044929772443534625 -0.09635204573646242 0.9943327405001662
outer loop
vertex -35.08116149902344 -40.52012634277344 -0.32014966011047363
vertex -35.236236572265625 -41.46910858154297 -0.4050999879837036
vertex -34.09822082519531 -40.93844223022461 -0.4050999879837036
endloop
endfacet
facet normal 0.06812006781441063 -0.09728531718798292 -0.992922566679091
outer loop
vertex -33.70000076293945 -41.62818145751953 -1.5
vertex -33.94722366333008 -41.19997787475586 -1.5589157342910767
vertex -33.20000076293945 -41.19997787475586 -1.5076520442962646
endloop
endfacet
facet normal 0.08715346341544244 -0.9961948975048472 0
outer loop
vertex -37.29999923706055 -42.664981842041016 -0.5
vertex -37.29999923706055 -42.664981842041016 -1.5
vertex -36.310813903808594 -42.57844161987305 -0.5
endloop
endfacet
facet normal -0.00817941763352416 -0.09348785504884041 0.9955868209681883
outer loop
vertex -38.8123893737793 -41.00864791870117 -0.32014966011047363
vertex -38.099998474121094 -41.07097625732422 -0.32014966011047363
vertex -38.099998474121094 -40.46303939819336 -0.2630630135536194
endloop
endfacet
facet normal -0.009266093113356001 -0.10590817203171062 0.9943327403919255
outer loop
vertex -38.8123893737793 -41.00864791870117 -0.32014966011047363
vertex -38.95088577270508 -41.794097900390625 -0.4050999879837036
vertex -38.099998474121094 -41.07097625732422 -0.32014966011047363
endloop
endfacet
facet normal -0.010351066355380807 -0.11831191933894265 -0.9929225272737253
outer loop
vertex -38.099998474121094 -42.664981842041016 -1.5
vertex -38.95088577270508 -41.794097900390625 -1.5949000120162964
vertex -38.099998474121094 -41.8685417175293 -1.5949000120162964
endloop
endfacet
facet normal 0.010351112756509179 -0.1183119192821111 0.9929225267967715
outer loop
vertex -37.29999923706055 -41.8685417175293 -0.4050999879837036
vertex -37.29999923706055 -42.664981842041016 -0.5
vertex -36.44911575317383 -41.794097900390625 -0.4050999879837036
endloop
endfacet
facet normal 0.010350638992505296 -0.11831146286289146 0.992922586120232
outer loop
vertex -36.44911575317383 -41.794097900390625 -0.4050999879837036
vertex -37.29999923706055 -42.664981842041016 -0.5
vertex -36.310813903808594 -42.57844161987305 -0.5
endloop
endfacet
facet normal 0.2588212712285562 -0.9659252297976455 0
outer loop
vertex -36.310813903808594 -42.57844161987305 -0.5
vertex -36.310813903808594 -42.57844161987305 -1.5
vertex -34.96384048461914 -42.2175178527832 -0.5
endloop
endfacet
facet normal 0.030738148798137778 -0.11471657243725038 0.9929225922581844
outer loop
vertex -36.44911575317383 -41.794097900390625 -0.4050999879837036
vertex -36.310813903808594 -42.57844161987305 -0.5
vertex -35.236236572265625 -41.46910858154297 -0.4050999879837036
endloop
endfacet
facet normal 0.030738616077292388 -0.11471701942110067 0.9929225261503496
outer loop
vertex -35.236236572265625 -41.46910858154297 -0.4050999879837036
vertex -36.310813903808594 -42.57844161987305 -0.5
vertex -34.96384048461914 -42.2175178527832 -0.5
endloop
endfacet
facet normal 0.009265911388858374 -0.1059082038908745 0.9943327386920048
outer loop
vertex -37.29999923706055 -41.8685417175293 -0.4050999879837036
vertex -36.44911575317383 -41.794097900390625 -0.4050999879837036
vertex -36.58761215209961 -41.00864791870117 -0.32014966011047363
endloop
endfacet
facet normal 0.009266163588904103 -0.10590841042295511 0.9943327143436581
outer loop
vertex -37.29999923706055 -41.07097625732422 -0.32014966011047363
vertex -37.29999923706055 -41.8685417175293 -0.4050999879837036
vertex -36.58761215209961 -41.00864791870117 -0.32014966011047363
endloop
endfacet
facet normal 0.008179493077939174 -0.09348821674025246 0.9955867863846504
outer loop
vertex -37.29999923706055 -41.07097625732422 -0.32014966011047363
vertex -36.58761215209961 -41.00864791870117 -0.32014966011047363
vertex -36.682830810546875 -40.46863555908203 -0.2686587870121002
endloop
endfacet
facet normal -0.024288788651439904 -0.09064771585197334 0.9955867849447709
outer loop
vertex -38.71717071533203 -40.46863555908203 -0.2686587870121002
vertex -39.810298919677734 -40.49797821044922 -0.2979988753795624
vertex -38.8123893737793 -41.00864791870117 -0.32014966011047363
endloop
endfacet
facet normal -0.009265887941016196 -0.10590841069348539 0.9943327168835613
outer loop
vertex -38.95088577270508 -41.794097900390625 -0.4050999879837036
vertex -38.099998474121094 -41.8685417175293 -0.4050999879837036
vertex -38.099998474121094 -41.07097625732422 -0.32014966011047363
endloop
endfacet
facet normal 0.06097819529910943 -0.08708628848373769 0.9943327602247605
outer loop
vertex -34.09822082519531 -40.93844223022461 -0.4050999879837036
vertex -33.622127532958984 -40.605079650878906 -0.4050999879837036
vertex -34.31768035888672 -40.558326721191406 -0.3583499491214752
endloop
endfacet
facet normal -0.027515798059301662 -0.10269024768597372 0.9943327380144704
outer loop
vertex -38.8123893737793 -41.00864791870117 -0.32014966011047363
vertex -40.163761138916016 -41.46910858154297 -0.4050999879837036
vertex -38.95088577270508 -41.794097900390625 -0.4050999879837036
endloop
endfacet
facet normal -0.030738278794330765 -0.11471669678733101 -0.9929225738671498
outer loop
vertex -39.08918380737305 -42.57844161987305 -1.5
vertex -40.163761138916016 -41.46910858154297 -1.5949000120162964
vertex -38.95088577270508 -41.794097900390625 -1.5949000120162964
endloop
endfacet
facet normal -0.03966134730220909 -0.08505251641267583 0.9955867852588467
outer loop
vertex -39.810298919677734 -40.49797821044922 -0.2979988753795624
vertex -40.3188362121582 -40.52012634277344 -0.32014966011047363
vertex -39.8909797668457 -40.719642639160156 -0.32014966011047363
endloop
endfacet
facet normal 0.00817913720974205 -0.09348785526328447 0.9955868232518826
outer loop
vertex -37.29999923706055 -40.46303939819336 -0.2630630135536194
vertex -37.29999923706055 -41.07097625732422 -0.32014966011047363
vertex -36.682830810546875 -40.46863555908203 -0.2686587870121002
endloop
endfacet
facet normal 0.02751557527983731 -0.10269028719358086 0.9943327400991679
outer loop
vertex -36.58761215209961 -41.00864791870117 -0.32014966011047363
vertex -36.44911575317383 -41.794097900390625 -0.4050999879837036
vertex -35.5090217590332 -40.719642639160156 -0.32014966011047363
endloop
endfacet
facet normal 0.024288801362693627 -0.09064771360061473 0.9955867848396464
outer loop
vertex -36.682830810546875 -40.46863555908203 -0.2686587870121002
vertex -36.58761215209961 -41.00864791870117 -0.32014966011047363
vertex -35.5090217590332 -40.719642639160156 -0.32014966011047363
endloop
endfacet
facet normal 0.024288786752211557 -0.09064778074408432 0.9955867790827067
outer loop
vertex -35.58970260620117 -40.49797821044922 -0.2979988753795624
vertex -36.682830810546875 -40.46863555908203 -0.2686587870121002
vertex -35.5090217590332 -40.719642639160156 -0.32014966011047363
endloop
endfacet
facet normal -0.00926580594504671 -0.10590820563200387 -0.99433273948915
outer loop
vertex -38.95088577270508 -41.794097900390625 -1.5949000120162964
vertex -38.846126556396484 -41.19997787475586 -1.6591570377349854
vertex -38.099998474121094 -41.19997787475586 -1.6661099195480347
endloop
endfacet
facet normal -0.009265862942902197 -0.10590812496689979 -0.9943327475497922
outer loop
vertex -38.099998474121094 -41.8685417175293 -1.5949000120162964
vertex -38.95088577270508 -41.794097900390625 -1.5949000120162964
vertex -38.099998474121094 -41.19997787475586 -1.6661099195480347
endloop
endfacet
facet normal -0.42261723351328206 -0.906308266506259 0
outer loop
vertex -40.436161041259766 -42.2175178527832 -0.5
vertex -41.70000076293945 -41.62818145751953 -1.5
vertex -40.436161041259766 -42.2175178527832 -1.5
endloop
endfacet
facet normal -0.25882058733748775 -0.9659254130471346 0
outer loop
vertex -40.436161041259766 -42.2175178527832 -1.5
vertex -39.08918380737305 -42.57844161987305 -1.5
vertex -39.08918380737305 -42.57844161987305 -0.5
endloop
endfacet
facet normal -0.08715346341544244 -0.9961948975048472 0
outer loop
vertex -39.08918380737305 -42.57844161987305 -1.5
vertex -38.099998474121094 -42.664981842041016 -1.5
vertex -38.099998474121094 -42.664981842041016 -0.5
endloop
endfacet
facet normal -0.010350643268564422 -0.11831151173975897 -0.9929225802517435
outer loop
vertex -38.95088577270508 -41.794097900390625 -1.5949000120162964
vertex -38.099998474121094 -42.664981842041016 -1.5
vertex -39.08918380737305 -42.57844161987305 -1.5
endloop
endfacet
facet normal -0.027515761586896732 -0.10269041599209901 -0.994332721641837
outer loop
vertex -40.163761138916016 -41.46910858154297 -1.5949000120162964
vertex -40.0658073425293 -41.19997787475586 -1.6254053115844727
vertex -38.846126556396484 -41.19997787475586 -1.6591570377349854
endloop
endfacet
facet normal 0.010350678969440938 -0.11831191981339857 -0.9929225312555555
outer loop
vertex -37.29999923706055 -41.8685417175293 -1.5949000120162964
vertex -36.310813903808594 -42.57844161987305 -1.5
vertex -37.29999923706055 -42.664981842041016 -1.5
endloop
endfacet
facet normal 0.010351066279839425 -0.11831138805961072 -0.9929225905790836
outer loop
vertex -36.310813903808594 -42.57844161987305 -1.5
vertex -37.29999923706055 -41.8685417175293 -1.5949000120162964
vertex -36.44911575317383 -41.794097900390625 -1.5949000120162964
endloop
endfacet
facet normal -0.04492985548786129 -0.09635231741218338 -0.9943327104219903
outer loop
vertex -40.163761138916016 -41.46910858154297 -1.5949000120162964
vertex -40.74091339111328 -41.19997787475586 -1.5949000120162964
vertex -40.0658073425293 -41.19997787475586 -1.6254053115844727
endloop
endfacet
facet normal 0.027515766447171405 -0.10269045268577248 0.9943327177177748
outer loop
vertex -35.5090217590332 -40.719642639160156 -0.32014966011047363
vertex -36.44911575317383 -41.794097900390625 -0.4050999879837036
vertex -35.236236572265625 -41.46910858154297 -0.4050999879837036
endloop
endfacet
facet normal -0.03073849902122091 -0.11471690744912112 -0.9929225427107757
outer loop
vertex -40.436161041259766 -42.2175178527832 -1.5
vertex -40.163761138916016 -41.46910858154297 -1.5949000120162964
vertex -39.08918380737305 -42.57844161987305 -1.5
endloop
endfacet
facet normal 0.04493012364622459 -0.09635210122527238 0.9943327192537766
outer loop
vertex -35.5090217590332 -40.719642639160156 -0.32014966011047363
vertex -35.236236572265625 -41.46910858154297 -0.4050999879837036
vertex -35.08116149902344 -40.52012634277344 -0.32014966011047363
endloop
endfacet
facet normal 0.044929891497763864 -0.0963517703153302 0.9943327618091947
outer loop
vertex -35.08116149902344 -40.52012634277344 -0.32014966011047363
vertex -34.09822082519531 -40.93844223022461 -0.4050999879837036
vertex -34.31768035888672 -40.558326721191406 -0.3583499491214752
endloop
endfacet
facet normal -0.02751579733167336 -0.1026902449704308 -0.9943327383150549
outer loop
vertex -38.95088577270508 -41.794097900390625 -1.5949000120162964
vertex -40.163761138916016 -41.46910858154297 -1.5949000120162964
vertex -38.846126556396484 -41.19997787475586 -1.6591570377349854
endloop
endfacet
facet normal 0.009265853322310233 -0.10590819732606105 -0.9943327399323396
outer loop
vertex -37.29999923706055 -41.19997787475586 -1.6661099195480347
vertex -36.55387496948242 -41.19997787475586 -1.6591570377349854
vertex -36.44911575317383 -41.794097900390625 -1.5949000120162964
endloop
endfacet
facet normal 0.0092659044802313 -0.10590812492613437 -0.9943327471670605
outer loop
vertex -36.44911575317383 -41.794097900390625 -1.5949000120162964
vertex -37.29999923706055 -41.8685417175293 -1.5949000120162964
vertex -37.29999923706055 -41.19997787475586 -1.6661099195480347
endloop
endfacet
facet normal -0.050191747369758614 -0.1076364729316717 -0.9929225439029975
outer loop
vertex -40.436161041259766 -42.2175178527832 -1.5
vertex -40.74091339111328 -41.19997787475586 -1.5949000120162964
vertex -40.163761138916016 -41.46910858154297 -1.5949000120162964
endloop
endfacet
facet normal 0.030738480521866264 -0.1147165135260268 -0.9929225887951385
outer loop
vertex -36.310813903808594 -42.57844161987305 -1.5
vertex -36.44911575317383 -41.794097900390625 -1.5949000120162964
vertex -34.96384048461914 -42.2175178527832 -1.5
endloop
endfacet
facet normal 0.027515762057422326 -0.10269025122592364 -0.9943327386451459
outer loop
vertex -36.44911575317383 -41.794097900390625 -1.5949000120162964
vertex -36.55387496948242 -41.19997787475586 -1.6591570377349854
vertex -35.33419418334961 -41.19997787475586 -1.6254053115844727
endloop
endfacet
facet normal 0.030738299338909692 -0.11471713426423219 -0.9929225226874218
outer loop
vertex -34.96384048461914 -42.2175178527832 -1.5
vertex -36.44911575317383 -41.794097900390625 -1.5949000120162964
vertex -35.236236572265625 -41.46910858154297 -1.5949000120162964
endloop
endfacet
facet normal 0.027515662914882624 -0.10269006629720422 -0.9943327604872679
outer loop
vertex -35.236236572265625 -41.46910858154297 -1.5949000120162964
vertex -36.44911575317383 -41.794097900390625 -1.5949000120162964
vertex -35.33419418334961 -41.19997787475586 -1.6254053115844727
endloop
endfacet
facet normal -0.024288816462904723 -0.09064776995578805 0.9955867793401407
outer loop
vertex -39.8909797668457 -40.719642639160156 -0.32014966011047363
vertex -38.8123893737793 -41.00864791870117 -0.32014966011047363
vertex -39.810298919677734 -40.49797821044922 -0.2979988753795624
endloop
endfacet
facet normal -0.04492963502542008 -0.09635236364075064 0.99433271590415
outer loop
vertex -40.3188362121582 -40.52012634277344 -0.32014966011047363
vertex -41.08232116699219 -40.558326721191406 -0.3583499491214752
vertex -41.30177688598633 -40.93844223022461 -0.4050999879837036
endloop
endfacet
facet normal 0.044929858244803354 -0.09635168648220108 -0.9943327714352663
outer loop
vertex -35.236236572265625 -41.46910858154297 -1.5949000120162964
vertex -35.33419418334961 -41.19997787475586 -1.6254053115844727
vertex -34.659088134765625 -41.19997787475586 -1.5949000120162964
endloop
endfacet
facet normal -0.06097849698925206 -0.08708671934389459 0.9943327039873775
outer loop
vertex -41.08232116699219 -40.558326721191406 -0.3583499491214752
vertex -41.777870178222656 -40.605079650878906 -0.4050999879837036
vertex -41.30177688598633 -40.93844223022461 -0.4050999879837036
endloop
endfacet
facet normal -0.0681198275226593 -0.09728564320412744 0.9929225512217165
outer loop
vertex -41.777870178222656 -40.605079650878906 -0.4050999879837036
vertex -42.20000076293945 -41.278076171875 -0.5
vertex -41.30177688598633 -40.93844223022461 -0.4050999879837036
endloop
endfacet
facet normal -0.027515666438836437 -0.10269062740612252 0.99433270244087
outer loop
vertex -39.8909797668457 -40.719642639160156 -0.32014966011047363
vertex -40.163761138916016 -41.46910858154297 -0.4050999879837036
vertex -38.8123893737793 -41.00864791870117 -0.32014966011047363
endloop
endfacet
facet normal -0.04492993578162218 -0.09635239601553189 0.9943326991770538
outer loop
vertex -39.8909797668457 -40.719642639160156 -0.32014966011047363
vertex -41.30177688598633 -40.93844223022461 -0.4050999879837036
vertex -40.163761138916016 -41.46910858154297 -0.4050999879837036
endloop
endfacet
facet normal -0.0449301216469293 -0.09635123788611506 0.994332803002398
outer loop
vertex -40.3188362121582 -40.52012634277344 -0.32014966011047363
vertex -41.30177688598633 -40.93844223022461 -0.4050999879837036
vertex -39.8909797668457 -40.719642639160156 -0.32014966011047363
endloop
endfacet
facet normal 0.03966104510452103 -0.08505262666758792 0.9955867878784657
outer loop
vertex -35.58970260620117 -40.49797821044922 -0.2979988753795624
vertex -35.5090217590332 -40.719642639160156 -0.32014966011047363
vertex -35.08116149902344 -40.52012634277344 -0.32014966011047363
endloop
endfacet
facet normal -0.010350678969440938 -0.11831191981339857 0.9929225312555555
outer loop
vertex -38.099998474121094 -41.8685417175293 -0.4050999879837036
vertex -39.08918380737305 -42.57844161987305 -0.5
vertex -38.099998474121094 -42.664981842041016 -0.5
endloop
endfacet
facet normal -0.01035102485037157 -0.11831144493977097 0.9929225842334389
outer loop
vertex -38.95088577270508 -41.794097900390625 -0.4050999879837036
vertex -39.08918380737305 -42.57844161987305 -0.5
vertex -38.099998474121094 -41.8685417175293 -0.4050999879837036
endloop
endfacet
facet normal -0.08715346341544244 -0.9961948975048472 0
outer loop
vertex -39.08918380737305 -42.57844161987305 -0.5
vertex -39.08918380737305 -42.57844161987305 -1.5
vertex -38.099998474121094 -42.664981842041016 -0.5
endloop
endfacet
facet normal -0.03073834974401115 -0.11471696157486275 0.9929225410786314
outer loop
vertex -40.163761138916016 -41.46910858154297 -0.4050999879837036
vertex -40.436161041259766 -42.2175178527832 -0.5
vertex -38.95088577270508 -41.794097900390625 -0.4050999879837036
endloop
endfacet
facet normal -0.06812004356674797 -0.09728508303058238 0.9929225912850392
outer loop
vertex -42.20000076293945 -41.278076171875 -0.5
vertex -41.70000076293945 -41.62818145751953 -0.5
vertex -41.30177688598633 -40.93844223022461 -0.4050999879837036
endloop
endfacet
facet normal 0.06812055026925769 -0.09728557001032873 0.9929225088086074
outer loop
vertex -33.622127532958984 -40.605079650878906 -0.4050999879837036
vertex -33.20000076293945 -41.278076171875 -0.5
vertex -33.20000076293945 -40.637184143066406 -0.4372060298919678
endloop
endfacet
facet normal 0.06812043518141883 -0.09728564231187134 0.9929225096202929
outer loop
vertex -33.622127532958984 -40.605079650878906 -0.4050999879837036
vertex -33.70000076293945 -41.62818145751953 -0.5
vertex -33.20000076293945 -41.278076171875 -0.5
endloop
endfacet
facet normal 1 0 0
outer loop
vertex -33.20000076293945 -41.278076171875 -0.5
vertex -33.20000076293945 -41.19997787475586 -1
vertex -33.20000076293945 -40.637184143066406 -0.4372060298919678
endloop
endfacet
facet normal 0.5735781035076711 -0.8191508769308272 0
outer loop
vertex -33.70000076293945 -41.62818145751953 -0.5
vertex -33.70000076293945 -41.62818145751953 -1.5
vertex -33.20000076293945 -41.278076171875 -0.5
endloop
endfacet
facet normal 0.06811979595942606 -0.09728559812695156 0.992922557803743
outer loop
vertex -34.09822082519531 -40.93844223022461 -0.4050999879837036
vertex -33.70000076293945 -41.62818145751953 -0.5
vertex -33.622127532958984 -40.605079650878906 -0.4050999879837036
endloop
endfacet
facet normal 0.05019155100262191 -0.10763644729839705 0.9929225566079818
outer loop
vertex -34.09822082519531 -40.93844223022461 -0.4050999879837036
vertex -34.96384048461914 -42.2175178527832 -0.5
vertex -33.70000076293945 -41.62818145751953 -0.5
endloop
endfacet
facet normal 0.05019188957275032 -0.10763667333928423 0.9929225149897493
outer loop
vertex -35.236236572265625 -41.46910858154297 -0.4050999879837036
vertex -34.96384048461914 -42.2175178527832 -0.5
vertex -34.09822082519531 -40.93844223022461 -0.4050999879837036
endloop
endfacet
facet normal 0.42261723351328206 -0.906308266506259 0
outer loop
vertex -34.96384048461914 -42.2175178527832 -0.5
vertex -34.96384048461914 -42.2175178527832 -1.5
vertex -33.70000076293945 -41.62818145751953 -0.5
endloop
endfacet
facet normal 1 0 0
outer loop
vertex -33.20000076293945 -41.278076171875 -0.5
vertex -33.20000076293945 -41.278076171875 -1.5
vertex -33.20000076293945 -41.19997787475586 -1
endloop
endfacet
facet normal 0.5735781035076711 -0.8191508769308272 0
outer loop
vertex -33.70000076293945 -41.62818145751953 -1.5
vertex -33.20000076293945 -41.278076171875 -1.5
vertex -33.20000076293945 -41.278076171875 -0.5
endloop
endfacet
facet normal 0.42261723351328206 -0.906308266506259 0
outer loop
vertex -34.96384048461914 -42.2175178527832 -1.5
vertex -33.70000076293945 -41.62818145751953 -1.5
vertex -33.70000076293945 -41.62818145751953 -0.5
endloop
endfacet
facet normal -0.030738435134828112 -0.11471666902338 0.9929225722349362
outer loop
vertex -40.436161041259766 -42.2175178527832 -0.5
vertex -39.08918380737305 -42.57844161987305 -0.5
vertex -38.95088577270508 -41.794097900390625 -0.4050999879837036
endloop
endfacet
facet normal 1 0 0
outer loop
vertex -33.20000076293945 -41.278076171875 -1.5
vertex -33.20000076293945 -41.19997787475586 -1.5076520442962646
vertex -33.20000076293945 -41.19997787475586 -1
endloop
endfacet
facet normal 0.06812082435513186 -0.09728619810712637 -0.9929224284640963
outer loop
vertex -33.70000076293945 -41.62818145751953 -1.5
vertex -33.20000076293945 -41.19997787475586 -1.5076520442962646
vertex -33.20000076293945 -41.278076171875 -1.5
endloop
endfacet
facet normal 0.0501915834511363 -0.10763540998459438 -0.9929226674158044
outer loop
vertex -33.94722366333008 -41.19997787475586 -1.5589157342910767
vertex -35.236236572265625 -41.46910858154297 -1.5949000120162964
vertex -34.659088134765625 -41.19997787475586 -1.5949000120162964
endloop
endfacet
facet normal -0.06811993753602048 -0.09728557408991427 0.992922550445947
outer loop
vertex -42.20000076293945 -40.637184143066406 -0.4372060298919678
vertex -42.20000076293945 -41.278076171875 -0.5
vertex -41.777870178222656 -40.605079650878906 -0.4050999879837036
endloop
endfacet
facet normal -1 0 0
outer loop
vertex -42.20000076293945 -40.637184143066406 -0.4372060298919678
vertex -42.20000076293945 -41.19997787475586 -1
vertex -42.20000076293945 -41.278076171875 -0.5
endloop
endfacet
facet normal -0.050191634272210156 -0.1076361258464307 0.9929225872452777
outer loop
vertex -41.30177688598633 -40.93844223022461 -0.4050999879837036
vertex -41.70000076293945 -41.62818145751953 -0.5
vertex -40.163761138916016 -41.46910858154297 -0.4050999879837036
endloop
endfacet
facet normal -0.42261723351328206 -0.906308266506259 0
outer loop
vertex -41.70000076293945 -41.62818145751953 -0.5
vertex -41.70000076293945 -41.62818145751953 -1.5
vertex -40.436161041259766 -42.2175178527832 -0.5
endloop
endfacet
facet normal -0.05019158980055118 -0.10763653050107135 0.9929225456272937
outer loop
vertex -40.163761138916016 -41.46910858154297 -0.4050999879837036
vertex -41.70000076293945 -41.62818145751953 -0.5
vertex -40.436161041259766 -42.2175178527832 -0.5
endloop
endfacet
facet normal -0.5735781035076711 -0.8191508769308272 0
outer loop
vertex -42.20000076293945 -41.278076171875 -0.5
vertex -42.20000076293945 -41.278076171875 -1.5
vertex -41.70000076293945 -41.62818145751953 -0.5
endloop
endfacet
facet normal 0.08715346341544244 -0.9961948975048472 0
outer loop
vertex -36.310813903808594 -42.57844161987305 -1.5
vertex -36.310813903808594 -42.57844161987305 -0.5
vertex -37.29999923706055 -42.664981842041016 -1.5
endloop
endfacet
facet normal -0.06812016722441129 -0.09728525963126279 -0.9929225654983354
outer loop
vertex -41.70000076293945 -41.62818145751953 -1.5
vertex -42.20000076293945 -41.278076171875 -1.5
vertex -41.45277786254883 -41.19997787475586 -1.5589157342910767
endloop
endfacet
facet normal -0.0501915785178297 -0.10763631257218294 -0.992922569821913
outer loop
vertex -40.74091339111328 -41.19997787475586 -1.5949000120162964
vertex -41.70000076293945 -41.62818145751953 -1.5
vertex -41.45277786254883 -41.19997787475586 -1.5589157342910767
endloop
endfacet
facet normal -0.05019153390663815 -0.10763641063583297 -0.9929225614465276
outer loop
vertex -41.70000076293945 -41.62818145751953 -1.5
vertex -40.74091339111328 -41.19997787475586 -1.5949000120162964
vertex -40.436161041259766 -42.2175178527832 -1.5
endloop
endfacet
facet normal -0.06812006188671474 -0.09728620318369842 -0.9929224802766077
outer loop
vertex -42.20000076293945 -41.19997787475586 -1.5076520442962646
vertex -41.45277786254883 -41.19997787475586 -1.5589157342910767
vertex -42.20000076293945 -41.278076171875 -1.5
endloop
endfacet
facet normal -0.008179082358627776 -0.09348828883728388 0.9955867829888299
outer loop
vertex -38.71717071533203 -40.46863555908203 -0.2686587870121002
vertex -38.8123893737793 -41.00864791870117 -0.32014966011047363
vertex -38.099998474121094 -40.46303939819336 -0.2630630135536194
endloop
endfacet
facet normal -1 0 0
outer loop
vertex -42.20000076293945 -41.19997787475586 -1.5076520442962646
vertex -42.20000076293945 -41.278076171875 -1.5
vertex -42.20000076293945 -41.278076171875 -0.5
endloop
endfacet
facet normal 0.2588212712285562 -0.9659252297976455 0
outer loop
vertex -36.310813903808594 -42.57844161987305 -1.5
vertex -34.96384048461914 -42.2175178527832 -1.5
vertex -34.96384048461914 -42.2175178527832 -0.5
endloop
endfacet
facet normal -1 0 0
outer loop
vertex -42.20000076293945 -41.19997787475586 -1
vertex -42.20000076293945 -41.19997787475586 -1.5076520442962646
vertex -42.20000076293945 -41.278076171875 -0.5
endloop
endfacet
facet normal -0.25882058733748775 -0.9659254130471346 0
outer loop
vertex -40.436161041259766 -42.2175178527832 -0.5
vertex -40.436161041259766 -42.2175178527832 -1.5
vertex -39.08918380737305 -42.57844161987305 -0.5
endloop
endfacet
facet normal 0.050191690348207155 -0.1076367461268541 -0.9929225171700019
outer loop
vertex -34.96384048461914 -42.2175178527832 -1.5
vertex -35.236236572265625 -41.46910858154297 -1.5949000120162964
vertex -33.70000076293945 -41.62818145751953 -1.5
endloop
endfacet
facet normal 0.05019174876812428 -0.10763621455617067 -0.9929225718411359
outer loop
vertex -33.70000076293945 -41.62818145751953 -1.5
vertex -35.236236572265625 -41.46910858154297 -1.5949000120162964
vertex -33.94722366333008 -41.19997787475586 -1.5589157342910767
endloop
endfacet
facet normal -0.5735781035076711 -0.8191508769308272 0
outer loop
vertex -42.20000076293945 -41.278076171875 -1.5
vertex -41.70000076293945 -41.62818145751953 -1.5
vertex -41.70000076293945 -41.62818145751953 -0.5
endloop
endfacet
facet normal -0.9807861986664705 0.19508570553829574 0
outer loop
vertex 43.70000076293945 -39.499977111816406 0
vertex 43.70000076293945 -39.499977111816406 -4
vertex 43.66194152832031 -39.69131851196289 0
endloop
endfacet
facet normal -0.8314692529919772 0.5555707707654927 0
outer loop
vertex 43.66194152832031 -39.69131851196289 0
vertex 43.66194152832031 -39.69131851196289 -4
vertex 43.55355453491211 -39.85353088378906 0
endloop
endfacet
facet normal 0 1 0
outer loop
vertex 32.20000076293945 -39.999977111816406 0
vertex 37.29999923706055 -39.999977111816406 0
vertex 32.20000076293945 -39.999977111816406 -4
endloop
endfacet
facet normal -0.5555707707654927 0.8314692529919772 0
outer loop
vertex 43.55355453491211 -39.85353088378906 0
vertex 43.55355453491211 -39.85353088378906 -4
vertex 43.39134216308594 -39.961917877197266 0
endloop
endfacet
facet normal -1 0 0
outer loop
vertex 43.70000076293945 -38.499977111816406 0
vertex 43.70000076293945 -38.499977111816406 -5
vertex 43.70000076293945 -39.499977111816406 0
endloop
endfacet
facet normal 0.19508570553829574 0.9807861986664705 0
outer loop
vertex 32.20000076293945 -39.999977111816406 -4
vertex 32.00865936279297 -39.961917877197266 0
vertex 32.20000076293945 -39.999977111816406 0
endloop
endfacet
facet normal -0.9807861986664704 -0.19508570553829574 0
outer loop
vertex 43.66194152832031 -38.30863571166992 0
vertex 43.66194152832031 -38.30863571166992 -5
vertex 43.70000076293945 -38.499977111816406 0
endloop
endfacet
facet normal -0.831469252991977 -0.5555707707654927 0
outer loop
vertex 43.55355453491211 -38.14642333984375 0
vertex 43.55355453491211 -38.14642333984375 -5
vertex 43.66194152832031 -38.30863571166992 0
endloop
endfacet
facet normal 0.5555572524753821 -0.8314782854783428 0
outer loop
vertex 31.846446990966797 -38.14642333984375 0
vertex 31.846446990966797 -38.14642333984375 -5
vertex 32.00865936279297 -38.03804016113281 0
endloop
endfacet
facet normal 0.831469252991977 -0.5555707707654927 0
outer loop
vertex 31.738059997558594 -38.30863571166992 0
vertex 31.738059997558594 -38.30863571166992 -5
vertex 31.846446990966797 -38.14642333984375 0
endloop
endfacet
facet normal 0.9807861986664704 -0.19508570553829574 0
outer loop
vertex 31.700000762939453 -38.499977111816406 0
vertex 31.700000762939453 -38.499977111816406 -5
vertex 31.738059997558594 -38.30863571166992 0
endloop
endfacet
facet normal 1 0 0
outer loop
vertex 31.700000762939453 -39.499977111816406 0
vertex 31.700000762939453 -39.499977111816406 -4
vertex 31.700000762939453 -38.499977111816406 0
endloop
endfacet
facet normal 0.5555707707654927 0.8314692529919772 0
outer loop
vertex 32.00865936279297 -39.961917877197266 0
vertex 32.00865936279297 -39.961917877197266 -4
vertex 31.846446990966797 -39.85353088378906 0
endloop
endfacet
facet normal 0.8314692529919772 0.5555707707654927 0
outer loop
vertex 31.846446990966797 -39.85353088378906 0
vertex 31.846446990966797 -39.85353088378906 -4
vertex 31.738059997558594 -39.69131851196289 0
endloop
endfacet
facet normal 0.9807861986664705 0.19508570553829574 0
outer loop
vertex 31.738059997558594 -39.69131851196289 0
vertex 31.738059997558594 -39.69131851196289 -4
vertex 31.700000762939453 -39.499977111816406 0
endloop
endfacet
facet normal 1 0 0
outer loop
vertex 37.29999923706055 -41.07097625732422 -0.32014966011047363
vertex 37.29999923706055 -41.19997787475586 -1.6661099195480347
vertex 37.29999923706055 -40.46303939819336 -0.2630630135536194
endloop
endfacet
facet normal 1 0 0
outer loop
vertex 37.29999923706055 -40.46303939819336 -0.2630630135536194
vertex 37.29999923706055 -41.19997787475586 -1.6661099195480347
vertex 37.29999923706055 -40.19997787475586 0
endloop
endfacet
facet normal 1 0 0
outer loop
vertex 37.29999923706055 -40.19997787475586 0
vertex 37.29999923706055 -41.19997787475586 -1.6661099195480347
vertex 37.29999923706055 -39.999977111816406 0
endloop
endfacet
facet normal 1 0 0
outer loop
vertex 37.29999923706055 -41.19997787475586 -1.6661099195480347
vertex 37.29999923706055 -41.19997787475586 -4
vertex 37.29999923706055 -39.999977111816406 -4
endloop
endfacet
facet normal 0 -1 0
outer loop
vertex 32.00865936279297 -38.03804016113281 -5
vertex 43.39134216308594 -38.03804016113281 -5
vertex 32.00865936279297 -38.03804016113281 0
endloop
endfacet
facet normal 0 1 0
outer loop
vertex 37.29999923706055 -39.999977111816406 -4
vertex 32.20000076293945 -39.999977111816406 -4
vertex 37.29999923706055 -39.999977111816406 0
endloop
endfacet
facet normal -1 0 0
outer loop
vertex 38.099998474121094 -39.999977111816406 -4
vertex 38.099998474121094 -41.19997787475586 -4
vertex 38.099998474121094 -41.19997787475586 -1.6661099195480347
endloop
endfacet
facet normal 1 0 0
outer loop
vertex 37.29999923706055 -41.19997787475586 -1.6661099195480347
vertex 37.29999923706055 -39.999977111816406 -4
vertex 37.29999923706055 -39.999977111816406 0
endloop
endfacet
facet normal 0.19508570553829574 0.9807861986664705 0
outer loop
vertex 32.20000076293945 -39.999977111816406 -4
vertex 32.00865936279297 -39.961917877197266 -4
vertex 32.00865936279297 -39.961917877197266 0
endloop
endfacet
facet normal 0.8314692529919772 0.5555707707654927 0
outer loop
vertex 31.846446990966797 -39.85353088378906 -4
vertex 31.738059997558594 -39.69131851196289 -4
vertex 31.738059997558594 -39.69131851196289 0
endloop
endfacet
facet normal 0.5555707707654927 0.8314692529919772 0
outer loop
vertex 32.00865936279297 -39.961917877197266 -4
vertex 31.846446990966797 -39.85353088378906 -4
vertex 31.846446990966797 -39.85353088378906 0
endloop
endfacet
facet normal 0.9807861986664705 0.19508570553829574 0
outer loop
vertex 31.738059997558594 -39.69131851196289 -4
vertex 31.700000762939453 -39.499977111816406 -4
vertex 31.700000762939453 -39.499977111816406 0
endloop
endfacet
facet normal 1 0 0
outer loop
vertex 31.700000762939453 -39.499977111816406 -4
vertex 31.700000762939453 -38.499977111816406 -5
vertex 31.700000762939453 -38.499977111816406 0
endloop
endfacet
facet normal -1 0 0
outer loop
vertex 38.099998474121094 -41.19997787475586 -1.6661099195480347
vertex 38.099998474121094 -40.46303939819336 -0.2630630135536194
vertex 38.099998474121094 -39.999977111816406 -4
endloop
endfacet
facet normal 0.5555572524753821 -0.8314782854783428 0
outer loop
vertex 31.846446990966797 -38.14642333984375 -5
vertex 32.00865936279297 -38.03804016113281 -5
vertex 32.00865936279297 -38.03804016113281 0
endloop
endfacet
facet normal -0.9807861986664704 -0.19508570553829574 0
outer loop
vertex 43.66194152832031 -38.30863571166992 -5
vertex 43.70000076293945 -38.499977111816406 -5
vertex 43.70000076293945 -38.499977111816406 0
endloop
endfacet
facet normal -0.5555572524753821 -0.8314782854783428 0
outer loop
vertex 43.39134216308594 -38.03804016113281 -5
vertex 43.55355453491211 -38.14642333984375 -5
vertex 43.55355453491211 -38.14642333984375 0
endloop
endfacet
facet normal -0.831469252991977 -0.5555707707654927 0
outer loop
vertex 43.55355453491211 -38.14642333984375 -5
vertex 43.66194152832031 -38.30863571166992 -5
vertex 43.66194152832031 -38.30863571166992 0
endloop
endfacet
facet normal -0.007192549263254353 0.9999741332830042 0
outer loop
vertex 43.39134216308594 -39.961917877197266 -4
vertex 38.099998474121094 -39.999977111816406 -4
vertex 43.39134216308594 -39.961917877197266 0
endloop
endfacet
facet normal -1 0 0
outer loop
vertex 43.70000076293945 -38.499977111816406 -5
vertex 43.70000076293945 -39.499977111816406 -4
vertex 43.70000076293945 -39.499977111816406 0
endloop
endfacet
facet normal -0.5555707707654927 0.8314692529919772 0
outer loop
vertex 43.55355453491211 -39.85353088378906 -4
vertex 43.39134216308594 -39.961917877197266 -4
vertex 43.39134216308594 -39.961917877197266 0
endloop
endfacet
facet normal -0.8314692529919772 0.5555707707654927 0
outer loop
vertex 43.66194152832031 -39.69131851196289 -4
vertex 43.55355453491211 -39.85353088378906 -4
vertex 43.55355453491211 -39.85353088378906 0
endloop
endfacet
facet normal -0.9807861986664705 0.19508570553829574 0
outer loop
vertex 43.70000076293945 -39.499977111816406 -4
vertex 43.66194152832031 -39.69131851196289 -4
vertex 43.66194152832031 -39.69131851196289 0
endloop
endfacet
facet normal 0.831469252991977 -0.5555707707654927 0
outer loop
vertex 31.738059997558594 -38.30863571166992 -5
vertex 31.846446990966797 -38.14642333984375 -5
vertex 31.846446990966797 -38.14642333984375 0
endloop
endfacet
facet normal 0.9807861986664704 -0.19508570553829574 0
outer loop
vertex 31.700000762939453 -38.499977111816406 -5
vertex 31.738059997558594 -38.30863571166992 -5
vertex 31.738059997558594 -38.30863571166992 0
endloop
endfacet
facet normal -0.5555572524753821 -0.8314782854783428 0
outer loop
vertex 43.39134216308594 -38.03804016113281 0
vertex 43.39134216308594 -38.03804016113281 -5
vertex 43.55355453491211 -38.14642333984375 0
endloop
endfacet
facet normal 0 0 -1
outer loop
vertex 43.70000076293945 -39.499977111816406 -4
vertex 43.70000076293945 -41.19997787475586 -4
vertex 43.66194152832031 -39.69131851196289 -4
endloop
endfacet
facet normal 0 0 -1
outer loop
vertex 43.70000076293945 -41.19997787475586 -4
vertex 43.55355453491211 -39.85353088378906 -4
vertex 43.66194152832031 -39.69131851196289 -4
endloop
endfacet
facet normal 0 0 -1
outer loop
vertex 43.70000076293945 -41.19997787475586 -4
vertex 43.39134216308594 -39.961917877197266 -4
vertex 43.55355453491211 -39.85353088378906 -4
endloop
endfacet
facet normal 0 0 -1
outer loop
vertex 43.70000076293945 -41.19997787475586 -4
vertex 38.099998474121094 -39.999977111816406 -4
vertex 43.39134216308594 -39.961917877197266 -4
endloop
endfacet
facet normal -1 0 0
outer loop
vertex 43.70000076293945 -38.499977111816406 -5
vertex 43.70000076293945 -41.19997787475586 -5
vertex 43.70000076293945 -39.499977111816406 -4
endloop
endfacet
facet normal -1 0 0
outer loop
vertex 43.70000076293945 -41.19997787475586 -5
vertex 43.70000076293945 -41.19997787475586 -4
vertex 43.70000076293945 -39.499977111816406 -4
endloop
endfacet
facet normal 0 0 -1
outer loop
vertex 38.099998474121094 -39.999977111816406 -4
vertex 43.70000076293945 -41.19997787475586 -4
vertex 38.099998474121094 -41.19997787475586 -4
endloop
endfacet
facet normal 0 0 -1
outer loop
vertex 37.29999923706055 -41.19997787475586 -4
vertex 32.20000076293945 -39.999977111816406 -4
vertex 37.29999923706055 -39.999977111816406 -4
endloop
endfacet
facet normal 0 0 1
outer loop
vertex 31.700000762939453 -41.19997787475586 -5
vertex 43.70000076293945 -38.499977111816406 -5
vertex 43.66194152832031 -38.30863571166992 -5
endloop
endfacet
facet normal 0 0 1
outer loop
vertex 43.55355453491211 -38.14642333984375 -5
vertex 31.700000762939453 -41.19997787475586 -5
vertex 43.66194152832031 -38.30863571166992 -5
endloop
endfacet
facet normal 1 0 0
outer loop
vertex 37.29999923706055 -42.664981842041016 -1.5
vertex 37.29999923706055 -41.8685417175293 -1.5949000120162964
vertex 37.29999923706055 -41.8685417175293 -0.4050999879837036
endloop
endfacet
facet normal 1 0 0
outer loop
vertex 37.29999923706055 -41.8685417175293 -1.5949000120162964
vertex 37.29999923706055 -41.19997787475586 -1.6661099195480347
vertex 37.29999923706055 -41.07097625732422 -0.32014966011047363
endloop
endfacet
facet normal 0 0 1
outer loop
vertex 43.70000076293945 -41.19997787475586 -5
vertex 43.70000076293945 -38.499977111816406 -5
vertex 31.700000762939453 -41.19997787475586 -5
endloop
endfacet
facet normal -1 0 0
outer loop
vertex 38.099998474121094 -41.8685417175293 -0.4050999879837036
vertex 38.099998474121094 -42.664981842041016 -1.5
vertex 38.099998474121094 -42.664981842041016 -0.5
endloop
endfacet
facet normal 0 0 -1
outer loop
vertex 31.700000762939453 -41.19997787475586 -4
vertex 32.20000076293945 -39.999977111816406 -4
vertex 37.29999923706055 -41.19997787475586 -4
endloop
endfacet
facet normal 0 0 -1
outer loop
vertex 32.00865936279297 -39.961917877197266 -4
vertex 31.700000762939453 -41.19997787475586 -4
vertex 31.846446990966797 -39.85353088378906 -4
endloop
endfacet
facet normal 0 0 -1
outer loop
vertex 31.700000762939453 -41.19997787475586 -4
vertex 31.738059997558594 -39.69131851196289 -4
vertex 31.846446990966797 -39.85353088378906 -4
endloop
endfacet
facet normal -1 0 0
outer loop
vertex 38.099998474121094 -40.46303939819336 -0.2630630135536194
vertex 38.099998474121094 -40.19997787475586 0
vertex 38.099998474121094 -39.999977111816406 -4
endloop
endfacet
facet normal -1 0 0
outer loop
vertex 38.099998474121094 -40.19997787475586 0
vertex 38.099998474121094 -39.999977111816406 0
vertex 38.099998474121094 -39.999977111816406 -4
endloop
endfacet
facet normal 0 0 -1
outer loop
vertex 32.00865936279297 -39.961917877197266 -4
vertex 32.20000076293945 -39.999977111816406 -4
vertex 31.700000762939453 -41.19997787475586 -4
endloop
endfacet
facet normal 0 0 -1
outer loop
vertex 31.700000762939453 -41.19997787475586 -4
vertex 31.700000762939453 -39.499977111816406 -4
vertex 31.738059997558594 -39.69131851196289 -4
endloop
endfacet
facet normal 1 0 0
outer loop
vertex 31.700000762939453 -41.19997787475586 -4
vertex 31.700000762939453 -38.499977111816406 -5
vertex 31.700000762939453 -39.499977111816406 -4
endloop
endfacet
facet normal 0 0 1
outer loop
vertex 31.846446990966797 -38.14642333984375 -5
vertex 31.700000762939453 -41.19997787475586 -5
vertex 32.00865936279297 -38.03804016113281 -5
endloop
endfacet
facet normal 1 0 0
outer loop
vertex 37.29999923706055 -41.8685417175293 -0.4050999879837036
vertex 37.29999923706055 -41.8685417175293 -1.5949000120162964
vertex 37.29999923706055 -41.07097625732422 -0.32014966011047363
endloop
endfacet
facet normal 0 0 1
outer loop
vertex 31.738059997558594 -38.30863571166992 -5
vertex 31.700000762939453 -41.19997787475586 -5
vertex 31.846446990966797 -38.14642333984375 -5
endloop
endfacet
facet normal -1 0 0
outer loop
vertex 38.099998474121094 -41.8685417175293 -1.5949000120162964
vertex 38.099998474121094 -42.664981842041016 -1.5
vertex 38.099998474121094 -41.8685417175293 -0.4050999879837036
endloop
endfacet
facet normal -1 0 0
outer loop
vertex 38.099998474121094 -41.19997787475586 -1.6661099195480347
vertex 38.099998474121094 -41.8685417175293 -1.5949000120162964
vertex 38.099998474121094 -41.8685417175293 -0.4050999879837036
endloop
endfacet
facet normal 0 0 1
outer loop
vertex 31.700000762939453 -38.499977111816406 -5
vertex 31.700000762939453 -41.19997787475586 -5
vertex 31.738059997558594 -38.30863571166992 -5
endloop
endfacet
facet normal 1 0 0
outer loop
vertex 31.700000762939453 -41.19997787475586 -4
vertex 31.700000762939453 -41.19997787475586 -5
vertex 31.700000762939453 -38.499977111816406 -5
endloop
endfacet
facet normal -0.007192549263254353 0.9999741332830042 0
outer loop
vertex 43.39134216308594 -39.961917877197266 0
vertex 38.099998474121094 -39.999977111816406 -4
vertex 38.099998474121094 -39.999977111816406 0
endloop
endfacet
facet normal 0 -1 0
outer loop
vertex 32.00865936279297 -38.03804016113281 0
vertex 43.39134216308594 -38.03804016113281 -5
vertex 43.39134216308594 -38.03804016113281 0
endloop
endfacet
facet normal -1 0 0
outer loop
vertex 38.099998474121094 -41.19997787475586 -1.6661099195480347
vertex 38.099998474121094 -41.8685417175293 -0.4050999879837036
vertex 38.099998474121094 -41.07097625732422 -0.32014966011047363
endloop
endfacet
facet normal -1 0 0
outer loop
vertex 38.099998474121094 -40.46303939819336 -0.2630630135536194
vertex 38.099998474121094 -41.19997787475586 -1.6661099195480347
vertex 38.099998474121094 -41.07097625732422 -0.32014966011047363
endloop
endfacet
facet normal 0 0 1
outer loop
vertex 43.39134216308594 -38.03804016113281 -5
vertex 31.700000762939453 -41.19997787475586 -5
vertex 43.55355453491211 -38.14642333984375 -5
endloop
endfacet
facet normal 0 0 1
outer loop
vertex 32.00865936279297 -38.03804016113281 -5
vertex 31.700000762939453 -41.19997787475586 -5
vertex 43.39134216308594 -38.03804016113281 -5
endloop
endfacet
facet normal 1 0 0
outer loop
vertex 37.29999923706055 -42.664981842041016 -0.5
vertex 37.29999923706055 -42.664981842041016 -1.5
vertex 37.29999923706055 -41.8685417175293 -0.4050999879837036
endloop
endfacet
facet normal 0 0 -1
outer loop
vertex -31.700000762939453 -41.19997787475586 -4
vertex -32.00865936279297 -39.961917877197266 -4
vertex -31.846446990966797 -39.85353088378906 -4
endloop
endfacet
facet normal 1 0 0
outer loop
vertex -38.099998474121094 -41.07097625732422 -0.32014966011047363
vertex -38.099998474121094 -41.19997787475586 -1.6661099195480347
vertex -38.099998474121094 -40.46303939819336 -0.2630630135536194
endloop
endfacet
facet normal 0 0 1
outer loop
vertex -43.70000076293945 -41.19997787475586 -5
vertex -43.66194152832031 -38.30863571166992 -5
vertex -43.70000076293945 -38.499977111816406 -5
endloop
endfacet
facet normal 0 0 1
outer loop
vertex -43.66194152832031 -38.30863571166992 -5
vertex -43.70000076293945 -41.19997787475586 -5
vertex -43.55355453491211 -38.14642333984375 -5
endloop
endfacet
facet normal 0 0 1
outer loop
vertex -43.55355453491211 -38.14642333984375 -5
vertex -43.70000076293945 -41.19997787475586 -5
vertex -43.39134216308594 -38.03804016113281 -5
endloop
endfacet
facet normal 1 0 0
outer loop
vertex -43.70000076293945 -39.499977111816406 -4
vertex -43.70000076293945 -41.19997787475586 -5
vertex -43.70000076293945 -38.499977111816406 -5
endloop
endfacet
facet normal 0 0 -1
outer loop
vertex -43.70000076293945 -41.19997787475586 -4
vertex -43.39134216308594 -39.961917877197266 -4
vertex -43.20000076293945 -39.999977111816406 -4
endloop
endfacet
facet normal 0 0 -1
outer loop
vertex -43.70000076293945 -41.19997787475586 -4
vertex -43.66194152832031 -39.69131851196289 -4
vertex -43.55355453491211 -39.85353088378906 -4
endloop
endfacet
facet normal 0 0 -1
outer loop
vertex -43.66194152832031 -39.69131851196289 -4
vertex -43.70000076293945 -41.19997787475586 -4
vertex -43.70000076293945 -39.499977111816406 -4
endloop
endfacet
facet normal 0 0 -1
outer loop
vertex -43.70000076293945 -41.19997787475586 -4
vertex -43.55355453491211 -39.85353088378906 -4
vertex -43.39134216308594 -39.961917877197266 -4
endloop
endfacet
facet normal 0 0 -1
outer loop
vertex -43.20000076293945 -39.999977111816406 -4
vertex -38.099998474121094 -41.19997787475586 -4
vertex -43.70000076293945 -41.19997787475586 -4
endloop
endfacet
facet normal 0 0 1
outer loop
vertex -43.39134216308594 -38.03804016113281 -5
vertex -43.70000076293945 -41.19997787475586 -5
vertex -32.00865936279297 -38.03804016113281 -5
endloop
endfacet
facet normal 0 0 1
outer loop
vertex -31.700000762939453 -41.19997787475586 -5
vertex -31.700000762939453 -38.499977111816406 -5
vertex -43.70000076293945 -41.19997787475586 -5
endloop
endfacet
facet normal 0 0 1
outer loop
vertex -31.846446990966797 -38.14642333984375 -5
vertex -43.70000076293945 -41.19997787475586 -5
vertex -31.738059997558594 -38.30863571166992 -5
endloop
endfacet
facet normal 0 0 1
outer loop
vertex -32.00865936279297 -38.03804016113281 -5
vertex -43.70000076293945 -41.19997787475586 -5
vertex -31.846446990966797 -38.14642333984375 -5
endloop
endfacet
facet normal 0 0 1
outer loop
vertex -31.738059997558594 -38.30863571166992 -5
vertex -43.70000076293945 -41.19997787475586 -5
vertex -31.700000762939453 -38.499977111816406 -5
endloop
endfacet
facet normal 0 0 -1
outer loop
vertex -38.099998474121094 -41.19997787475586 -4
vertex -43.20000076293945 -39.999977111816406 -4
vertex -38.099998474121094 -39.999977111816406 -4
endloop
endfacet
facet normal 0 0 -1
outer loop
vertex -37.29999923706055 -39.999977111816406 -4
vertex -31.700000762939453 -41.19997787475586 -4
vertex -37.29999923706055 -41.19997787475586 -4
endloop
endfacet
facet normal -1 0 0
outer loop
vertex -31.700000762939453 -41.19997787475586 -5
vertex -31.700000762939453 -41.19997787475586 -4
vertex -31.700000762939453 -39.499977111816406 -4
endloop
endfacet
facet normal -1 0 0
outer loop
vertex -31.700000762939453 -38.499977111816406 -5
vertex -31.700000762939453 -41.19997787475586 -5
vertex -31.700000762939453 -39.499977111816406 -4
endloop
endfacet
facet normal 0 0 -1
outer loop
vertex -31.700000762939453 -41.19997787475586 -4
vertex -37.29999923706055 -39.999977111816406 -4
vertex -32.00865936279297 -39.961917877197266 -4
endloop
endfacet
facet normal 0 0 -1
outer loop
vertex -31.700000762939453 -41.19997787475586 -4
vertex -31.846446990966797 -39.85353088378906 -4
vertex -31.738059997558594 -39.69131851196289 -4
endloop
endfacet
facet normal 0 0 -1
outer loop
vertex -31.700000762939453 -39.499977111816406 -4
vertex -31.700000762939453 -41.19997787475586 -4
vertex -31.738059997558594 -39.69131851196289 -4
endloop
endfacet
facet normal 0.9807861986664704 -0.19508570553829574 0
outer loop
vertex -43.70000076293945 -38.499977111816406 -5
vertex -43.66194152832031 -38.30863571166992 -5
vertex -43.66194152832031 -38.30863571166992 0
endloop
endfacet
facet normal 0.831469252991977 -0.5555707707654927 0
outer loop
vertex -43.66194152832031 -38.30863571166992 -5
vertex -43.55355453491211 -38.14642333984375 -5
vertex -43.55355453491211 -38.14642333984375 0
endloop
endfacet
facet normal 0.5555572524753821 -0.8314782854783428 0
outer loop
vertex -43.55355453491211 -38.14642333984375 -5
vertex -43.39134216308594 -38.03804016113281 -5
vertex -43.39134216308594 -38.03804016113281 0
endloop
endfacet
facet normal 1 0 0
outer loop
vertex -43.70000076293945 -39.499977111816406 -4
vertex -43.70000076293945 -38.499977111816406 -5
vertex -43.70000076293945 -38.499977111816406 0
endloop
endfacet
facet normal 0.8314692529919772 0.5555707707654927 0
outer loop
vertex -43.55355453491211 -39.85353088378906 -4
vertex -43.66194152832031 -39.69131851196289 -4
vertex -43.66194152832031 -39.69131851196289 0
endloop
endfacet
facet normal 0.5555707707654927 0.8314692529919772 0
outer loop
vertex -43.39134216308594 -39.961917877197266 -4
vertex -43.55355453491211 -39.85353088378906 -4
vertex -43.55355453491211 -39.85353088378906 0
endloop
endfacet
facet normal 0.9807861986664705 0.19508570553829574 0
outer loop
vertex -43.66194152832031 -39.69131851196289 -4
vertex -43.70000076293945 -39.499977111816406 -4
vertex -43.70000076293945 -39.499977111816406 0
endloop
endfacet
facet normal 0.19508570553829574 0.9807861986664705 0
outer loop
vertex -43.20000076293945 -39.999977111816406 -4
vertex -43.39134216308594 -39.961917877197266 -4
vertex -43.39134216308594 -39.961917877197266 0
endloop
endfacet
facet normal 1 0 0
outer loop
vertex -38.099998474121094 -41.19997787475586 -4
vertex -38.099998474121094 -39.999977111816406 -4
vertex -38.099998474121094 -39.999977111816406 0
endloop
endfacet
facet normal 0 -1 0
outer loop
vertex -43.39134216308594 -38.03804016113281 -5
vertex -32.00865936279297 -38.03804016113281 -5
vertex -43.39134216308594 -38.03804016113281 0
endloop
endfacet
facet normal 0 1 0
outer loop
vertex -38.099998474121094 -39.999977111816406 -4
vertex -43.20000076293945 -39.999977111816406 -4
vertex -38.099998474121094 -39.999977111816406 0
endloop
endfacet
facet normal -1 0 0
outer loop
vertex -37.29999923706055 -39.999977111816406 -4
vertex -37.29999923706055 -41.19997787475586 -4
vertex -37.29999923706055 -41.19997787475586 -1.6661099195480347
endloop
endfacet
facet normal 1 0 0
outer loop
vertex -38.099998474121094 -41.19997787475586 -1.6661099195480347
vertex -38.099998474121094 -41.19997787475586 -4
vertex -38.099998474121094 -39.999977111816406 0
endloop
endfacet
facet normal -1 0 0
outer loop
vertex -37.29999923706055 -41.19997787475586 -1.6661099195480347
vertex -37.29999923706055 -40.46303939819336 -0.2630630135536194
vertex -37.29999923706055 -39.999977111816406 -4
endloop
endfacet
facet normal 0.5555707707654927 0.8314692529919772 0
outer loop
vertex -43.39134216308594 -39.961917877197266 0
vertex -43.39134216308594 -39.961917877197266 -4
vertex -43.55355453491211 -39.85353088378906 0
endloop
endfacet
facet normal 0.8314692529919772 0.5555707707654927 0
outer loop
vertex -43.55355453491211 -39.85353088378906 0
vertex -43.55355453491211 -39.85353088378906 -4
vertex -43.66194152832031 -39.69131851196289 0
endloop
endfacet
facet normal 0.9807861986664705 0.19508570553829574 0
outer loop
vertex -43.66194152832031 -39.69131851196289 0
vertex -43.66194152832031 -39.69131851196289 -4
vertex -43.70000076293945 -39.499977111816406 0
endloop
endfacet
facet normal 0.19508570553829574 0.9807861986664705 0
outer loop
vertex -43.20000076293945 -39.999977111816406 -4
vertex -43.39134216308594 -39.961917877197266 0
vertex -43.20000076293945 -39.999977111816406 0
endloop
endfacet
facet normal 1 0 0
outer loop
vertex -43.70000076293945 -39.499977111816406 0
vertex -43.70000076293945 -39.499977111816406 -4
vertex -43.70000076293945 -38.499977111816406 0
endloop
endfacet
facet normal 0.9807861986664704 -0.19508570553829574 0
outer loop
vertex -43.70000076293945 -38.499977111816406 0
vertex -43.70000076293945 -38.499977111816406 -5
vertex -43.66194152832031 -38.30863571166992 0
endloop
endfacet
facet normal 0.831469252991977 -0.5555707707654927 0
outer loop
vertex -43.66194152832031 -38.30863571166992 0
vertex -43.66194152832031 -38.30863571166992 -5
vertex -43.55355453491211 -38.14642333984375 0
endloop
endfacet
facet normal 0.5555572524753821 -0.8314782854783428 0
outer loop
vertex -43.55355453491211 -38.14642333984375 0
vertex -43.55355453491211 -38.14642333984375 -5
vertex -43.39134216308594 -38.03804016113281 0
endloop
endfacet
facet normal 0 1 0
outer loop
vertex -38.099998474121094 -39.999977111816406 0
vertex -43.20000076293945 -39.999977111816406 -4
vertex -43.20000076293945 -39.999977111816406 0
endloop
endfacet
facet normal 1 0 0
outer loop
vertex -38.099998474121094 -42.664981842041016 -1.5
vertex -38.099998474121094 -41.8685417175293 -1.5949000120162964
vertex -38.099998474121094 -41.8685417175293 -0.4050999879837036
endloop
endfacet
facet normal 1 0 0
outer loop
vertex -38.099998474121094 -41.8685417175293 -1.5949000120162964
vertex -38.099998474121094 -41.19997787475586 -1.6661099195480347
vertex -38.099998474121094 -41.07097625732422 -0.32014966011047363
endloop
endfacet
facet normal -1 0 0
outer loop
vertex -37.29999923706055 -40.46303939819336 -0.2630630135536194
vertex -37.29999923706055 -40.19997787475586 0
vertex -37.29999923706055 -39.999977111816406 -4
endloop
endfacet
facet normal -1 0 0
outer loop
vertex -37.29999923706055 -40.19997787475586 0
vertex -37.29999923706055 -39.999977111816406 0
vertex -37.29999923706055 -39.999977111816406 -4
endloop
endfacet
facet normal -1 0 0
outer loop
vertex -37.29999923706055 -41.8685417175293 -1.5949000120162964
vertex -37.29999923706055 -42.664981842041016 -1.5
vertex -37.29999923706055 -41.8685417175293 -0.4050999879837036
endloop
endfacet
facet normal -1 0 0
outer loop
vertex -37.29999923706055 -41.19997787475586 -1.6661099195480347
vertex -37.29999923706055 -41.8685417175293 -1.5949000120162964
vertex -37.29999923706055 -41.8685417175293 -0.4050999879837036
endloop
endfacet
facet normal -0.007192554448326422 0.9999741332457094 0
outer loop
vertex -37.29999923706055 -39.999977111816406 -4
vertex -37.29999923706055 -39.999977111816406 0
vertex -32.00865936279297 -39.961917877197266 0
endloop
endfacet
facet normal 0.003400994298362347 -0.9999642429204697 0.007742487860772708
outer loop
vertex -43.39134216308594 -38.03804016113281 0
vertex -32.00865936279297 -38.03804016113281 -5
vertex -32.20000076293945 -37.999977111816406 0
endloop
endfacet
facet normal -0.19510451479714808 -0.980782457176804 0
outer loop
vertex -32.20000076293945 -37.999977111816406 0
vertex -32.00865936279297 -38.03804016113281 -5
vertex -32.00865936279297 -38.03804016113281 0
endloop
endfacet
facet normal -0.9807861986664704 -0.19508570553829574 0
outer loop
vertex -31.738059997558594 -38.30863571166992 0
vertex -31.738059997558594 -38.30863571166992 -5
vertex -31.700000762939453 -38.499977111816406 0
endloop
endfacet
facet normal -0.831469252991977 -0.5555707707654927 0
outer loop
vertex -31.846446990966797 -38.14642333984375 0
vertex -31.846446990966797 -38.14642333984375 -5
vertex -31.738059997558594 -38.30863571166992 0
endloop
endfacet
facet normal -0.5555572524753821 -0.8314782854783428 0
outer loop
vertex -32.00865936279297 -38.03804016113281 0
vertex -32.00865936279297 -38.03804016113281 -5
vertex -31.846446990966797 -38.14642333984375 0
endloop
endfacet
facet normal -0.9807861986664705 0.19508570553829574 0
outer loop
vertex -31.700000762939453 -39.499977111816406 0
vertex -31.700000762939453 -39.499977111816406 -4
vertex -31.738059997558594 -39.69131851196289 0
endloop
endfacet
facet normal -0.8314692529919772 0.5555707707654927 0
outer loop
vertex -31.738059997558594 -39.69131851196289 0
vertex -31.738059997558594 -39.69131851196289 -4
vertex -31.846446990966797 -39.85353088378906 0
endloop
endfacet
facet normal -0.5555707707654927 0.8314692529919772 0
outer loop
vertex -31.846446990966797 -39.85353088378906 0
vertex -31.846446990966797 -39.85353088378906 -4
vertex -32.00865936279297 -39.961917877197266 0
endloop
endfacet
facet normal -1 0 0
outer loop
vertex -31.700000762939453 -38.499977111816406 0
vertex -31.700000762939453 -38.499977111816406 -5
vertex -31.700000762939453 -39.499977111816406 0
endloop
endfacet
facet normal -0.9807861986664705 0.19508570553829574 0
outer loop
vertex -31.700000762939453 -39.499977111816406 -4
vertex -31.738059997558594 -39.69131851196289 -4
vertex -31.738059997558594 -39.69131851196289 0
endloop
endfacet
facet normal -0.8314692529919772 0.5555707707654927 0
outer loop
vertex -31.738059997558594 -39.69131851196289 -4
vertex -31.846446990966797 -39.85353088378906 -4
vertex -31.846446990966797 -39.85353088378906 0
endloop
endfacet
facet normal 1 0 0
outer loop
vertex -38.099998474121094 -42.664981842041016 -0.5
vertex -38.099998474121094 -42.664981842041016 -1.5
vertex -38.099998474121094 -41.8685417175293 -0.4050999879837036
endloop
endfacet
facet normal 1 0 0
outer loop
vertex -38.099998474121094 -41.8685417175293 -0.4050999879837036
vertex -38.099998474121094 -41.8685417175293 -1.5949000120162964
vertex -38.099998474121094 -41.07097625732422 -0.32014966011047363
endloop
endfacet
facet normal -0.5555707707654927 0.8314692529919772 0
outer loop
vertex -31.846446990966797 -39.85353088378906 -4
vertex -32.00865936279297 -39.961917877197266 -4
vertex -32.00865936279297 -39.961917877197266 0
endloop
endfacet
facet normal -1 0 0
outer loop
vertex -31.700000762939453 -38.499977111816406 -5
vertex -31.700000762939453 -39.499977111816406 -4
vertex -31.700000762939453 -39.499977111816406 0
endloop
endfacet
facet normal -0.9807861986664704 -0.19508570553829574 0
outer loop
vertex -31.738059997558594 -38.30863571166992 -5
vertex -31.700000762939453 -38.499977111816406 -5
vertex -31.700000762939453 -38.499977111816406 0
endloop
endfacet
facet normal -0.5555572524753821 -0.8314782854783428 0
outer loop
vertex -32.00865936279297 -38.03804016113281 -5
vertex -31.846446990966797 -38.14642333984375 -5
vertex -31.846446990966797 -38.14642333984375 0
endloop
endfacet
facet normal -0.831469252991977 -0.5555707707654927 0
outer loop
vertex -31.846446990966797 -38.14642333984375 -5
vertex -31.738059997558594 -38.30863571166992 -5
vertex -31.738059997558594 -38.30863571166992 0
endloop
endfacet
facet normal -0.007192554448326422 0.9999741332457094 0
outer loop
vertex -32.00865936279297 -39.961917877197266 -4
vertex -37.29999923706055 -39.999977111816406 -4
vertex -32.00865936279297 -39.961917877197266 0
endloop
endfacet
facet normal -1 0 0
outer loop
vertex -37.29999923706055 -40.46303939819336 -0.2630630135536194
vertex -37.29999923706055 -41.19997787475586 -1.6661099195480347
vertex -37.29999923706055 -41.07097625732422 -0.32014966011047363
endloop
endfacet
facet normal -1 0 0
outer loop
vertex -37.29999923706055 -41.19997787475586 -1.6661099195480347
vertex -37.29999923706055 -41.8685417175293 -0.4050999879837036
vertex -37.29999923706055 -41.07097625732422 -0.32014966011047363
endloop
endfacet
facet normal -1 0 0
outer loop
vertex -37.29999923706055 -41.8685417175293 -0.4050999879837036
vertex -37.29999923706055 -42.664981842041016 -1.5
vertex -37.29999923706055 -42.664981842041016 -0.5
endloop
endfacet
facet normal 1 0 0
outer loop
vertex -38.099998474121094 -40.19997787475586 0
vertex -38.099998474121094 -41.19997787475586 -1.6661099195480347
vertex -38.099998474121094 -39.999977111816406 0
endloop
endfacet
facet normal 1 0 0
outer loop
vertex -38.099998474121094 -40.46303939819336 -0.2630630135536194
vertex -38.099998474121094 -41.19997787475586 -1.6661099195480347
vertex -38.099998474121094 -40.19997787475586 0
endloop
endfacet
facet normal 1 0 0
outer loop
vertex -43.70000076293945 -41.19997787475586 -4
vertex -43.70000076293945 -41.19997787475586 -5
vertex -43.70000076293945 -39.499977111816406 -4
endloop
endfacet
facet normal -0.9569440106171243 0.2902725625063677 0
outer loop
vertex -36.776119232177734 40.81733703613281 -6.415441036224365
vertex -36.776119232177734 40.81733703613281 -3.5
vertex -36.719215393066406 41.00493240356445 -6.19187593460083
endloop
endfacet
facet normal -0.47139501592801786 0.8819221841853303 0
outer loop
vertex -37.317317962646484 40.27614212036133 -6.839598655700684
vertex -37.317317962646484 40.27614212036133 -3.5
vertex -37.14442825317383 40.368553161621094 -6.83151388168335
endloop
endfacet
facet normal 0 0 -1
outer loop
vertex -37.50490951538086 40.21923828125 -3.5
vertex -37.70000076293945 40.20002365112305 -3.5
vertex -38.70000076293945 41.20002365112305 -3.5
endloop
endfacet
facet normal 0 0 -1
outer loop
vertex -38.70000076293945 41.20002365112305 -3.5
vertex -37.70000076293945 40.20002365112305 -3.5
vertex -37.89509201049805 40.21923828125 -3.5
endloop
endfacet
facet normal 0 0 -1
outer loop
vertex -37.89509201049805 40.21923828125 -3.5
vertex -38.08268356323242 40.27614212036133 -3.5
vertex -38.70000076293945 41.20002365112305 -3.5
endloop
endfacet
facet normal 0 0 -1
outer loop
vertex -38.08268356323242 40.27614212036133 -3.5
vertex -38.25556945800781 40.368553161621094 -3.5
vertex -38.70000076293945 41.20002365112305 -3.5
endloop
endfacet
facet normal -0.9569440106171243 0.2902725625063677 0
outer loop
vertex -36.719215393066406 41.00493240356445 -3.5
vertex -36.719215393066406 41.00493240356445 -6.19187593460083
vertex -36.776119232177734 40.81733703613281 -3.5
endloop
endfacet
facet normal -0.881917860019375 0.4714031058222316 0
outer loop
vertex -36.776119232177734 40.81733703613281 -3.5
vertex -36.776119232177734 40.81733703613281 -6.415441036224365
vertex -36.8685302734375 40.64445114135742 -3.5
endloop
endfacet
facet normal -0.7730070588633648 0.6343974203505326 0
outer loop
vertex -36.8685302734375 40.64445114135742 -3.5
vertex -36.8685302734375 40.64445114135742 -6.621479511260986
vertex -36.99289321899414 40.492916107177734 -3.5
endloop
endfacet
facet normal -0.6343974203505142 0.7730070588633423 2.4188294547999423e-7
outer loop
vertex -36.99289321899414 40.492916107177734 -3.5
vertex -37.01337432861328 40.47610855102539 -6.822103977203369
vertex -37.14442825317383 40.368553161621094 -3.5
endloop
endfacet
facet normal -0.47139501592801786 0.8819221841853303 0
outer loop
vertex -37.14442825317383 40.368553161621094 -3.5
vertex -37.14442825317383 40.368553161621094 -6.83151388168335
vertex -37.317317962646484 40.27614212036133 -3.5
endloop
endfacet
facet normal -0.290277967867665 0.9569423709767578 0
outer loop
vertex -37.317317962646484 40.27614212036133 -3.5
vertex -37.317317962646484 40.27614212036133 -6.839598655700684
vertex -37.50490951538086 40.21923828125 -3.5
endloop
endfacet
facet normal -0.09801622777686081 0.9951848165503704 0
outer loop
vertex -37.50490951538086 40.21923828125 -3.5
vertex -37.50490951538086 40.21923828125 -6.844577312469482
vertex -37.70000076293945 40.20002365112305 -3.5
endloop
endfacet
facet normal 0.09801622777686081 0.9951848165503704 0
outer loop
vertex -37.70000076293945 40.20002365112305 -3.5
vertex -37.70000076293945 40.20002365112305 -6.846258163452148
vertex -37.89509201049805 40.21923828125 -3.5
endloop
endfacet
facet normal 0.9569386052164731 0.29029038193910456 0
outer loop
vertex -38.623878479003906 40.81733703613281 -3.5
vertex -38.623878479003906 40.81733703613281 -6.415441036224365
vertex -38.6807861328125 41.00493240356445 -3.5
endloop
endfacet
facet normal 0.8819259499769285 0.47138797052671205 0
outer loop
vertex -38.531471252441406 40.64445114135742 -3.5
vertex -38.531471252441406 40.64445114135742 -6.621479511260986
vertex -38.623878479003906 40.81733703613281 -3.5
endloop
endfacet
facet normal 0.9951848165503705 0.09801622777686082 0
outer loop
vertex -38.6807861328125 41.00493240356445 -3.5
vertex -38.6807861328125 41.00493240356445 -6.19187593460083
vertex -38.70000076293945 41.20002365112305 -3.5
endloop
endfacet
facet normal 0.634387877656003 0.773014890337251 0
outer loop
vertex -38.25556945800781 40.368553161621094 -3.5
vertex -38.25556945800781 40.368553161621094 -6.83151388168335
vertex -38.407108306884766 40.492916107177734 -3.5
endloop
endfacet
facet normal 0.2902779678676651 0.9569423709767578 0
outer loop
vertex -37.89509201049805 40.21923828125 -3.5
vertex -37.89509201049805 40.21923828125 -6.844577312469482
vertex -38.08268356323242 40.27614212036133 -3.5
endloop
endfacet
facet normal 0.4714031058222316 0.881917860019375 0
outer loop
vertex -38.08268356323242 40.27614212036133 -3.5
vertex -38.08268356323242 40.27614212036133 -6.839598655700684
vertex -38.25556945800781 40.368553161621094 -3.5
endloop
endfacet
facet normal 0.773007058863365 0.6343974203505327 0
outer loop
vertex -38.407108306884766 40.492916107177734 -3.5
vertex -38.407108306884766 40.492916107177734 -6.8020734786987305
vertex -38.531471252441406 40.64445114135742 -3.5
endloop
endfacet
facet normal -0.9951848165503705 0.09801622777686082 0
outer loop
vertex -36.719215393066406 41.00493240356445 -6.19187593460083
vertex -36.719215393066406 41.00493240356445 -3.5
vertex -36.70000076293945 41.20002365112305 -5.959376335144043
endloop
endfacet
facet normal 0 0 -1
outer loop
vertex -38.70000076293945 41.20002365112305 -3.5
vertex -38.407108306884766 40.492916107177734 -3.5
vertex -38.531471252441406 40.64445114135742 -3.5
endloop
endfacet
facet normal -0.881917860019375 0.4714031058222316 0
outer loop
vertex -36.8685302734375 40.64445114135742 -6.621479511260986
vertex -36.8685302734375 40.64445114135742 -3.5
vertex -36.776119232177734 40.81733703613281 -6.415441036224365
endloop
endfacet
facet normal -0.773007058863365 0.6343974203505327 0
outer loop
vertex -36.99289321899414 40.492916107177734 -6.8020734786987305
vertex -36.99289321899414 40.492916107177734 -3.5
vertex -36.8685302734375 40.64445114135742 -6.621479511260986
endloop
endfacet
facet normal 0 0 -1
outer loop
vertex -38.70000076293945 41.20002365112305 -3.5
vertex -38.531471252441406 40.64445114135742 -3.5
vertex -38.6807861328125 41.00493240356445 -3.5
endloop
endfacet
facet normal -0.2902779678676651 0.9569423709767578 0
outer loop
vertex -37.50490951538086 40.21923828125 -6.844577312469482
vertex -37.50490951538086 40.21923828125 -3.5
vertex -37.317317962646484 40.27614212036133 -6.839598655700684
endloop
endfacet
facet normal -0.09801622777686081 0.9951848165503704 0
outer loop
vertex -37.70000076293945 40.20002365112305 -6.846258163452148
vertex -37.70000076293945 40.20002365112305 -3.5
vertex -37.50490951538086 40.21923828125 -6.844577312469482
endloop
endfacet
facet normal 0.09801622777686081 0.9951848165503704 0
outer loop
vertex -37.70000076293945 40.20002365112305 -6.846258163452148
vertex -37.89509201049805 40.21923828125 -6.844577312469482
vertex -37.89509201049805 40.21923828125 -3.5
endloop
endfacet
facet normal 0.9569386052164729 0.2902903819391045 0
outer loop
vertex -38.623878479003906 40.81733703613281 -6.415441036224365
vertex -38.6807861328125 41.00493240356445 -6.19187593460083
vertex -38.6807861328125 41.00493240356445 -3.5
endloop
endfacet
facet normal 0.9951848165503704 0.09801622777686081 0
outer loop
vertex -38.6807861328125 41.00493240356445 -6.19187593460083
vertex -38.70000076293945 41.20002365112305 -5.959376335144043
vertex -38.70000076293945 41.20002365112305 -3.5
endloop
endfacet
facet normal 0.8819259499769284 0.471387970526712 0
outer loop
vertex -38.531471252441406 40.64445114135742 -6.621479511260986
vertex -38.623878479003906 40.81733703613281 -6.415441036224365
vertex -38.623878479003906 40.81733703613281 -3.5
endloop
endfacet
facet normal 0.290277967867665 0.9569423709767578 0
outer loop
vertex -37.89509201049805 40.21923828125 -6.844577312469482
vertex -38.08268356323242 40.27614212036133 -6.839598655700684
vertex -38.08268356323242 40.27614212036133 -3.5
endloop
endfacet
facet normal 0.47140310582223166 0.8819178600193751 0
outer loop
vertex -38.08268356323242 40.27614212036133 -6.839598655700684
vertex -38.25556945800781 40.368553161621094 -6.83151388168335
vertex -38.25556945800781 40.368553161621094 -3.5
endloop
endfacet
facet normal 0.7730070588633648 0.6343974203505326 0
outer loop
vertex -38.407108306884766 40.492916107177734 -6.8020734786987305
vertex -38.531471252441406 40.64445114135742 -6.621479511260986
vertex -38.531471252441406 40.64445114135742 -3.5
endloop
endfacet
facet normal 0.6343878776560029 0.7730148903372509 0
outer loop
vertex -38.25556945800781 40.368553161621094 -6.83151388168335
vertex -38.407108306884766 40.492916107177734 -6.8020734786987305
vertex -38.407108306884766 40.492916107177734 -3.5
endloop
endfacet
facet normal 0.6343913234834798 0.7730120618772335 0.00002968479571740425
outer loop
vertex -38.25556945800781 40.368553161621094 -6.83151388168335
vertex -38.386627197265625 40.47610855102539 -6.822103977203369
vertex -38.407108306884766 40.492916107177734 -6.8020734786987305
endloop
endfacet
facet normal 0 0 -1
outer loop
vertex -38.25556945800781 40.368553161621094 -3.5
vertex -38.407108306884766 40.492916107177734 -3.5
vertex -38.70000076293945 41.20002365112305 -3.5
endloop
endfacet
facet normal -0.9951848165503704 0.09801622777686081 0
outer loop
vertex -36.719215393066406 41.00493240356445 -3.5
vertex -36.70000076293945 41.20002365112305 -3.5
vertex -36.70000076293945 41.20002365112305 -5.959376335144043
endloop
endfacet
facet normal 0 0 -1
outer loop
vertex -37.317317962646484 40.27614212036133 -3.5
vertex -37.50490951538086 40.21923828125 -3.5
vertex -38.70000076293945 41.20002365112305 -3.5
endloop
endfacet
facet normal 0 0 -1
outer loop
vertex -37.14442825317383 40.368553161621094 -3.5
vertex -37.317317962646484 40.27614212036133 -3.5
vertex -38.70000076293945 41.20002365112305 -3.5
endloop
endfacet
facet normal -0.6343739754647311 0.7730262991988518 0
outer loop
vertex -37.01337432861328 40.47610855102539 -6.822103977203369
vertex -36.99289321899414 40.492916107177734 -3.5
vertex -36.99289321899414 40.492916107177734 -6.8020734786987305
endloop
endfacet
facet normal 0 0 -1
outer loop
vertex -36.99289321899414 40.492916107177734 -3.5
vertex -37.14442825317383 40.368553161621094 -3.5
vertex -38.70000076293945 41.20002365112305 -3.5
endloop
endfacet
facet normal 0 0 -1
outer loop
vertex -36.8685302734375 40.64445114135742 -3.5
vertex -36.99289321899414 40.492916107177734 -3.5
vertex -38.70000076293945 41.20002365112305 -3.5
endloop
endfacet
facet normal 0 0 -1
outer loop
vertex -36.70000076293945 41.20002365112305 -3.5
vertex -36.719215393066406 41.00493240356445 -3.5
vertex -38.70000076293945 41.20002365112305 -3.5
endloop
endfacet
facet normal 0 0 -1
outer loop
vertex -36.719215393066406 41.00493240356445 -3.5
vertex -36.776119232177734 40.81733703613281 -3.5
vertex -38.70000076293945 41.20002365112305 -3.5
endloop
endfacet
facet normal 0 0 -1
outer loop
vertex -36.776119232177734 40.81733703613281 -3.5
vertex -36.8685302734375 40.64445114135742 -3.5
vertex -38.70000076293945 41.20002365112305 -3.5
endloop
endfacet
facet normal 0 0 -1
outer loop
vertex -38.623878479003906 40.81733703613281 -3.5
vertex -38.6807861328125 41.00493240356445 -3.5
vertex -38.531471252441406 40.64445114135742 -3.5
endloop
endfacet
facet normal -0.6344010841595253 0.7730040520056922 0
outer loop
vertex -37.14442825317383 40.368553161621094 -6.83151388168335
vertex -37.14442825317383 40.368553161621094 -3.5
vertex -37.01337432861328 40.47610855102539 -6.822103977203369
endloop
endfacet
facet normal 0.881917860019375 0.4714031058222316 0
outer loop
vertex 36.8685302734375 40.64445114135742 -6.621479511260986
vertex 36.776119232177734 40.81733703613281 -6.415441036224365
vertex 36.776119232177734 40.81733703613281 -3.5
endloop
endfacet
facet normal 0.9951848165503704 0.09801622777686081 0
outer loop
vertex 36.719215393066406 41.00493240356445 -6.19187593460083
vertex 36.70000076293945 41.20002365112305 -5.959376335144043
vertex 36.70000076293945 41.20002365112305 -3.5
endloop
endfacet
facet normal -0.2902779678676651 0.9569423709767578 0
outer loop
vertex 38.08268356323242 40.27614212036133 -6.839598655700684
vertex 37.89509201049805 40.21923828125 -6.844577312469482
vertex 37.89509201049805 40.21923828125 -3.5
endloop
endfacet
facet normal -0.4714031058222316 0.881917860019375 0
outer loop
vertex 38.25556945800781 40.368553161621094 -6.83151388168335
vertex 38.08268356323242 40.27614212036133 -6.839598655700684
vertex 38.08268356323242 40.27614212036133 -3.5
endloop
endfacet
facet normal -0.6343900501718461 0.7730131074198952 0
outer loop
vertex 38.386627197265625 40.47610855102539 -6.822103977203369
vertex 38.25556945800781 40.368553161621094 -6.83151388168335
vertex 38.25556945800781 40.368553161621094 -3.5
endloop
endfacet
facet normal -0.6343739754647311 0.7730262991988518 0
outer loop
vertex 38.407108306884766 40.492916107177734 -6.8020734786987305
vertex 38.386627197265625 40.47610855102539 -6.822103977203369
vertex 38.407108306884766 40.492916107177734 -3.5
endloop
endfacet
facet normal -0.773007058863365 0.6343974203505327 0
outer loop
vertex 38.407108306884766 40.492916107177734 -6.8020734786987305
vertex 38.407108306884766 40.492916107177734 -3.5
vertex 38.531471252441406 40.64445114135742 -6.621479511260986
endloop
endfacet
facet normal -0.8819259499769285 0.47138797052671205 0
outer loop
vertex 38.531471252441406 40.64445114135742 -6.621479511260986
vertex 38.531471252441406 40.64445114135742 -3.5
vertex 38.623878479003906 40.81733703613281 -6.415441036224365
endloop
endfacet
facet normal -0.09801622777686081 0.9951848165503704 0
outer loop
vertex 37.89509201049805 40.21923828125 -6.844577312469482
vertex 37.70000076293945 40.20002365112305 -6.846258163452148
vertex 37.70000076293945 40.20002365112305 -3.5
endloop
endfacet
facet normal 0.09801622777686081 0.9951848165503704 0
outer loop
vertex 37.70000076293945 40.20002365112305 -6.846258163452148
vertex 37.50490951538086 40.21923828125 -6.844577312469482
vertex 37.50490951538086 40.21923828125 -3.5
endloop
endfacet
facet normal 0.290277967867665 0.9569423709767578 0
outer loop
vertex 37.50490951538086 40.21923828125 -6.844577312469482
vertex 37.317317962646484 40.27614212036133 -6.839598655700684
vertex 37.317317962646484 40.27614212036133 -3.5
endloop
endfacet
facet normal 0.7730070588633648 0.6343974203505326 0
outer loop
vertex 36.99289321899414 40.492916107177734 -6.8020734786987305
vertex 36.8685302734375 40.64445114135742 -6.621479511260986
vertex 36.8685302734375 40.64445114135742 -3.5
endloop
endfacet
facet normal 0.6343974203505327 0.773007058863365 0
outer loop
vertex 37.14442825317383 40.368553161621094 -6.83151388168335
vertex 36.99289321899414 40.492916107177734 -6.8020734786987305
vertex 36.99289321899414 40.492916107177734 -3.5
endloop
endfacet
facet normal 0.47139501592801786 0.8819221841853303 0
outer loop
vertex 37.317317962646484 40.27614212036133 -6.839598655700684
vertex 37.14442825317383 40.368553161621094 -6.83151388168335
vertex 37.14442825317383 40.368553161621094 -3.5
endloop
endfacet
facet normal 0.6343974203505326 0.7730070588633648 0
outer loop
vertex 37.14442825317383 40.368553161621094 -3.5
vertex 37.14442825317383 40.368553161621094 -6.83151388168335
vertex 36.99289321899414 40.492916107177734 -3.5
endloop
endfacet
facet normal 0.773007058863365 0.6343974203505327 0
outer loop
vertex 36.99289321899414 40.492916107177734 -3.5
vertex 36.99289321899414 40.492916107177734 -6.8020734786987305
vertex 36.8685302734375 40.64445114135742 -3.5
endloop
endfacet
facet normal 0.47139501592801786 0.8819221841853303 0
outer loop
vertex 37.317317962646484 40.27614212036133 -3.5
vertex 37.317317962646484 40.27614212036133 -6.839598655700684
vertex 37.14442825317383 40.368553161621094 -3.5
endloop
endfacet
facet normal 0.2902779678676651 0.9569423709767578 0
outer loop
vertex 37.50490951538086 40.21923828125 -3.5
vertex 37.50490951538086 40.21923828125 -6.844577312469482
vertex 37.317317962646484 40.27614212036133 -3.5
endloop
endfacet
facet normal 0.09801622777686081 0.9951848165503704 0
outer loop
vertex 37.70000076293945 40.20002365112305 -3.5
vertex 37.70000076293945 40.20002365112305 -6.846258163452148
vertex 37.50490951538086 40.21923828125 -3.5
endloop
endfacet
facet normal -0.09801622777686081 0.9951848165503704 0
outer loop
vertex 37.89509201049805 40.21923828125 -3.5
vertex 37.89509201049805 40.21923828125 -6.844577312469482
vertex 37.70000076293945 40.20002365112305 -3.5
endloop
endfacet
facet normal 0.881917860019375 0.4714031058222316 0
outer loop
vertex 36.8685302734375 40.64445114135742 -3.5
vertex 36.8685302734375 40.64445114135742 -6.621479511260986
vertex 36.776119232177734 40.81733703613281 -3.5
endloop
endfacet
facet normal -0.9951848165503705 0.09801622777686082 0
outer loop
vertex 38.6807861328125 41.00493240356445 -6.19187593460083
vertex 38.6807861328125 41.00493240356445 -3.5
vertex 38.70000076293945 41.20002365112305 -5.959376335144043
endloop
endfacet
facet normal -0.9569386052164731 0.29029038193910456 0
outer loop
vertex 38.623878479003906 40.81733703613281 -6.415441036224365
vertex 38.623878479003906 40.81733703613281 -3.5
vertex 38.6807861328125 41.00493240356445 -6.19187593460083
endloop
endfacet
facet normal 0.6344032311998741 0.7730022883129248 0.00005006137174800047
outer loop
vertex 37.14442825317383 40.368553161621094 -6.83151388168335
vertex 37.01337432861328 40.47610855102539 -6.822103977203369
vertex 36.99289321899414 40.492916107177734 -6.8020734786987305
endloop
endfacet
facet normal 0.9569440106171243 0.2902725625063677 0
outer loop
vertex 36.776119232177734 40.81733703613281 -3.5
vertex 36.776119232177734 40.81733703613281 -6.415441036224365
vertex 36.719215393066406 41.00493240356445 -3.5
endloop
endfacet
facet normal 0.9951848165503705 0.09801622777686082 0
outer loop
vertex 36.719215393066406 41.00493240356445 -3.5
vertex 36.719215393066406 41.00493240356445 -6.19187593460083
vertex 36.70000076293945 41.20002365112305 -3.5
endloop
endfacet
facet normal -0.290277967867665 0.9569423709767578 0
outer loop
vertex 38.08268356323242 40.27614212036133 -3.5
vertex 38.08268356323242 40.27614212036133 -6.839598655700684
vertex 37.89509201049805 40.21923828125 -3.5
endloop
endfacet
facet normal -0.47140310582223166 0.8819178600193751 0
outer loop
vertex 38.25556945800781 40.368553161621094 -3.5
vertex 38.25556945800781 40.368553161621094 -6.83151388168335
vertex 38.08268356323242 40.27614212036133 -3.5
endloop
endfacet
facet normal -0.6343878776559965 0.7730148903372431 1.4342940156202037e-7
outer loop
vertex 38.407108306884766 40.492916107177734 -3.5
vertex 38.386627197265625 40.47610855102539 -6.822103977203369
vertex 38.25556945800781 40.368553161621094 -3.5
endloop
endfacet
facet normal -0.7730070588633648 0.6343974203505326 0
outer loop
vertex 38.531471252441406 40.64445114135742 -3.5
vertex 38.531471252441406 40.64445114135742 -6.621479511260986
vertex 38.407108306884766 40.492916107177734 -3.5
endloop
endfacet
facet normal -0.8819259499769284 0.471387970526712 0
outer loop
vertex 38.623878479003906 40.81733703613281 -3.5
vertex 38.623878479003906 40.81733703613281 -6.415441036224365
vertex 38.531471252441406 40.64445114135742 -3.5
endloop
endfacet
facet normal -0.9569386052164729 0.2902903819391045 0
outer loop
vertex 38.6807861328125 41.00493240356445 -3.5
vertex 38.6807861328125 41.00493240356445 -6.19187593460083
vertex 38.623878479003906 40.81733703613281 -3.5
endloop
endfacet
facet normal 0 0 -1
outer loop
vertex 37.317317962646484 40.27614212036133 -3.5
vertex 37.14442825317383 40.368553161621094 -3.5
vertex 36.70000076293945 41.20002365112305 -3.5
endloop
endfacet
facet normal 0 0 -1
outer loop
vertex 37.50490951538086 40.21923828125 -3.5
vertex 37.317317962646484 40.27614212036133 -3.5
vertex 36.70000076293945 41.20002365112305 -3.5
endloop
endfacet
facet normal 0 0 -1
outer loop
vertex 37.70000076293945 40.20002365112305 -3.5
vertex 37.50490951538086 40.21923828125 -3.5
vertex 36.70000076293945 41.20002365112305 -3.5
endloop
endfacet
facet normal 0 0 -1
outer loop
vertex 37.89509201049805 40.21923828125 -3.5
vertex 37.70000076293945 40.20002365112305 -3.5
vertex 36.70000076293945 41.20002365112305 -3.5
endloop
endfacet
facet normal 0 0 -1
outer loop
vertex 38.08268356323242 40.27614212036133 -3.5
vertex 37.89509201049805 40.21923828125 -3.5
vertex 36.70000076293945 41.20002365112305 -3.5
endloop
endfacet
facet normal 0 0 -1
outer loop
vertex 38.25556945800781 40.368553161621094 -3.5
vertex 38.08268356323242 40.27614212036133 -3.5
vertex 36.70000076293945 41.20002365112305 -3.5
endloop
endfacet
facet normal 0 0 -1
outer loop
vertex 36.776119232177734 40.81733703613281 -3.5
vertex 36.719215393066406 41.00493240356445 -3.5
vertex 36.8685302734375 40.64445114135742 -3.5
endloop
endfacet
facet normal 0 0 -1
outer loop
vertex 36.8685302734375 40.64445114135742 -3.5
vertex 36.719215393066406 41.00493240356445 -3.5
vertex 36.70000076293945 41.20002365112305 -3.5
endloop
endfacet
facet normal 0 0 -1
outer loop
vertex 36.8685302734375 40.64445114135742 -3.5
vertex 36.70000076293945 41.20002365112305 -3.5
vertex 36.99289321899414 40.492916107177734 -3.5
endloop
endfacet
facet normal 0 0 -1
outer loop
vertex 37.14442825317383 40.368553161621094 -3.5
vertex 36.99289321899414 40.492916107177734 -3.5
vertex 36.70000076293945 41.20002365112305 -3.5
endloop
endfacet
facet normal 0 0 -1
outer loop
vertex 38.407108306884766 40.492916107177734 -3.5
vertex 38.25556945800781 40.368553161621094 -3.5
vertex 36.70000076293945 41.20002365112305 -3.5
endloop
endfacet
facet normal 0 0 -1
outer loop
vertex 38.531471252441406 40.64445114135742 -3.5
vertex 38.407108306884766 40.492916107177734 -3.5
vertex 36.70000076293945 41.20002365112305 -3.5
endloop
endfacet
facet normal -0.9951848165503704 0.09801622777686081 0
outer loop
vertex 38.70000076293945 41.20002365112305 -5.959376335144043
vertex 38.6807861328125 41.00493240356445 -3.5
vertex 38.70000076293945 41.20002365112305 -3.5
endloop
endfacet
facet normal 0 0 -1
outer loop
vertex 38.623878479003906 40.81733703613281 -3.5
vertex 38.531471252441406 40.64445114135742 -3.5
vertex 36.70000076293945 41.20002365112305 -3.5
endloop
endfacet
facet normal 0 0 -1
outer loop
vertex 38.6807861328125 41.00493240356445 -3.5
vertex 38.623878479003906 40.81733703613281 -3.5
vertex 36.70000076293945 41.20002365112305 -3.5
endloop
endfacet
facet normal 0 0 -1
outer loop
vertex 38.70000076293945 41.20002365112305 -3.5
vertex 38.6807861328125 41.00493240356445 -3.5
vertex 36.70000076293945 41.20002365112305 -3.5
endloop
endfacet
facet normal 0.9569440106171243 0.2902725625063677 0
outer loop
vertex 36.776119232177734 40.81733703613281 -6.415441036224365
vertex 36.719215393066406 41.00493240356445 -6.19187593460083
vertex 36.719215393066406 41.00493240356445 -3.5
endloop
endfacet
facet normal 0 1 0
outer loop
vertex -36.70000076293945 42.000022888183594 -2.4000000953674316
vertex -38.70000076293945 42.000022888183594 -2.4000000953674316
vertex -36.70000076293945 42.000022888183594 -1.2000000476837158
endloop
endfacet
facet normal 0.9701422280268953 0.24253671350748443 0
outer loop
vertex -36.70000076293945 42.000022888183594 -1.2000000476837158
vertex -36.5 41.20002365112305 -2.5
vertex -36.70000076293945 42.000022888183594 -2.4000000953674316
endloop
endfacet
facet normal -0.9701422280268953 0.24253671350748443 0
outer loop
vertex -38.70000076293945 42.000022888183594 -2.4000000953674316
vertex -38.900001525878906 41.20002365112305 -1.100000023841858
vertex -38.70000076293945 42.000022888183594 -1.2000000476837158
endloop
endfacet
facet normal 0 1 0
outer loop
vertex -36.70000076293945 42.000022888183594 -1.2000000476837158
vertex -38.70000076293945 42.000022888183594 -2.4000000953674316
vertex -38.70000076293945 42.000022888183594 -1.2000000476837158
endloop
endfacet
facet normal 0 0.12403488017548572 0.9922778585153722
outer loop
vertex -36.5 41.20002365112305 -1.100000023841858
vertex -38.70000076293945 42.000022888183594 -1.2000000476837158
vertex -38.900001525878906 41.20002365112305 -1.100000023841858
endloop
endfacet
facet normal 0.9701422280268952 0.2425367135074844 0
outer loop
vertex -36.5 41.20002365112305 -2.5
vertex -36.70000076293945 42.000022888183594 -1.2000000476837158
vertex -36.5 41.20002365112305 -1.100000023841858
endloop
endfacet
facet normal 0 0.12403488017548571 0.9922778585153721
outer loop
vertex -38.70000076293945 42.000022888183594 -1.2000000476837158
vertex -36.5 41.20002365112305 -1.100000023841858
vertex -36.70000076293945 42.000022888183594 -1.2000000476837158
endloop
endfacet
facet normal 0 0.12403473458920847 -0.9922778767136677
outer loop
vertex -38.900001525878906 41.20002365112305 -2.5
vertex -36.70000076293945 42.000022888183594 -2.4000000953674316
vertex -36.5 41.20002365112305 -2.5
endloop
endfacet
facet normal -0.9701422280268952 0.2425367135074844 0
outer loop
vertex -38.900001525878906 41.20002365112305 -1.100000023841858
vertex -38.70000076293945 42.000022888183594 -2.4000000953674316
vertex -38.900001525878906 41.20002365112305 -2.5
endloop
endfacet
facet normal 0 0.12403473458920847 -0.9922778767136677
outer loop
vertex -36.70000076293945 42.000022888183594 -2.4000000953674316
vertex -38.900001525878906 41.20002365112305 -2.5
vertex -38.70000076293945 42.000022888183594 -2.4000000953674316
endloop
endfacet
facet normal 0 0.12403473458920847 -0.9922778767136677
outer loop
vertex 38.70000076293945 42.000022888183594 -2.4000000953674316
vertex 36.5 41.20002365112305 -2.5
vertex 36.70000076293945 42.000022888183594 -2.4000000953674316
endloop
endfacet
facet normal -0.9701422280268953 0.24253671350748443 0
outer loop
vertex 36.70000076293945 42.000022888183594 -2.4000000953674316
vertex 36.5 41.20002365112305 -2.5
vertex 36.70000076293945 42.000022888183594 -1.2000000476837158
endloop
endfacet
facet normal 0 0.12403473458920847 -0.9922778767136677
outer loop
vertex 36.5 41.20002365112305 -2.5
vertex 38.70000076293945 42.000022888183594 -2.4000000953674316
vertex 38.900001525878906 41.20002365112305 -2.5
endloop
endfacet
facet normal 0 1 0
outer loop
vertex 38.70000076293945 42.000022888183594 -2.4000000953674316
vertex 36.70000076293945 42.000022888183594 -2.4000000953674316
vertex 38.70000076293945 42.000022888183594 -1.2000000476837158
endloop
endfacet
facet normal 0.9701422280268953 0.24253671350748443 0
outer loop
vertex 38.70000076293945 42.000022888183594 -1.2000000476837158
vertex 38.900001525878906 41.20002365112305 -2.5
vertex 38.70000076293945 42.000022888183594 -2.4000000953674316
endloop
endfacet
facet normal -0.9701422280268952 0.2425367135074844 0
outer loop
vertex 36.5 41.20002365112305 -2.5
vertex 36.5 41.20002365112305 -1.100000023841858
vertex 36.70000076293945 42.000022888183594 -1.2000000476837158
endloop
endfacet
facet normal 0 1 0
outer loop
vertex 38.70000076293945 42.000022888183594 -1.2000000476837158
vertex 36.70000076293945 42.000022888183594 -2.4000000953674316
vertex 36.70000076293945 42.000022888183594 -1.2000000476837158
endloop
endfacet
facet normal 0 0.12403488017548572 0.9922778585153722
outer loop
vertex 38.900001525878906 41.20002365112305 -1.100000023841858
vertex 36.70000076293945 42.000022888183594 -1.2000000476837158
vertex 36.5 41.20002365112305 -1.100000023841858
endloop
endfacet
facet normal 0.9701422280268952 0.2425367135074844 0
outer loop
vertex 38.70000076293945 42.000022888183594 -1.2000000476837158
vertex 38.900001525878906 41.20002365112305 -1.100000023841858
vertex 38.900001525878906 41.20002365112305 -2.5
endloop
endfacet
facet normal 0 0.12403488017548571 0.9922778585153721
outer loop
vertex 36.70000076293945 42.000022888183594 -1.2000000476837158
vertex 38.900001525878906 41.20002365112305 -1.100000023841858
vertex 38.70000076293945 42.000022888183594 -1.2000000476837158
endloop
endfacet
endsolid auto-kdk-case
