solid auto-kdk-case
facet normal 0 0 -1
outer loop
vertex -47.116493225097656 -41.61647033691406 -5.699999809265137
vertex -47 -41.499977111816406 -5.699999809265137
vertex -25 -41.61647033691406 -5.699999809265137
endloop
endfacet
facet normal 0 0 1
outer loop
vertex 41.021392822265625 27.583044052124023 6.5
vertex 41.08302307128906 27.52141571044922 6.5
vertex 43.54123306274414 38.04125213623047 6.5
endloop
endfacet
facet normal 0 0 1
outer loop
vertex 41.13301086425781 27.450021743774414 6.5
vertex 41.16984558105469 27.37103271484375 6.5
vertex 43.54123306274414 38.04125213623047 6.5
endloop
endfacet
facet normal 0 0 -1
outer loop
vertex -47 -41.499977111816406 -5.699999809265137
vertex -25 -41.499977111816406 -5.699999809265137
vertex -25 -41.61647033691406 -5.699999809265137
endloop
endfacet
facet normal 0 0 1
outer loop
vertex 41.08302307128906 27.52141571044922 6.5
vertex 41.13301086425781 27.450021743774414 6.5
vertex 43.54123306274414 38.04125213623047 6.5
endloop
endfacet
facet normal 0 0 1
outer loop
vertex 41.021392822265625 27.583044052124023 6.5
vertex 43.54123306274414 38.04125213623047 6.5
vertex 40.95000076293945 27.633033752441406 6.5
endloop
endfacet
facet normal 0 0 1
outer loop
vertex 41.192405700683594 27.286846160888672 6.5
vertex 43.54123306274414 38.04125213623047 6.5
vertex 41.16984558105469 27.37103271484375 6.5
endloop
endfacet
facet normal 0 0 1
outer loop
vertex 41.192405700683594 27.286846160888672 6.5
vertex 41.20000076293945 27.200021743774414 6.5
vertex 43.54123306274414 38.04125213623047 6.5
endloop
endfacet
facet normal 0 0 1
outer loop
vertex 43.54123306274414 38.04125213623047 6.5
vertex 40.78682327270508 27.692424774169922 6.5
vertex 40.871009826660156 27.66986846923828 6.5
endloop
endfacet
facet normal 0 0 1
outer loop
vertex 43.54123306274414 38.04125213623047 6.5
vertex 25.19240379333496 35.28684616088867 6.5
vertex 40.78682327270508 27.692424774169922 6.5
endloop
endfacet
facet normal 0 0 1
outer loop
vertex 43.54123306274414 38.04125213623047 6.5
vertex 24.871009826660156 35.66986846923828 6.5
vertex 24.950000762939453 35.633033752441406 6.5
endloop
endfacet
facet normal 0 0 1
outer loop
vertex 43.54123306274414 38.04125213623047 6.5
vertex 24.786823272705078 35.69242477416992 6.5
vertex 24.871009826660156 35.66986846923828 6.5
endloop
endfacet
facet normal 0 -1 0
outer loop
vertex -49.5 -43.999977111816406 1.5
vertex -49.5 -43.999977111816406 -3.700000047683716
vertex -24.277292251586914 -43.999977111816406 -3.700000047683716
endloop
endfacet
facet normal 0 0 1
outer loop
vertex 43.54123306274414 38.04125213623047 6.5
vertex 24.700000762939453 35.70002365112305 6.5
vertex 24.786823272705078 35.69242477416992 6.5
endloop
endfacet
facet normal 0 0 1
outer loop
vertex 43.54123306274414 38.04125213623047 6.5
vertex 25.133012771606445 35.45002365112305 6.5
vertex 25.169845581054688 35.37103271484375 6.5
endloop
endfacet
facet normal 0 0 1
outer loop
vertex 25.083023071289062 35.52141571044922 6.5
vertex 25.133012771606445 35.45002365112305 6.5
vertex 43.54123306274414 38.04125213623047 6.5
endloop
endfacet
facet normal 0 0 1
outer loop
vertex 25.021394729614258 35.583045959472656 6.5
vertex 25.083023071289062 35.52141571044922 6.5
vertex 43.54123306274414 38.04125213623047 6.5
endloop
endfacet
facet normal 0 0 1
outer loop
vertex 24.950000762939453 35.633033752441406 6.5
vertex 25.021394729614258 35.583045959472656 6.5
vertex 43.54123306274414 38.04125213623047 6.5
endloop
endfacet
facet normal 0 0 1
outer loop
vertex 25.169845581054688 35.37103271484375 6.5
vertex 25.19240379333496 35.28684616088867 6.5
vertex 43.54123306274414 38.04125213623047 6.5
endloop
endfacet
facet normal 0 0 1
outer loop
vertex 40.70000076293945 27.700021743774414 6.5
vertex 40.78682327270508 27.692424774169922 6.5
vertex 25.19240379333496 35.28684616088867 6.5
endloop
endfacet
facet normal 0 0 1
outer loop
vertex 25.200000762939453 35.20002365112305 6.5
vertex 40.70000076293945 27.700021743774414 6.5
vertex 25.19240379333496 35.28684616088867 6.5
endloop
endfacet
facet normal 0 0 1
outer loop
vertex 25.200000762939453 35.20002365112305 6.5
vertex 25.200000762939453 27.700021743774414 6.5
vertex 40.70000076293945 27.700021743774414 6.5
endloop
endfacet
facet normal 0 -1 0
outer loop
vertex -49.5 -43.999977111816406 1.5
vertex -24.277292251586914 -43.999977111816406 -3.700000047683716
vertex -24.074024200439453 -43.999977111816406 -3.564180612564087
endloop
endfacet
facet normal 0 -1 0
outer loop
vertex -49.5 -43.999977111816406 1.5
vertex -24.074024200439453 -43.999977111816406 -3.564180612564087
vertex -23.5 -43.999977111816406 -3.450000047683716
endloop
endfacet
facet normal 0 -1 0
outer loop
vertex 24.700000762939453 27.200021743774414 5.5
vertex 40.70000076293945 27.200021743774414 2.200000047683716
vertex 40.70000076293945 27.200021743774414 5.5
endloop
endfacet
facet normal 0 -1 0
outer loop
vertex 24.700000762939453 27.200021743774414 5.5
vertex 24.700000762939453 27.200021743774414 2.200000047683716
vertex 40.70000076293945 27.200021743774414 2.200000047683716
endloop
endfacet
facet normal 0 -1 0
outer loop
vertex -49.5 -43.999977111816406 1.5
vertex -23.5 -43.999977111816406 -3.450000047683716
vertex -11.5 -43.999977111816406 -3.450000047683716
endloop
endfacet
facet normal 0 0 1
outer loop
vertex 41.20000076293945 27.200021743774414 6.5
vertex 41.20000076293945 -22.19997787475586 6.5
vertex 43.54123306274414 38.04125213623047 6.5
endloop
endfacet
facet normal -1 0 0
outer loop
vertex 40.70000076293945 27.200021743774414 2.200000047683716
vertex 40.70000076293945 -22.19997787475586 2.200000047683716
vertex 40.70000076293945 27.200021743774414 5.5
endloop
endfacet
facet normal 0 0 -1
outer loop
vertex -47.116493225097656 -41.61647033691406 -5.699999809265137
vertex -47.116493225097656 41.61651611328125 -5.699999809265137
vertex -47 -41.499977111816406 -5.699999809265137
endloop
endfacet
facet normal -1 0 0
outer loop
vertex -49.5 -43.999977111816406 -3.700000047683716
vertex -49.5 -43.999977111816406 1.5
vertex -49.5 44.000022888183594 1.5
endloop
endfacet
facet normal -1 0 0
outer loop
vertex 24.700000762939453 35.20002365112305 5.5
vertex 24.700000762939453 27.200021743774414 2.200000047683716
vertex 24.700000762939453 27.200021743774414 5.5
endloop
endfacet
facet normal 0 0 1
outer loop
vertex -43.54123306274414 38.04125213623047 6.5
vertex 24.700000762939453 35.70002365112305 6.5
vertex 43.54123306274414 38.04125213623047 6.5
endloop
endfacet
facet normal 0 -1 0
outer loop
vertex -40.70000076293945 35.20002365112305 5.5
vertex 24.700000762939453 35.20002365112305 2.200000047683716
vertex 24.700000762939453 35.20002365112305 5.5
endloop
endfacet
facet normal -1 0 0
outer loop
vertex 24.700000762939453 35.20002365112305 2.200000047683716
vertex 24.700000762939453 27.200021743774414 2.200000047683716
vertex 24.700000762939453 35.20002365112305 5.5
endloop
endfacet
facet normal 1 0 0
outer loop
vertex 49.5 -43.999977111816406 1.5
vertex 49.5 44.000022888183594 -3.700000047683716
vertex 49.5 44.000022888183594 1.5
endloop
endfacet
facet normal 0 0 -1
outer loop
vertex 47.116493225097656 -41.61647033691406 -5.699999809265137
vertex 47 41.500022888183594 -5.699999809265137
vertex 47.116493225097656 41.61651611328125 -5.699999809265137
endloop
endfacet
facet normal 0 1 0
outer loop
vertex 49.5 44.000022888183594 -3.700000047683716
vertex -49.5 44.000022888183594 -3.700000047683716
vertex 49.5 44.000022888183594 1.5
endloop
endfacet
facet normal 0 0 -1
outer loop
vertex 47 41.500022888183594 -5.699999809265137
vertex -47 41.500022888183594 -5.699999809265137
vertex 47.116493225097656 41.61651611328125 -5.699999809265137
endloop
endfacet
facet normal 0 0 1
outer loop
vertex 41.20000076293945 -22.19997787475586 6.5
vertex 43.54123306274414 -38.04121017456055 6.5
vertex 43.54123306274414 38.04125213623047 6.5
endloop
endfacet
facet normal -1 0 0
outer loop
vertex 40.70000076293945 -22.19997787475586 5.5
vertex 40.70000076293945 27.200021743774414 5.5
vertex 40.70000076293945 -22.19997787475586 2.200000047683716
endloop
endfacet
facet normal 0 0 1
outer loop
vertex 41.192405700683594 -22.286802291870117 6.5
vertex 43.54123306274414 -38.04121017456055 6.5
vertex 41.20000076293945 -22.19997787475586 6.5
endloop
endfacet
facet normal 0 0 1
outer loop
vertex 41.16984558105469 -22.370988845825195 6.5
vertex 43.54123306274414 -38.04121017456055 6.5
vertex 41.192405700683594 -22.286802291870117 6.5
endloop
endfacet
facet normal 0 0 1
outer loop
vertex 41.13301086425781 -22.44997787475586 6.5
vertex 43.54123306274414 -38.04121017456055 6.5
vertex 41.16984558105469 -22.370988845825195 6.5
endloop
endfacet
facet normal 0 0 1
outer loop
vertex 41.08302307128906 -22.521371841430664 6.5
vertex 43.54123306274414 -38.04121017456055 6.5
vertex 41.13301086425781 -22.44997787475586 6.5
endloop
endfacet
facet normal 0 0 1
outer loop
vertex 41.021392822265625 -22.58300018310547 6.5
vertex 43.54123306274414 -38.04121017456055 6.5
vertex 41.08302307128906 -22.521371841430664 6.5
endloop
endfacet
facet normal 0 0 1
outer loop
vertex 40.95000076293945 -22.632991790771484 6.5
vertex 43.54123306274414 -38.04121017456055 6.5
vertex 41.021392822265625 -22.58300018310547 6.5
endloop
endfacet
facet normal 0 0 1
outer loop
vertex 40.871009826660156 -22.669824600219727 6.5
vertex 43.54123306274414 -38.04121017456055 6.5
vertex 40.95000076293945 -22.632991790771484 6.5
endloop
endfacet
facet normal 0 0 1
outer loop
vertex 40.78682327270508 -22.6923828125 6.5
vertex 43.54123306274414 -38.04121017456055 6.5
vertex 40.871009826660156 -22.669824600219727 6.5
endloop
endfacet
facet normal 0 0 1
outer loop
vertex 40.70000076293945 -22.69997787475586 6.5
vertex 25.169845581054688 -30.370988845825195 6.5
vertex 40.78682327270508 -22.6923828125 6.5
endloop
endfacet
facet normal 0 0 1
outer loop
vertex 25.169845581054688 -30.370988845825195 6.5
vertex 43.54123306274414 -38.04121017456055 6.5
vertex 40.78682327270508 -22.6923828125 6.5
endloop
endfacet
facet normal 0 0 1
outer loop
vertex 25.169845581054688 -30.370988845825195 6.5
vertex 25.133012771606445 -30.44997787475586 6.5
vertex 43.54123306274414 -38.04121017456055 6.5
endloop
endfacet
facet normal 0 0 1
outer loop
vertex 25.200000762939453 -22.69997787475586 6.5
vertex 25.200000762939453 -30.19997787475586 6.5
vertex 40.70000076293945 -22.69997787475586 6.5
endloop
endfacet
facet normal 0 0 1
outer loop
vertex 25.200000762939453 -30.19997787475586 6.5
vertex 25.19240379333496 -30.286802291870117 6.5
vertex 40.70000076293945 -22.69997787475586 6.5
endloop
endfacet
facet normal 0 0 -1
outer loop
vertex -10 -41.499977111816406 -5.699999809265137
vertex -6 -41.61647033691406 -5.699999809265137
vertex -10 -41.61647033691406 -5.699999809265137
endloop
endfacet
facet normal 0 0 1
outer loop
vertex 25.19240379333496 -30.286802291870117 6.5
vertex 25.169845581054688 -30.370988845825195 6.5
vertex 40.70000076293945 -22.69997787475586 6.5
endloop
endfacet
facet normal 0 0 -1
outer loop
vertex -6 -41.499977111816406 -5.699999809265137
vertex -6 -41.61647033691406 -5.699999809265137
vertex -10 -41.499977111816406 -5.699999809265137
endloop
endfacet
facet normal 0 1 0
outer loop
vertex 40.70000076293945 -22.19997787475586 5.5
vertex 24.700000762939453 -22.19997787475586 2.200000047683716
vertex 24.700000762939453 -22.19997787475586 5.5
endloop
endfacet
facet normal 0 0 1
outer loop
vertex 25.083023071289062 -30.521371841430664 6.5
vertex 43.54123306274414 -38.04121017456055 6.5
vertex 25.133012771606445 -30.44997787475586 6.5
endloop
endfacet
facet normal 0 0 1
outer loop
vertex 25.021394729614258 -30.58300018310547 6.5
vertex 43.54123306274414 -38.04121017456055 6.5
vertex 25.083023071289062 -30.521371841430664 6.5
endloop
endfacet
facet normal 0 0 1
outer loop
vertex 24.950000762939453 -30.632991790771484 6.5
vertex 43.54123306274414 -38.04121017456055 6.5
vertex 25.021394729614258 -30.58300018310547 6.5
endloop
endfacet
facet normal 0 0 1
outer loop
vertex 24.871009826660156 -30.669824600219727 6.5
vertex 43.54123306274414 -38.04121017456055 6.5
vertex 24.950000762939453 -30.632991790771484 6.5
endloop
endfacet
facet normal 0 0 1
outer loop
vertex 24.786823272705078 -30.6923828125 6.5
vertex 43.54123306274414 -38.04121017456055 6.5
vertex 24.871009826660156 -30.669824600219727 6.5
endloop
endfacet
facet normal 0 0 1
outer loop
vertex 24.786823272705078 -30.6923828125 6.5
vertex 24.700000762939453 -30.69997787475586 6.5
vertex 43.54123306274414 -38.04121017456055 6.5
endloop
endfacet
facet normal 0 1 0
outer loop
vertex 24.700000762939453 -22.19997787475586 2.200000047683716
vertex 40.70000076293945 -22.19997787475586 5.5
vertex 40.70000076293945 -22.19997787475586 2.200000047683716
endloop
endfacet
facet normal -1 0 0
outer loop
vertex 24.700000762939453 -22.19997787475586 5.5
vertex 24.700000762939453 -30.19997787475586 2.200000047683716
vertex 24.700000762939453 -30.19997787475586 5.5
endloop
endfacet
facet normal 0 0 1
outer loop
vertex 24.700000762939453 -30.69997787475586 6.5
vertex -24.700000762939453 -30.69997787475586 6.5
vertex 43.54123306274414 -38.04121017456055 6.5
endloop
endfacet
facet normal -1 0 0
outer loop
vertex 24.700000762939453 -22.19997787475586 2.200000047683716
vertex 24.700000762939453 -30.19997787475586 2.200000047683716
vertex 24.700000762939453 -22.19997787475586 5.5
endloop
endfacet
facet normal 0 1 0
outer loop
vertex 24.700000762939453 -30.19997787475586 2.200000047683716
vertex -24.700000762939453 -30.19997787475586 2.200000047683716
vertex 24.700000762939453 -30.19997787475586 5.5
endloop
endfacet
facet normal 1 0 0
outer loop
vertex 49.5 -43.999977111816406 1.5
vertex 49.5 -43.999977111816406 -3.700000047683716
vertex 49.5 44.000022888183594 -3.700000047683716
endloop
endfacet
facet normal 0 0 -1
outer loop
vertex 47 -41.499977111816406 -5.699999809265137
vertex 47 41.500022888183594 -5.699999809265137
vertex 47.116493225097656 -41.61647033691406 -5.699999809265137
endloop
endfacet
facet normal 0 0 -1
outer loop
vertex 47.116493225097656 -41.61647033691406 -5.699999809265137
vertex 9 -41.61647033691406 -5.699999809265137
vertex 47 -41.499977111816406 -5.699999809265137
endloop
endfacet
facet normal 0 -1 0
outer loop
vertex 49.5 -43.999977111816406 -3.700000047683716
vertex 49.5 -43.999977111816406 1.5
vertex -49.5 -43.999977111816406 1.5
endloop
endfacet
facet normal 0 -1 0
outer loop
vertex 7.5 -43.999977111816406 -3.450000047683716
vertex 49.5 -43.999977111816406 -3.700000047683716
vertex -49.5 -43.999977111816406 1.5
endloop
endfacet
facet normal 0 -1 0
outer loop
vertex 7.5 -43.999977111816406 -3.450000047683716
vertex 8.07402515411377 -43.999977111816406 -3.564180612564087
vertex 49.5 -43.999977111816406 -3.700000047683716
endloop
endfacet
facet normal 0 -1 0
outer loop
vertex 8.07402515411377 -43.999977111816406 -3.564180612564087
vertex 8.27729320526123 -43.999977111816406 -3.700000047683716
vertex 49.5 -43.999977111816406 -3.700000047683716
endloop
endfacet
facet normal 0 -1 0
outer loop
vertex -10.92597484588623 -43.999977111816406 -3.564180612564087
vertex -10.72270679473877 -43.999977111816406 -3.700000047683716
vertex -5.0740251541137695 -43.999977111816406 -3.564180612564087
endloop
endfacet
facet normal 0 -1 0
outer loop
vertex -11.5 -43.999977111816406 -3.450000047683716
vertex -10.92597484588623 -43.999977111816406 -3.564180612564087
vertex -4.5 -43.999977111816406 -3.450000047683716
endloop
endfacet
facet normal 0 0 -1
outer loop
vertex 9 -41.61647033691406 -5.699999809265137
vertex 9 -41.499977111816406 -5.699999809265137
vertex 47 -41.499977111816406 -5.699999809265137
endloop
endfacet
facet normal 0 0 1
outer loop
vertex -40.70000076293945 35.70002365112305 6.5
vertex 24.700000762939453 35.70002365112305 6.5
vertex -43.54123306274414 38.04125213623047 6.5
endloop
endfacet
facet normal 0 -1 0
outer loop
vertex -10.72270679473877 -43.999977111816406 -3.700000047683716
vertex -5.2772932052612305 -43.999977111816406 -3.700000047683716
vertex -5.0740251541137695 -43.999977111816406 -3.564180612564087
endloop
endfacet
facet normal 0 -1 0
outer loop
vertex -10.92597484588623 -43.999977111816406 -3.564180612564087
vertex -5.0740251541137695 -43.999977111816406 -3.564180612564087
vertex -4.5 -43.999977111816406 -3.450000047683716
endloop
endfacet
facet normal 0 -1 0
outer loop
vertex -40.70000076293945 35.20002365112305 5.5
vertex -40.70000076293945 35.20002365112305 2.200000047683716
vertex 24.700000762939453 35.20002365112305 2.200000047683716
endloop
endfacet
facet normal 1 0 0
outer loop
vertex -24.700000762939453 17.80002212524414 5.5
vertex -24.700000762939453 11.200021743774414 5.5
vertex -24.700000762939453 17.80002212524414 2.200000047683716
endloop
endfacet
facet normal 0 1 0
outer loop
vertex -40.70000076293945 -22.19997787475586 2.200000047683716
vertex -24.700000762939453 -22.19997787475586 5.5
vertex -24.700000762939453 -22.19997787475586 2.200000047683716
endloop
endfacet
facet normal 0 0 1
outer loop
vertex 43.54123306274414 38.04125213623047 6.5
vertex 40.871009826660156 27.66986846923828 6.5
vertex 40.95000076293945 27.633033752441406 6.5
endloop
endfacet
facet normal 1 0 0
outer loop
vertex -24.700000762939453 11.200021743774414 5.5
vertex -24.700000762939453 11.200021743774414 2.200000047683716
vertex -24.700000762939453 17.80002212524414 2.200000047683716
endloop
endfacet
facet normal 0 0 1
outer loop
vertex -43.54123306274414 38.04125213623047 6.5
vertex -40.78682327270508 35.69242477416992 6.5
vertex -40.70000076293945 35.70002365112305 6.5
endloop
endfacet
facet normal 0 0 1
outer loop
vertex -43.54123306274414 38.04125213623047 6.5
vertex -40.871009826660156 35.66986846923828 6.5
vertex -40.78682327270508 35.69242477416992 6.5
endloop
endfacet
facet normal 0 0 1
outer loop
vertex -43.54123306274414 38.04125213623047 6.5
vertex -40.95000076293945 35.633033752441406 6.5
vertex -40.871009826660156 35.66986846923828 6.5
endloop
endfacet
facet normal 0 0 1
outer loop
vertex -43.54123306274414 38.04125213623047 6.5
vertex -41.021392822265625 35.583045959472656 6.5
vertex -40.95000076293945 35.633033752441406 6.5
endloop
endfacet
facet normal 0 -1 0
outer loop
vertex -4.5 -43.999977111816406 -3.450000047683716
vertex -49.5 -43.999977111816406 1.5
vertex -11.5 -43.999977111816406 -3.450000047683716
endloop
endfacet
facet normal 0 -1 0
outer loop
vertex -4.5 -43.999977111816406 -3.450000047683716
vertex 7.5 -43.999977111816406 -3.450000047683716
vertex -49.5 -43.999977111816406 1.5
endloop
endfacet
facet normal 0 0 1
outer loop
vertex -41.08302307128906 35.52141571044922 6.5
vertex -41.021392822265625 35.583045959472656 6.5
vertex -43.54123306274414 38.04125213623047 6.5
endloop
endfacet
facet normal 0 0 1
outer loop
vertex -41.13301086425781 35.45002365112305 6.5
vertex -43.54123306274414 38.04125213623047 6.5
vertex -41.16984558105469 35.37103271484375 6.5
endloop
endfacet
facet normal 0 0 1
outer loop
vertex -43.54123306274414 38.04125213623047 6.5
vertex -41.13301086425781 35.45002365112305 6.5
vertex -41.08302307128906 35.52141571044922 6.5
endloop
endfacet
facet normal 0 0 1
outer loop
vertex -43.54123306274414 38.04125213623047 6.5
vertex -41.192405700683594 35.28684616088867 6.5
vertex -41.16984558105469 35.37103271484375 6.5
endloop
endfacet
facet normal 0 0 1
outer loop
vertex -43.54123306274414 38.04125213623047 6.5
vertex -41.20000076293945 35.20002365112305 6.5
vertex -41.192405700683594 35.28684616088867 6.5
endloop
endfacet
facet normal 0 0 1
outer loop
vertex -43.54123306274414 38.04125213623047 6.5
vertex -43.54123306274414 -4.344541072845459 6.5
vertex -41.20000076293945 35.20002365112305 6.5
endloop
endfacet
facet normal 1 0 0
outer loop
vertex -40.70000076293945 17.80002212524414 5.5
vertex -40.70000076293945 35.20002365112305 2.200000047683716
vertex -40.70000076293945 35.20002365112305 5.5
endloop
endfacet
facet normal 1 0 0
outer loop
vertex -40.70000076293945 17.80002212524414 5.5
vertex -40.70000076293945 17.80002212524414 2.200000047683716
vertex -40.70000076293945 35.20002365112305 2.200000047683716
endloop
endfacet
facet normal 0 0 1
outer loop
vertex -40.70000076293945 17.30002212524414 6.5
vertex -25.200000762939453 11.700021743774414 6.5
vertex -25.200000762939453 17.30002212524414 6.5
endloop
endfacet
facet normal 0 0 1
outer loop
vertex -40.70000076293945 17.30002212524414 6.5
vertex -40.70000076293945 11.700021743774414 6.5
vertex -25.200000762939453 11.700021743774414 6.5
endloop
endfacet
facet normal 0 -1 0
outer loop
vertex -40.70000076293945 11.200021743774414 5.5
vertex -24.700000762939453 11.200021743774414 2.200000047683716
vertex -24.700000762939453 11.200021743774414 5.5
endloop
endfacet
facet normal 0 1 0
outer loop
vertex -24.700000762939453 17.80002212524414 5.5
vertex -40.70000076293945 17.80002212524414 2.200000047683716
vertex -40.70000076293945 17.80002212524414 5.5
endloop
endfacet
facet normal 0 0 1
outer loop
vertex -40.78682327270508 17.3076171875 6.5
vertex -40.70000076293945 11.700021743774414 6.5
vertex -40.70000076293945 17.30002212524414 6.5
endloop
endfacet
facet normal 0 0 1
outer loop
vertex -41.20000076293945 17.80002212524414 6.5
vertex -41.20000076293945 35.20002365112305 6.5
vertex -43.54123306274414 -4.344541072845459 6.5
endloop
endfacet
facet normal 0 0 1
outer loop
vertex -40.78682327270508 17.3076171875 6.5
vertex -40.78682327270508 11.692425727844238 6.5
vertex -40.70000076293945 11.700021743774414 6.5
endloop
endfacet
facet normal 0 0 1
outer loop
vertex -40.78682327270508 17.3076171875 6.5
vertex -40.95000076293945 11.633034706115723 6.5
vertex -40.871009826660156 11.669868469238281 6.5
endloop
endfacet
facet normal 0 0 1
outer loop
vertex -40.871009826660156 11.669868469238281 6.5
vertex -40.78682327270508 11.692425727844238 6.5
vertex -40.78682327270508 17.3076171875 6.5
endloop
endfacet
facet normal 0 0 1
outer loop
vertex -40.78682327270508 17.3076171875 6.5
vertex -41.021392822265625 11.583044052124023 6.5
vertex -40.95000076293945 11.633034706115723 6.5
endloop
endfacet
facet normal 0 0 1
outer loop
vertex -40.78682327270508 17.3076171875 6.5
vertex -41.08302307128906 11.521415710449219 6.5
vertex -41.021392822265625 11.583044052124023 6.5
endloop
endfacet
facet normal 0 0 1
outer loop
vertex -40.78682327270508 17.3076171875 6.5
vertex -41.13301086425781 11.450021743774414 6.5
vertex -41.08302307128906 11.521415710449219 6.5
endloop
endfacet
facet normal 0 0 1
outer loop
vertex -40.78682327270508 17.3076171875 6.5
vertex -41.192405700683594 11.286846160888672 6.5
vertex -41.16984558105469 11.371031761169434 6.5
endloop
endfacet
facet normal 0 0 1
outer loop
vertex -41.16984558105469 11.371031761169434 6.5
vertex -41.13301086425781 11.450021743774414 6.5
vertex -40.78682327270508 17.3076171875 6.5
endloop
endfacet
facet normal 0 0 1
outer loop
vertex -40.871009826660156 17.330175399780273 6.5
vertex -43.54123306274414 -4.344541072845459 6.5
vertex -40.78682327270508 17.3076171875 6.5
endloop
endfacet
facet normal 0 0 1
outer loop
vertex -43.54123306274414 -4.344541072845459 6.5
vertex -41.192405700683594 17.713197708129883 6.5
vertex -41.20000076293945 17.80002212524414 6.5
endloop
endfacet
facet normal 0 0 1
outer loop
vertex -43.54123306274414 -4.344541072845459 6.5
vertex -41.16984558105469 17.629011154174805 6.5
vertex -41.192405700683594 17.713197708129883 6.5
endloop
endfacet
facet normal 0 0 1
outer loop
vertex -41.021392822265625 17.41699981689453 6.5
vertex -43.54123306274414 -4.344541072845459 6.5
vertex -40.95000076293945 17.367008209228516 6.5
endloop
endfacet
facet normal 0 0 1
outer loop
vertex -41.13301086425781 17.55002212524414 6.5
vertex -43.54123306274414 -4.344541072845459 6.5
vertex -41.08302307128906 17.478628158569336 6.5
endloop
endfacet
facet normal 0 0 1
outer loop
vertex -43.54123306274414 -4.344541072845459 6.5
vertex -41.13301086425781 17.55002212524414 6.5
vertex -41.16984558105469 17.629011154174805 6.5
endloop
endfacet
facet normal 0 0 1
outer loop
vertex -43.54123306274414 -4.344541072845459 6.5
vertex -41.021392822265625 17.41699981689453 6.5
vertex -41.08302307128906 17.478628158569336 6.5
endloop
endfacet
facet normal 0 0 1
outer loop
vertex -43.54123306274414 -4.344541072845459 6.5
vertex -40.871009826660156 17.330175399780273 6.5
vertex -40.95000076293945 17.367008209228516 6.5
endloop
endfacet
facet normal 0 0 1
outer loop
vertex -43.54123306274414 -4.344541072845459 6.5
vertex -41.192405700683594 11.286846160888672 6.5
vertex -40.78682327270508 17.3076171875 6.5
endloop
endfacet
facet normal 0 0 1
outer loop
vertex -43.54123306274414 -4.344541072845459 6.5
vertex -41.20000076293945 11.200021743774414 6.5
vertex -41.192405700683594 11.286846160888672 6.5
endloop
endfacet
facet normal 1 0 0
outer loop
vertex -40.70000076293945 -22.19997787475586 5.5
vertex -40.70000076293945 11.200021743774414 2.200000047683716
vertex -40.70000076293945 11.200021743774414 5.5
endloop
endfacet
facet normal 0 1 0
outer loop
vertex -24.700000762939453 17.80002212524414 2.200000047683716
vertex -40.70000076293945 17.80002212524414 2.200000047683716
vertex -24.700000762939453 17.80002212524414 5.5
endloop
endfacet
facet normal 0 -1 0
outer loop
vertex -40.70000076293945 11.200021743774414 2.200000047683716
vertex -24.700000762939453 11.200021743774414 2.200000047683716
vertex -40.70000076293945 11.200021743774414 5.5
endloop
endfacet
facet normal 0 1 0
outer loop
vertex -49.5 44.000022888183594 1.5
vertex 49.5 44.000022888183594 1.5
vertex -49.5 44.000022888183594 -3.700000047683716
endloop
endfacet
facet normal 0 0 -1
outer loop
vertex -47.116493225097656 41.61651611328125 -5.699999809265137
vertex 47.116493225097656 41.61651611328125 -5.699999809265137
vertex -47 41.500022888183594 -5.699999809265137
endloop
endfacet
facet normal -1 0 0
outer loop
vertex -49.5 44.000022888183594 -3.700000047683716
vertex -49.5 -43.999977111816406 -3.700000047683716
vertex -49.5 44.000022888183594 1.5
endloop
endfacet
facet normal 0 0 -1
outer loop
vertex -47 -41.499977111816406 -5.699999809265137
vertex -47.116493225097656 41.61651611328125 -5.699999809265137
vertex -47 41.500022888183594 -5.699999809265137
endloop
endfacet
facet normal 0 1 0
outer loop
vertex -24.700000762939453 -30.19997787475586 5.5
vertex 24.700000762939453 -30.19997787475586 5.5
vertex -24.700000762939453 -30.19997787475586 2.200000047683716
endloop
endfacet
facet normal 0 0 1
outer loop
vertex -24.700000762939453 -30.69997787475586 6.5
vertex -43.54123306274414 -38.04121017456055 6.5
vertex 43.54123306274414 -38.04121017456055 6.5
endloop
endfacet
facet normal 1 0 0
outer loop
vertex -24.700000762939453 -22.19997787475586 5.5
vertex -24.700000762939453 -30.19997787475586 5.5
vertex -24.700000762939453 -22.19997787475586 2.200000047683716
endloop
endfacet
facet normal 1 0 0
outer loop
vertex -24.700000762939453 -30.19997787475586 2.200000047683716
vertex -24.700000762939453 -22.19997787475586 2.200000047683716
vertex -24.700000762939453 -30.19997787475586 5.5
endloop
endfacet
facet normal 0 0 1
outer loop
vertex -43.54123306274414 -38.04121017456055 6.5
vertex -41.20000076293945 11.200021743774414 6.5
vertex -43.54123306274414 -4.344541072845459 6.5
endloop
endfacet
facet normal 0 0 1
outer loop
vertex -43.54123306274414 -38.04121017456055 6.5
vertex -41.20000076293945 -22.19997787475586 6.5
vertex -41.20000076293945 11.200021743774414 6.5
endloop
endfacet
facet normal 1 0 0
outer loop
vertex -40.70000076293945 -22.19997787475586 5.5
vertex -40.70000076293945 -22.19997787475586 2.200000047683716
vertex -40.70000076293945 11.200021743774414 2.200000047683716
endloop
endfacet
facet normal 0 0 1
outer loop
vertex -40.70000076293945 -22.69997787475586 6.5
vertex -25.200000762939453 -30.19997787475586 6.5
vertex -25.200000762939453 -22.69997787475586 6.5
endloop
endfacet
facet normal 0 0 1
outer loop
vertex -25.19240379333496 -30.286802291870117 6.5
vertex -40.70000076293945 -22.69997787475586 6.5
vertex -25.169845581054688 -30.370988845825195 6.5
endloop
endfacet
facet normal 0 0 1
outer loop
vertex -40.70000076293945 -22.69997787475586 6.5
vertex -25.19240379333496 -30.286802291870117 6.5
vertex -25.200000762939453 -30.19997787475586 6.5
endloop
endfacet
facet normal 0 0 1
outer loop
vertex -40.70000076293945 -22.69997787475586 6.5
vertex -40.78682327270508 -22.6923828125 6.5
vertex -25.169845581054688 -30.370988845825195 6.5
endloop
endfacet
facet normal 0 0 1
outer loop
vertex -25.169845581054688 -30.370988845825195 6.5
vertex -43.54123306274414 -38.04121017456055 6.5
vertex -25.133012771606445 -30.44997787475586 6.5
endloop
endfacet
facet normal 0 0 1
outer loop
vertex -40.78682327270508 -22.6923828125 6.5
vertex -43.54123306274414 -38.04121017456055 6.5
vertex -25.169845581054688 -30.370988845825195 6.5
endloop
endfacet
facet normal 0 1 0
outer loop
vertex -24.700000762939453 -22.19997787475586 5.5
vertex -40.70000076293945 -22.19997787475586 2.200000047683716
vertex -40.70000076293945 -22.19997787475586 5.5
endloop
endfacet
facet normal 0 0 1
outer loop
vertex -24.786823272705078 -30.6923828125 6.5
vertex -43.54123306274414 -38.04121017456055 6.5
vertex -24.700000762939453 -30.69997787475586 6.5
endloop
endfacet
facet normal 0 0 1
outer loop
vertex -24.871009826660156 -30.669824600219727 6.5
vertex -43.54123306274414 -38.04121017456055 6.5
vertex -24.786823272705078 -30.6923828125 6.5
endloop
endfacet
facet normal 0 0 1
outer loop
vertex -24.950000762939453 -30.632991790771484 6.5
vertex -43.54123306274414 -38.04121017456055 6.5
vertex -24.871009826660156 -30.669824600219727 6.5
endloop
endfacet
facet normal 0 0 1
outer loop
vertex -25.083023071289062 -30.521371841430664 6.5
vertex -43.54123306274414 -38.04121017456055 6.5
vertex -25.021394729614258 -30.58300018310547 6.5
endloop
endfacet
facet normal 0 0 1
outer loop
vertex -43.54123306274414 -38.04121017456055 6.5
vertex -24.950000762939453 -30.632991790771484 6.5
vertex -25.021394729614258 -30.58300018310547 6.5
endloop
endfacet
facet normal 0 0 1
outer loop
vertex -43.54123306274414 -38.04121017456055 6.5
vertex -25.083023071289062 -30.521371841430664 6.5
vertex -25.133012771606445 -30.44997787475586 6.5
endloop
endfacet
facet normal 0 0 1
outer loop
vertex -40.871009826660156 -22.669824600219727 6.5
vertex -43.54123306274414 -38.04121017456055 6.5
vertex -40.78682327270508 -22.6923828125 6.5
endloop
endfacet
facet normal 0 0 1
outer loop
vertex -41.16984558105469 -22.370988845825195 6.5
vertex -43.54123306274414 -38.04121017456055 6.5
vertex -41.13301086425781 -22.44997787475586 6.5
endloop
endfacet
facet normal 0 0 1
outer loop
vertex -43.54123306274414 -38.04121017456055 6.5
vertex -41.08302307128906 -22.521371841430664 6.5
vertex -41.13301086425781 -22.44997787475586 6.5
endloop
endfacet
facet normal 0 0 1
outer loop
vertex -41.021392822265625 -22.58300018310547 6.5
vertex -43.54123306274414 -38.04121017456055 6.5
vertex -40.95000076293945 -22.632991790771484 6.5
endloop
endfacet
facet normal 0 0 1
outer loop
vertex -43.54123306274414 -38.04121017456055 6.5
vertex -40.871009826660156 -22.669824600219727 6.5
vertex -40.95000076293945 -22.632991790771484 6.5
endloop
endfacet
facet normal 0 0 1
outer loop
vertex -43.54123306274414 -38.04121017456055 6.5
vertex -41.021392822265625 -22.58300018310547 6.5
vertex -41.08302307128906 -22.521371841430664 6.5
endloop
endfacet
facet normal 0 0 1
outer loop
vertex -41.192405700683594 -22.286802291870117 6.5
vertex -43.54123306274414 -38.04121017456055 6.5
vertex -41.16984558105469 -22.370988845825195 6.5
endloop
endfacet
facet normal 0 0 1
outer loop
vertex -43.54123306274414 -38.04121017456055 6.5
vertex -41.192405700683594 -22.286802291870117 6.5
vertex -41.20000076293945 -22.19997787475586 6.5
endloop
endfacet
facet normal -1 0 0
outer loop
vertex -8.949999809265137 17.55002212524414 2.200000047683716
vertex -8.949999809265137 17.55002212524414 0
vertex -8.949999809265137 14.000021934509277 1
endloop
endfacet
facet normal 0 0 -1
outer loop
vertex 7.827754497528076 -21.25572395324707 0
vertex 7.999961853027344 -21.28997802734375 0
vertex 7.827754497528076 -21.694232940673828 0
endloop
endfacet
facet normal 0 0 -1
outer loop
vertex -8.415492057800293 -25.747770309448242 0
vertex -8.949999809265137 -24.99997901916504 0
vertex -8.270349502563477 -24.99997901916504 0
endloop
endfacet
facet normal 0 0 -1
outer loop
vertex -8.415492057800293 -25.747770309448242 0
vertex -8.171953201293945 -25.065723419189453 0
vertex -8.317944526672363 -25.60177993774414 0
endloop
endfacet
facet normal 0 0 -1
outer loop
vertex -8.317944526672363 -25.60177993774414 0
vertex -8.171953201293945 -25.065723419189453 0
vertex -8.171953201293945 -25.50423240661621 0
endloop
endfacet
facet normal 0 0 -1
outer loop
vertex -8.171953201293945 -25.065723419189453 0
vertex -8.415492057800293 -25.747770309448242 0
vertex -8.270349502563477 -24.99997901916504 0
endloop
endfacet
facet normal 0 0 -1
outer loop
vertex -8.171953201293945 -25.50423240661621 0
vertex -7.999745845794678 -25.099977493286133 0
vertex -7.999745845794678 -25.46997833251953 0
endloop
endfacet
facet normal 0 0 -1
outer loop
vertex -7.999745845794678 -25.46997833251953 0
vertex -7.999745845794678 -25.099977493286133 0
vertex -7.82753849029541 -25.50423240661621 0
endloop
endfacet
facet normal 0 0 -1
outer loop
vertex -7.999745845794678 -25.099977493286133 0
vertex -8.171953201293945 -25.50423240661621 0
vertex -8.171953201293945 -25.065723419189453 0
endloop
endfacet
facet normal 0 0 -1
outer loop
vertex -7.82753849029541 -25.50423240661621 0
vertex -7.729143142700195 -24.99997901916504 0
vertex -7.681548118591309 -25.60177993774414 0
endloop
endfacet
facet normal 0 0 -1
outer loop
vertex -7.82753849029541 -25.50423240661621 0
vertex -7.999745845794678 -25.099977493286133 0
vertex -7.82753849029541 -25.065723419189453 0
endloop
endfacet
facet normal 0 0 -1
outer loop
vertex -7.729143142700195 -24.99997901916504 0
vertex -7.82753849029541 -25.50423240661621 0
vertex -7.82753849029541 -25.065723419189453 0
endloop
endfacet
facet normal 0 0 -1
outer loop
vertex -7.584000110626221 -27.017770767211914 0
vertex -7.681548118591309 -26.238176345825195 0
vertex -7.050000190734863 -28.549978256225586 0
endloop
endfacet
facet normal 0 0 -1
outer loop
vertex -7.681548118591309 -26.238176345825195 0
vertex -7.584000110626221 -26.092185974121094 0
vertex -7.050000190734863 -28.549978256225586 0
endloop
endfacet
facet normal 0 0 -1
outer loop
vertex -7.584000110626221 -26.092185974121094 0
vertex -7.549746036529541 -25.919979095458984 0
vertex -7.050000190734863 -28.549978256225586 0
endloop
endfacet
facet normal 0 0 -1
outer loop
vertex -7.681548118591309 -26.238176345825195 0
vertex -7.584000110626221 -27.017770767211914 0
vertex -7.681548118591309 -26.871780395507812 0
endloop
endfacet
facet normal 0 0 -1
outer loop
vertex -7.681548118591309 -26.871780395507812 0
vertex -7.82753849029541 -26.335723876953125 0
vertex -7.681548118591309 -26.238176345825195 0
endloop
endfacet
facet normal 0 0 -1
outer loop
vertex -7.050000190734863 -28.549978256225586 0
vertex -7.549746036529541 -25.919979095458984 0
vertex -7.050000190734863 -24.99997901916504 0
endloop
endfacet
facet normal 0 0 -1
outer loop
vertex -7.050000190734863 -24.99997901916504 0
vertex -7.549746036529541 -25.919979095458984 0
vertex -7.584000110626221 -25.747770309448242 0
endloop
endfacet
facet normal 0 0 -1
outer loop
vertex -7.050000190734863 -24.99997901916504 0
vertex -7.584000110626221 -25.747770309448242 0
vertex -7.681548118591309 -25.60177993774414 0
endloop
endfacet
facet normal 0 0 -1
outer loop
vertex -7.050000190734863 -24.99997901916504 0
vertex -7.681548118591309 -25.60177993774414 0
vertex -7.729143142700195 -24.99997901916504 0
endloop
endfacet
facet normal -1 0 0
outer loop
vertex -8.949999809265137 1.5500218868255615 0
vertex -8.949999809265137 -1.9999781847000122 1
vertex -8.949999809265137 1.5500218868255615 2.200000047683716
endloop
endfacet
facet normal -1 0 0
outer loop
vertex 39.04999923706055 25.55002212524414 2.200000047683716
vertex 39.04999923706055 25.55002212524414 0
vertex 39.04999923706055 22.00002098083496 1
endloop
endfacet
facet normal 1 0 0
outer loop
vertex -7.050000190734863 1.5500218868255615 2.200000047683716
vertex -7.050000190734863 -1.9999781847000122 0
vertex -7.050000190734863 1.5500218868255615 0
endloop
endfacet
facet normal 1 0 0
outer loop
vertex -7.050000190734863 -28.549978256225586 0
vertex -7.050000190734863 -24.99997901916504 0
vertex -7.050000190734863 -24.99997901916504 1
endloop
endfacet
facet normal 0 0 1
outer loop
vertex -8.949999809265137 19.450021743774414 2.200000047683716
vertex -23.049999237060547 17.55002212524414 2.200000047683716
vertex -8.949999809265137 17.55002212524414 2.200000047683716
endloop
endfacet
facet normal 0 0 -1
outer loop
vertex -8.25 -24.286380767822266 0
vertex -8.25 -23.743574142456055 0
vertex -8.171953201293945 -24.23423194885254 0
endloop
endfacet
facet normal 0 0 -1
outer loop
vertex -8.171953201293945 -24.23423194885254 0
vertex -8.171953201293945 -23.795724868774414 0
vertex -7.999745845794678 -24.19997787475586 0
endloop
endfacet
facet normal 0 0 -1
outer loop
vertex -7.999745845794678 -24.19997787475586 0
vertex -7.82753849029541 -23.795724868774414 0
vertex -7.82753849029541 -24.23423194885254 0
endloop
endfacet
facet normal 0 0 -1
outer loop
vertex -7.82753849029541 -24.23423194885254 0
vertex -7.82753849029541 -23.795724868774414 0
vertex -7.75 -24.286041259765625 0
endloop
endfacet
facet normal 0 0 -1
outer loop
vertex -8.171953201293945 -23.795724868774414 0
vertex -8.171953201293945 -24.23423194885254 0
vertex -8.25 -23.743574142456055 0
endloop
endfacet
facet normal 0 0 -1
outer loop
vertex -8.171953201293945 -23.795724868774414 0
vertex -7.999745845794678 -23.829978942871094 0
vertex -7.999745845794678 -24.19997787475586 0
endloop
endfacet
facet normal 0 0 -1
outer loop
vertex -7.82753849029541 -23.795724868774414 0
vertex -7.999745845794678 -24.19997787475586 0
vertex -7.999745845794678 -23.829978942871094 0
endloop
endfacet
facet normal 0 0 -1
outer loop
vertex -7.75 -24.286041259765625 0
vertex -7.82753849029541 -23.795724868774414 0
vertex -7.75 -23.743913650512695 0
endloop
endfacet
facet normal 0 0 -1
outer loop
vertex -8.25 -23.016382217407227 0
vertex -8.25 -22.473745346069336 0
vertex -8.171953201293945 -22.964231491088867 0
endloop
endfacet
facet normal 0 0 -1
outer loop
vertex -8.171953201293945 -22.964231491088867 0
vertex -8 -22.559978485107422 0
vertex -7.999745845794678 -22.929977416992188 0
endloop
endfacet
facet normal 0 0 -1
outer loop
vertex -7.999745845794678 -22.929977416992188 0
vertex -7.827792644500732 -22.525724411010742 0
vertex -7.82753849029541 -22.964231491088867 0
endloop
endfacet
facet normal 0 0 -1
outer loop
vertex -7.82753849029541 -22.964231491088867 0
vertex -7.827792644500732 -22.525724411010742 0
vertex -7.75 -23.016042709350586 0
endloop
endfacet
facet normal 0 0 -1
outer loop
vertex -8.171953201293945 -22.964231491088867 0
vertex -8.25 -22.473745346069336 0
vertex -8.172207832336426 -22.525724411010742 0
endloop
endfacet
facet normal 0 0 -1
outer loop
vertex -8 -22.559978485107422 0
vertex -8.171953201293945 -22.964231491088867 0
vertex -8.172207832336426 -22.525724411010742 0
endloop
endfacet
facet normal 0 0 -1
outer loop
vertex -7.827792644500732 -22.525724411010742 0
vertex -7.999745845794678 -22.929977416992188 0
vertex -8 -22.559978485107422 0
endloop
endfacet
facet normal 0 0 -1
outer loop
vertex -7.827792644500732 -22.525724411010742 0
vertex -7.75 -22.473745346069336 0
vertex -7.75 -23.016042709350586 0
endloop
endfacet
facet normal 0 0 1
outer loop
vertex 40.70000076293945 27.200021743774414 2.200000047683716
vertex 24.950000762939453 25.55002212524414 2.200000047683716
vertex 39.04999923706055 25.55002212524414 2.200000047683716
endloop
endfacet
facet normal 0 0 1
outer loop
vertex -8.949999809265137 19.450021743774414 2.200000047683716
vertex -23.049999237060547 19.450021743774414 2.200000047683716
vertex -23.049999237060547 17.55002212524414 2.200000047683716
endloop
endfacet
facet normal 0 0 1
outer loop
vertex 24.700000762939453 27.200021743774414 2.200000047683716
vertex 24.950000762939453 25.55002212524414 2.200000047683716
vertex 40.70000076293945 27.200021743774414 2.200000047683716
endloop
endfacet
facet normal 0 -1 0
outer loop
vertex 24.950000762939453 25.55002212524414 2.200000047683716
vertex 39.04999923706055 25.55002212524414 0
vertex 39.04999923706055 25.55002212524414 2.200000047683716
endloop
endfacet
facet normal 0 0 1
outer loop
vertex -24.950000762939453 19.450021743774414 2.200000047683716
vertex -23.049999237060547 17.55002212524414 2.200000047683716
vertex -23.049999237060547 19.450021743774414 2.200000047683716
endloop
endfacet
facet normal 0 -1 0
outer loop
vertex 24.950000762939453 25.55002212524414 2.200000047683716
vertex 24.950000762939453 25.55002212524414 0
vertex 39.04999923706055 25.55002212524414 0
endloop
endfacet
facet normal 1 0 0
outer loop
vertex 24.950000762939453 22.00002098083496 1
vertex 24.950000762939453 22.00002098083496 0
vertex 24.950000762939453 25.55002212524414 2.200000047683716
endloop
endfacet
facet normal 0 0 1
outer loop
vertex -24.950000762939453 19.450021743774414 2.200000047683716
vertex -24.700000762939453 17.80002212524414 2.200000047683716
vertex -23.049999237060547 17.55002212524414 2.200000047683716
endloop
endfacet
facet normal 1 0 0
outer loop
vertex 24.950000762939453 22.00002098083496 0
vertex 24.950000762939453 25.55002212524414 0
vertex 24.950000762939453 25.55002212524414 2.200000047683716
endloop
endfacet
facet normal -1 0 0
outer loop
vertex 39.04999923706055 22.00002098083496 1
vertex 39.04999923706055 15.000021934509277 1
vertex 39.04999923706055 25.55002212524414 2.200000047683716
endloop
endfacet
facet normal -1 0 0
outer loop
vertex -8.949999809265137 7.000021934509277 1
vertex -8.949999809265137 7.000021934509277 0
vertex -8.949999809265137 3.450021743774414 2.200000047683716
endloop
endfacet
facet normal -1 0 0
outer loop
vertex 39.04999923706055 15.000021934509277 1
vertex 39.04999923706055 11.450021743774414 2.200000047683716
vertex 39.04999923706055 25.55002212524414 2.200000047683716
endloop
endfacet
facet normal 0 0 1
outer loop
vertex -24.700000762939453 11.200021743774414 2.200000047683716
vertex -23.049999237060547 17.55002212524414 2.200000047683716
vertex -24.700000762939453 17.80002212524414 2.200000047683716
endloop
endfacet
facet normal 0 0 1
outer loop
vertex -24.700000762939453 11.200021743774414 2.200000047683716
vertex -24.950000762939453 9.55002212524414 2.200000047683716
vertex -23.049999237060547 17.55002212524414 2.200000047683716
endloop
endfacet
facet normal 0 -1 0
outer loop
vertex -23.049999237060547 17.55002212524414 2.200000047683716
vertex -8.949999809265137 17.55002212524414 0
vertex -8.949999809265137 17.55002212524414 2.200000047683716
endloop
endfacet
facet normal -1 0 0
outer loop
vertex 39.04999923706055 15.000021934509277 1
vertex 39.04999923706055 15.000021934509277 0
vertex 39.04999923706055 11.450021743774414 2.200000047683716
endloop
endfacet
facet normal 0 1 0
outer loop
vertex -8.949999809265137 19.450021743774414 2.200000047683716
vertex -23.049999237060547 19.450021743774414 0
vertex -23.049999237060547 19.450021743774414 2.200000047683716
endloop
endfacet
facet normal -1 0 0
outer loop
vertex 39.04999923706055 15.000021934509277 0
vertex 39.04999923706055 11.450021743774414 0
vertex 39.04999923706055 11.450021743774414 2.200000047683716
endloop
endfacet
facet normal 0 0 1
outer loop
vertex 39.04999923706055 25.55002212524414 2.200000047683716
vertex 40.70000076293945 -22.19997787475586 2.200000047683716
vertex 40.70000076293945 27.200021743774414 2.200000047683716
endloop
endfacet
facet normal 0 0 1
outer loop
vertex 39.04999923706055 11.450021743774414 2.200000047683716
vertex 40.70000076293945 -22.19997787475586 2.200000047683716
vertex 39.04999923706055 25.55002212524414 2.200000047683716
endloop
endfacet
facet normal -1 0 0
outer loop
vertex 39.04999923706055 9.55002212524414 2.200000047683716
vertex 39.04999923706055 9.55002212524414 0
vertex 39.04999923706055 6.000021934509277 1
endloop
endfacet
facet normal 0 1 0
outer loop
vertex -8.949999809265137 19.450021743774414 0
vertex -23.049999237060547 19.450021743774414 0
vertex -8.949999809265137 19.450021743774414 2.200000047683716
endloop
endfacet
facet normal -1 0 0
outer loop
vertex 39.04999923706055 6.000021934509277 1
vertex 39.04999923706055 -0.9999781847000122 1
vertex 39.04999923706055 9.55002212524414 2.200000047683716
endloop
endfacet
facet normal -1 0 0
outer loop
vertex 39.04999923706055 -0.9999781847000122 1
vertex 39.04999923706055 -4.549978256225586 2.200000047683716
vertex 39.04999923706055 9.55002212524414 2.200000047683716
endloop
endfacet
facet normal 0 -1 0
outer loop
vertex -23.049999237060547 17.55002212524414 2.200000047683716
vertex -23.049999237060547 17.55002212524414 0
vertex -8.949999809265137 17.55002212524414 0
endloop
endfacet
facet normal 0 0 -1
outer loop
vertex -7.999745845794678 -30.179977416992188 0
vertex -7.82753849029541 -30.145723342895508 0
vertex 7.827754497528076 -30.145723342895508 0
endloop
endfacet
facet normal 0 0 -1
outer loop
vertex -7.82753849029541 -30.145723342895508 0
vertex -7.681548118591309 -30.048175811767578 0
vertex 7.681764125823975 -30.048175811767578 0
endloop
endfacet
facet normal 0 0 -1
outer loop
vertex -7.681548118591309 -30.048175811767578 0
vertex -7.584000110626221 -29.902185440063477 0
vertex 7.584216117858887 -29.902185440063477 0
endloop
endfacet
facet normal 0 0 -1
outer loop
vertex -7.584000110626221 -29.902185440063477 0
vertex -7.549746036529541 -29.729978561401367 0
vertex 7.549962043762207 -29.729978561401367 0
endloop
endfacet
facet normal 0 0 -1
outer loop
vertex 7.549962043762207 -29.729978561401367 0
vertex -7.549746036529541 -29.729978561401367 0
vertex -7.584000110626221 -29.557769775390625 0
endloop
endfacet
facet normal 0 0 -1
outer loop
vertex 7.549962043762207 -29.729978561401367 0
vertex -7.584000110626221 -29.557769775390625 0
vertex -7.681548118591309 -29.411779403686523 0
endloop
endfacet
facet normal 0 0 -1
outer loop
vertex -7.999745845794678 -29.279977798461914 0
vertex 7.549962043762207 -29.729978561401367 0
vertex -7.82753849029541 -29.314231872558594 0
endloop
endfacet
facet normal 0 0 -1
outer loop
vertex 7.549962043762207 -29.729978561401367 0
vertex -7.999745845794678 -28.90997886657715 0
vertex -7.82753849029541 -28.87572479248047 0
endloop
endfacet
facet normal 0 0 -1
outer loop
vertex 7.549962043762207 -29.729978561401367 0
vertex -7.681548118591309 -29.411779403686523 0
vertex -7.82753849029541 -29.314231872558594 0
endloop
endfacet
facet normal 0 0 -1
outer loop
vertex 7.549962043762207 -29.729978561401367 0
vertex -7.82753849029541 -28.87572479248047 0
vertex -7.681548118591309 -28.778175354003906 0
endloop
endfacet
facet normal 0 0 -1
outer loop
vertex 7.549962043762207 -29.729978561401367 0
vertex -7.681548118591309 -28.778175354003906 0
vertex -7.584000110626221 -28.632184982299805 0
endloop
endfacet
facet normal 0 0 -1
outer loop
vertex -7.050000190734863 -28.549978256225586 0
vertex 7.681764125823975 -29.411779403686523 0
vertex -7.584000110626221 -28.632184982299805 0
endloop
endfacet
facet normal 0 0 -1
outer loop
vertex -24.700000762939453 -22.19997787475586 0
vertex -23.75 -17.99997901916504 0
vertex -23.75 -24.99997901916504 0
endloop
endfacet
facet normal 1 0 0
outer loop
vertex -23.049999237060547 19.450021743774414 0
vertex -23.049999237060547 23.00002098083496 1
vertex -23.049999237060547 19.450021743774414 2.200000047683716
endloop
endfacet
facet normal 0 0 -1
outer loop
vertex -24.700000762939453 -22.19997787475586 0
vertex -24.950000762939453 -20.549978256225586 0
vertex -23.049999237060547 -14.44997787475586 0
endloop
endfacet
facet normal 0 0 -1
outer loop
vertex -24.950000762939453 -20.549978256225586 0
vertex -24.950000762939453 -16.99997901916504 0
vertex -24.25 -16.99997901916504 0
endloop
endfacet
facet normal 0 0 -1
outer loop
vertex -23.75 -17.99997901916504 0
vertex -24.700000762939453 -22.19997787475586 0
vertex -23.049999237060547 -14.44997787475586 0
endloop
endfacet
facet normal 0 0 -1
outer loop
vertex -24.25 -16.99997901916504 0
vertex -23.049999237060547 -12.549978256225586 0
vertex -24.950000762939453 -20.549978256225586 0
endloop
endfacet
facet normal 0 0 -1
outer loop
vertex -23.75 -17.99997901916504 0
vertex -23.049999237060547 -14.44997787475586 0
vertex -23.049999237060547 -17.99997901916504 0
endloop
endfacet
facet normal 1 0 0
outer loop
vertex -23.049999237060547 17.55002212524414 2.200000047683716
vertex -23.049999237060547 3.450021743774414 2.200000047683716
vertex -23.049999237060547 14.000021934509277 1
endloop
endfacet
facet normal 1 0 0
outer loop
vertex -23.049999237060547 14.000021934509277 1
vertex -23.049999237060547 14.000021934509277 0
vertex -23.049999237060547 17.55002212524414 2.200000047683716
endloop
endfacet
facet normal 0 0 -1
outer loop
vertex -23.049999237060547 -14.44997787475586 0
vertex -24.950000762939453 -20.549978256225586 0
vertex -23.049999237060547 -12.549978256225586 0
endloop
endfacet
facet normal 1 0 0
outer loop
vertex -23.049999237060547 14.000021934509277 0
vertex -23.049999237060547 17.55002212524414 0
vertex -23.049999237060547 17.55002212524414 2.200000047683716
endloop
endfacet
facet normal 0 0 -1
outer loop
vertex -23.049999237060547 -12.549978256225586 0
vertex -24.25 -16.99997901916504 0
vertex -24.25 -9.999978065490723 0
endloop
endfacet
facet normal 0 0 -1
outer loop
vertex -23.049999237060547 -14.44997787475586 0
vertex -23.049999237060547 -12.549978256225586 0
vertex -8.949999809265137 -12.549978256225586 0
endloop
endfacet
facet normal 0 0 -1
outer loop
vertex -23.049999237060547 -14.44997787475586 0
vertex -8.949999809265137 -12.549978256225586 0
vertex -8.949999809265137 -14.44997787475586 0
endloop
endfacet
facet normal 0 0 -1
outer loop
vertex -24.950000762939453 -6.449978351593018 0
vertex -23.049999237060547 -12.549978256225586 0
vertex -24.25 -9.999978065490723 0
endloop
endfacet
facet normal 0 0 -1
outer loop
vertex -23.75 -8.999978065490723 0
vertex -23.049999237060547 -8.999978065490723 0
vertex -23.049999237060547 -12.549978256225586 0
endloop
endfacet
facet normal 0 0 -1
outer loop
vertex -24.950000762939453 -9.999978065490723 0
vertex -24.950000762939453 -6.449978351593018 0
vertex -24.25 -9.999978065490723 0
endloop
endfacet
facet normal 0 0 -1
outer loop
vertex -23.049999237060547 -12.549978256225586 0
vertex -24.950000762939453 -6.449978351593018 0
vertex -23.75 -8.999978065490723 0
endloop
endfacet
facet normal 0 0 1
outer loop
vertex -8.949999809265137 3.450021743774414 2.200000047683716
vertex -23.049999237060547 1.5500218868255615 2.200000047683716
vertex -8.949999809265137 1.5500218868255615 2.200000047683716
endloop
endfacet
facet normal 0 0 1
outer loop
vertex -8.949999809265137 3.450021743774414 2.200000047683716
vertex -23.049999237060547 3.450021743774414 2.200000047683716
vertex -23.049999237060547 1.5500218868255615 2.200000047683716
endloop
endfacet
facet normal 1 0 0
outer loop
vertex -23.049999237060547 -12.549978256225586 0
vertex -23.049999237060547 -8.999978065490723 0
vertex -23.049999237060547 -8.999978065490723 1
endloop
endfacet
facet normal 0 0 -1
outer loop
vertex -23.75 -8.999978065490723 0
vertex -24.950000762939453 -6.449978351593018 0
vertex -23.75 -1.9999781847000122 0
endloop
endfacet
facet normal 0 0 -1
outer loop
vertex -24.950000762939453 -6.449978351593018 0
vertex -24.950000762939453 -4.549978256225586 0
vertex -23.049999237060547 1.5500218868255615 0
endloop
endfacet
facet normal 0 0 1
outer loop
vertex -24.950000762939453 9.55002212524414 2.200000047683716
vertex -23.049999237060547 3.450021743774414 2.200000047683716
vertex -23.049999237060547 17.55002212524414 2.200000047683716
endloop
endfacet
facet normal 0 0 -1
outer loop
vertex -24.950000762939453 -4.549978256225586 0
vertex -24.950000762939453 -0.9999781847000122 0
vertex -24.25 -0.9999781847000122 0
endloop
endfacet
facet normal 0 0 -1
outer loop
vertex -23.75 -1.9999781847000122 0
vertex -24.950000762939453 -6.449978351593018 0
vertex -23.049999237060547 1.5500218868255615 0
endloop
endfacet
facet normal 0 0 -1
outer loop
vertex -24.25 -0.9999781847000122 0
vertex -23.049999237060547 3.450021743774414 0
vertex -24.950000762939453 -4.549978256225586 0
endloop
endfacet
facet normal 0 0 -1
outer loop
vertex -23.75 -1.9999781847000122 0
vertex -23.049999237060547 1.5500218868255615 0
vertex -23.049999237060547 -1.9999781847000122 0
endloop
endfacet
facet normal 0 0 1
outer loop
vertex -24.950000762939453 9.55002212524414 2.200000047683716
vertex -24.950000762939453 -4.549978256225586 2.200000047683716
vertex -23.049999237060547 3.450021743774414 2.200000047683716
endloop
endfacet
facet normal 0 0 1
outer loop
vertex -23.049999237060547 1.5500218868255615 2.200000047683716
vertex -23.049999237060547 3.450021743774414 2.200000047683716
vertex -24.950000762939453 -4.549978256225586 2.200000047683716
endloop
endfacet
facet normal 0 0 -1
outer loop
vertex -8.25 -21.746212005615234 0
vertex -8.25 -21.203744888305664 0
vertex -8.172207832336426 -21.694232940673828 0
endloop
endfacet
facet normal 0 0 -1
outer loop
vertex -8.172207832336426 -21.694232940673828 0
vertex -8.25 -21.203744888305664 0
vertex -8.172207832336426 -21.25572395324707 0
endloop
endfacet
facet normal 0 0 -1
outer loop
vertex -8.172207832336426 -21.694232940673828 0
vertex -8 -21.28997802734375 0
vertex -8 -21.65997886657715 0
endloop
endfacet
facet normal 0 0 -1
outer loop
vertex -8 -21.28997802734375 0
vertex -8.172207832336426 -21.694232940673828 0
vertex -8.172207832336426 -21.25572395324707 0
endloop
endfacet
facet normal 0 0 -1
outer loop
vertex -8 -21.65997886657715 0
vertex -8 -21.28997802734375 0
vertex -7.827792644500732 -21.25572395324707 0
endloop
endfacet
facet normal 0 0 -1
outer loop
vertex -8 -21.65997886657715 0
vertex -7.827792644500732 -21.25572395324707 0
vertex -7.827792644500732 -21.694232940673828 0
endloop
endfacet
facet normal 0 0 -1
outer loop
vertex -7.827792644500732 -21.694232940673828 0
vertex -7.827792644500732 -21.25572395324707 0
vertex -7.75 -21.746212005615234 0
endloop
endfacet
facet normal 0 0 -1
outer loop
vertex -7.827792644500732 -21.25572395324707 0
vertex -7.75 -21.203744888305664 0
vertex -7.75 -21.746212005615234 0
endloop
endfacet
facet normal 0 0 -1
outer loop
vertex -8.25 -20.476211547851562 0
vertex -8.25 -17.99997901916504 0
vertex -8.172207832336426 -20.424232482910156 0
endloop
endfacet
facet normal 0 0 -1
outer loop
vertex -8.172207832336426 -20.424232482910156 0
vertex -8.25 -17.99997901916504 0
vertex -8 -20.389978408813477 0
endloop
endfacet
facet normal 0 0 -1
outer loop
vertex -8 -20.389978408813477 0
vertex -7.75 -17.99997901916504 0
vertex -7.827792644500732 -20.424232482910156 0
endloop
endfacet
facet normal 0 0 -1
outer loop
vertex -7.75 -20.476211547851562 0
vertex -7.827792644500732 -20.424232482910156 0
vertex -7.75 -17.99997901916504 0
endloop
endfacet
facet normal 0 -1 0
outer loop
vertex -23.049999237060547 1.5500218868255615 2.200000047683716
vertex -8.949999809265137 1.5500218868255615 0
vertex -8.949999809265137 1.5500218868255615 2.200000047683716
endloop
endfacet
facet normal 0 1 0
outer loop
vertex -8.949999809265137 3.450021743774414 2.200000047683716
vertex -23.049999237060547 3.450021743774414 0
vertex -23.049999237060547 3.450021743774414 2.200000047683716
endloop
endfacet
facet normal 0 1 0
outer loop
vertex -8.949999809265137 3.450021743774414 0
vertex -23.049999237060547 3.450021743774414 0
vertex -8.949999809265137 3.450021743774414 2.200000047683716
endloop
endfacet
facet normal 0 -1 0
outer loop
vertex -23.049999237060547 1.5500218868255615 2.200000047683716
vertex -23.049999237060547 1.5500218868255615 0
vertex -8.949999809265137 1.5500218868255615 0
endloop
endfacet
facet normal 0 1 0
outer loop
vertex 39.04999923706055 11.450021743774414 0
vertex 24.950000762939453 11.450021743774414 0
vertex 39.04999923706055 11.450021743774414 2.200000047683716
endloop
endfacet
facet normal 1 0 0
outer loop
vertex 24.950000762939453 25.55002212524414 2.200000047683716
vertex 24.950000762939453 11.450021743774414 2.200000047683716
vertex 24.950000762939453 22.00002098083496 1
endloop
endfacet
facet normal 0 1 0
outer loop
vertex 24.950000762939453 11.450021743774414 0
vertex 24.950000762939453 11.450021743774414 2.200000047683716
vertex 39.04999923706055 11.450021743774414 2.200000047683716
endloop
endfacet
facet normal 1 0 0
outer loop
vertex 24.950000762939453 11.450021743774414 2.200000047683716
vertex 24.950000762939453 15.000021934509277 1
vertex 24.950000762939453 22.00002098083496 1
endloop
endfacet
facet normal 1 0 0
outer loop
vertex -23.049999237060547 3.450021743774414 2.200000047683716
vertex -23.049999237060547 7.000021934509277 1
vertex -23.049999237060547 14.000021934509277 1
endloop
endfacet
facet normal 0 0 -1
outer loop
vertex -7.75 -17.99997901916504 0
vertex -8 -20.389978408813477 0
vertex -8.25 -17.99997901916504 0
endloop
endfacet
facet normal 0 0 -1
outer loop
vertex -8.949999809265137 -17.99997901916504 0
vertex -8.949999809265137 -14.44997787475586 0
vertex -8.25 -17.99997901916504 0
endloop
endfacet
facet normal 0 0 -1
outer loop
vertex -7.75 -17.99997901916504 0
vertex -8.25 -17.99997901916504 0
vertex -8.949999809265137 -14.44997787475586 0
endloop
endfacet
facet normal 0 0 -1
outer loop
vertex -7.75 -17.99997901916504 0
vertex -7.050000190734863 -14.44997787475586 0
vertex -7.050000190734863 -17.99997901916504 0
endloop
endfacet
facet normal 1 0 0
outer loop
vertex -23.049999237060547 7.000021934509277 1
vertex -23.049999237060547 3.450021743774414 2.200000047683716
vertex -23.049999237060547 3.450021743774414 0
endloop
endfacet
facet normal 1 0 0
outer loop
vertex -23.049999237060547 1.5500218868255615 2.200000047683716
vertex -23.049999237060547 -1.9999781847000122 0
vertex -23.049999237060547 1.5500218868255615 0
endloop
endfacet
facet normal -1 0 0
outer loop
vertex -8.949999809265137 -14.44997787475586 0
vertex -8.949999809265137 -17.99997901916504 0
vertex -8.949999809265137 -17.99997901916504 1
endloop
endfacet
facet normal 1 0 0
outer loop
vertex -7.050000190734863 3.450021743774414 2.200000047683716
vertex -7.050000190734863 7.000021934509277 1
vertex -7.050000190734863 14.000021934509277 1
endloop
endfacet
facet normal 0 0 -1
outer loop
vertex -7.050000190734863 -14.44997787475586 0
vertex -7.75 -17.99997901916504 0
vertex -8.949999809265137 -14.44997787475586 0
endloop
endfacet
facet normal 0 0 -1
outer loop
vertex -7.050000190734863 -14.44997787475586 0
vertex -8.949999809265137 -14.44997787475586 0
vertex -7.050000190734863 -12.549978256225586 0
endloop
endfacet
facet normal 0 0 -1
outer loop
vertex -7.050000190734863 -12.549978256225586 0
vertex -8.949999809265137 -14.44997787475586 0
vertex -8.949999809265137 -12.549978256225586 0
endloop
endfacet
facet normal 0 0 -1
outer loop
vertex -7.050000190734863 -12.549978256225586 0
vertex -8.949999809265137 -12.549978256225586 0
vertex -8.25 -8.999978065490723 0
endloop
endfacet
facet normal 0 0 -1
outer loop
vertex -7.050000190734863 -14.44997787475586 0
vertex -7.050000190734863 -12.549978256225586 0
vertex 7.050000190734863 -12.549978256225586 0
endloop
endfacet
facet normal 0 0 -1
outer loop
vertex -8.25 -8.999978065490723 0
vertex -8.949999809265137 -12.549978256225586 0
vertex -8.949999809265137 -8.999978065490723 0
endloop
endfacet
facet normal 0 0 -1
outer loop
vertex -7.050000190734863 -12.549978256225586 0
vertex -8.25 -8.999978065490723 0
vertex -7.75 -8.999978065490723 0
endloop
endfacet
facet normal 0 0 -1
outer loop
vertex -7.050000190734863 -12.549978256225586 0
vertex -7.75 -8.999978065490723 0
vertex -7.050000190734863 -8.999978065490723 0
endloop
endfacet
facet normal -1 0 0
outer loop
vertex -8.949999809265137 7.000021934509277 1
vertex -8.949999809265137 3.450021743774414 2.200000047683716
vertex -8.949999809265137 17.55002212524414 2.200000047683716
endloop
endfacet
facet normal 1 0 0
outer loop
vertex -7.050000190734863 -12.549978256225586 0
vertex -7.050000190734863 -8.999978065490723 0
vertex -7.050000190734863 -8.999978065490723 1
endloop
endfacet
facet normal 0 -1 0
outer loop
vertex -7.050000190734863 1.5500218868255615 2.200000047683716
vertex -7.050000190734863 1.5500218868255615 0
vertex 7.050000190734863 1.5500218868255615 0
endloop
endfacet
facet normal 0 0 -1
outer loop
vertex -7.75 -8.999978065490723 0
vertex -8.25 -8.999978065490723 0
vertex -8.25 -1.9999781847000122 0
endloop
endfacet
facet normal 0 1 0
outer loop
vertex -7.050000190734863 3.450021743774414 2.200000047683716
vertex 7.050000190734863 3.450021743774414 2.200000047683716
vertex -7.050000190734863 3.450021743774414 0
endloop
endfacet
facet normal 0 0 -1
outer loop
vertex -7.75 -8.999978065490723 0
vertex -8.25 -1.9999781847000122 0
vertex -7.75 -1.9999781847000122 0
endloop
endfacet
facet normal 0 0 -1
outer loop
vertex -24.700000762939453 -30.19997787475586 0
vertex -23.75 -24.99997901916504 0
vertex -23.049999237060547 -28.549978256225586 0
endloop
endfacet
facet normal 0 0 -1
outer loop
vertex -8.949999809265137 -1.9999781847000122 0
vertex -8.949999809265137 1.5500218868255615 0
vertex -8.25 -1.9999781847000122 0
endloop
endfacet
facet normal 0 0 -1
outer loop
vertex -7.75 -1.9999781847000122 0
vertex -8.25 -1.9999781847000122 0
vertex -8.949999809265137 1.5500218868255615 0
endloop
endfacet
facet normal 0 0 -1
outer loop
vertex -7.75 -1.9999781847000122 0
vertex -7.050000190734863 1.5500218868255615 0
vertex -7.050000190734863 -1.9999781847000122 0
endloop
endfacet
facet normal 0 0 -1
outer loop
vertex -24.700000762939453 -30.19997787475586 0
vertex -23.049999237060547 -28.549978256225586 0
vertex -8.449746131896973 -29.729978561401367 0
endloop
endfacet
facet normal -1 0 0
outer loop
vertex -8.949999809265137 1.5500218868255615 0
vertex -8.949999809265137 -1.9999781847000122 0
vertex -8.949999809265137 -1.9999781847000122 1
endloop
endfacet
facet normal 0 0 1
outer loop
vertex -8.949999809265137 1.5500218868255615 2.200000047683716
vertex -7.050000190734863 1.5500218868255615 2.200000047683716
vertex -7.050000190734863 3.450021743774414 2.200000047683716
endloop
endfacet
facet normal 0 0 -1
outer loop
vertex -8.415492057800293 -26.092185974121094 0
vertex -8.949999809265137 -24.99997901916504 0
vertex -8.449746131896973 -25.919979095458984 0
endloop
endfacet
facet normal 0 0 -1
outer loop
vertex -7.82753849029541 -26.335723876953125 0
vertex -7.82753849029541 -26.774232864379883 0
vertex -7.999745845794678 -26.369977951049805 0
endloop
endfacet
facet normal 0 0 -1
outer loop
vertex -7.82753849029541 -26.774232864379883 0
vertex -7.82753849029541 -26.335723876953125 0
vertex -7.681548118591309 -26.871780395507812 0
endloop
endfacet
facet normal 0 0 -1
outer loop
vertex -7.999745845794678 -26.739978790283203 0
vertex -7.999745845794678 -26.369977951049805 0
vertex -7.82753849029541 -26.774232864379883 0
endloop
endfacet
facet normal 0 0 -1
outer loop
vertex -7.999745845794678 -26.739978790283203 0
vertex -8.171953201293945 -26.335723876953125 0
vertex -7.999745845794678 -26.369977951049805 0
endloop
endfacet
facet normal 0 0 -1
outer loop
vertex -8.171953201293945 -26.774232864379883 0
vertex -8.171953201293945 -26.335723876953125 0
vertex -7.999745845794678 -26.739978790283203 0
endloop
endfacet
facet normal 0 0 -1
outer loop
vertex -8.171953201293945 -26.774232864379883 0
vertex -8.317944526672363 -26.238176345825195 0
vertex -8.171953201293945 -26.335723876953125 0
endloop
endfacet
facet normal 0 0 -1
outer loop
vertex -8.317944526672363 -26.238176345825195 0
vertex -8.317944526672363 -26.871780395507812 0
vertex -8.415492057800293 -26.092185974121094 0
endloop
endfacet
facet normal 0 0 -1
outer loop
vertex -8.317944526672363 -26.871780395507812 0
vertex -8.317944526672363 -26.238176345825195 0
vertex -8.171953201293945 -26.774232864379883 0
endloop
endfacet
facet normal 0 0 -1
outer loop
vertex -8.415492057800293 -27.017770767211914 0
vertex -8.415492057800293 -26.092185974121094 0
vertex -8.317944526672363 -26.871780395507812 0
endloop
endfacet
facet normal 0 0 -1
outer loop
vertex -8.449746131896973 -27.189977645874023 0
vertex -8.415492057800293 -26.092185974121094 0
vertex -8.415492057800293 -27.017770767211914 0
endloop
endfacet
facet normal 0 0 -1
outer loop
vertex -8.415492057800293 -26.092185974121094 0
vertex -8.949999809265137 -28.549978256225586 0
vertex -8.949999809265137 -24.99997901916504 0
endloop
endfacet
facet normal 0 0 -1
outer loop
vertex -8.449746131896973 -27.189977645874023 0
vertex -8.949999809265137 -28.549978256225586 0
vertex -8.415492057800293 -26.092185974121094 0
endloop
endfacet
facet normal 0 0 -1
outer loop
vertex -7.050000190734863 -28.549978256225586 0
vertex -7.549746036529541 -27.189977645874023 0
vertex -7.584000110626221 -27.017770767211914 0
endloop
endfacet
facet normal 0 0 -1
outer loop
vertex -7.050000190734863 -28.549978256225586 0
vertex -7.584000110626221 -27.362186431884766 0
vertex -7.549746036529541 -27.189977645874023 0
endloop
endfacet
facet normal 0 0 -1
outer loop
vertex -7.050000190734863 -28.549978256225586 0
vertex -7.681548118591309 -27.508176803588867 0
vertex -7.584000110626221 -27.362186431884766 0
endloop
endfacet
facet normal 0 0 -1
outer loop
vertex -7.681548118591309 -28.141780853271484 0
vertex -7.82753849029541 -27.605724334716797 0
vertex -7.681548118591309 -27.508176803588867 0
endloop
endfacet
facet normal 1 0 0
outer loop
vertex 24.950000762939453 15.000021934509277 1
vertex 24.950000762939453 11.450021743774414 2.200000047683716
vertex 24.950000762939453 11.450021743774414 0
endloop
endfacet
facet normal 0 0 1
outer loop
vertex 39.04999923706055 11.450021743774414 2.200000047683716
vertex 24.950000762939453 9.55002212524414 2.200000047683716
vertex 39.04999923706055 9.55002212524414 2.200000047683716
endloop
endfacet
facet normal 0 0 1
outer loop
vertex 24.950000762939453 11.450021743774414 2.200000047683716
vertex 24.950000762939453 9.55002212524414 2.200000047683716
vertex 39.04999923706055 11.450021743774414 2.200000047683716
endloop
endfacet
facet normal 0 -1 0
outer loop
vertex 24.950000762939453 9.55002212524414 2.200000047683716
vertex 39.04999923706055 9.55002212524414 0
vertex 39.04999923706055 9.55002212524414 2.200000047683716
endloop
endfacet
facet normal 0 -1 0
outer loop
vertex 24.950000762939453 9.55002212524414 2.200000047683716
vertex 24.950000762939453 9.55002212524414 0
vertex 39.04999923706055 9.55002212524414 0
endloop
endfacet
facet normal 1 0 0
outer loop
vertex 24.950000762939453 9.55002212524414 2.200000047683716
vertex 24.950000762939453 6.000021934509277 0
vertex 24.950000762939453 9.55002212524414 0
endloop
endfacet
facet normal 1 0 0
outer loop
vertex 24.950000762939453 6.000021934509277 1
vertex 24.950000762939453 6.000021934509277 0
vertex 24.950000762939453 9.55002212524414 2.200000047683716
endloop
endfacet
facet normal 1 0 0
outer loop
vertex 24.950000762939453 9.55002212524414 2.200000047683716
vertex 24.950000762939453 -4.549978256225586 2.200000047683716
vertex 24.950000762939453 6.000021934509277 1
endloop
endfacet
facet normal 1 0 0
outer loop
vertex 24.950000762939453 -4.549978256225586 2.200000047683716
vertex 24.950000762939453 -0.9999781847000122 1
vertex 24.950000762939453 6.000021934509277 1
endloop
endfacet
facet normal 0 0 -1
outer loop
vertex -40.70000076293945 -22.19997787475586 0
vertex -39.75 -16.99997901916504 0
vertex -39.04999923706055 -20.549978256225586 0
endloop
endfacet
facet normal 0 0 -1
outer loop
vertex -39.75 -16.99997901916504 0
vertex -39.04999923706055 -16.99997901916504 0
vertex -39.04999923706055 -20.549978256225586 0
endloop
endfacet
facet normal 1 0 0
outer loop
vertex -39.04999923706055 -20.549978256225586 0
vertex -39.04999923706055 -16.99997901916504 0
vertex -39.04999923706055 -16.99997901916504 1
endloop
endfacet
facet normal 0 0 1
outer loop
vertex -8.949999809265137 3.450021743774414 2.200000047683716
vertex -8.949999809265137 1.5500218868255615 2.200000047683716
vertex -7.050000190734863 3.450021743774414 2.200000047683716
endloop
endfacet
facet normal 0 0 -1
outer loop
vertex -39.75 -16.99997901916504 0
vertex -40.70000076293945 -22.19997787475586 0
vertex -39.75 -9.999978065490723 0
endloop
endfacet
facet normal 0 0 1
outer loop
vertex 24.700000762939453 35.20002365112305 2.200000047683716
vertex 8.949999809265137 33.55002212524414 2.200000047683716
vertex 23.049999237060547 33.55002212524414 2.200000047683716
endloop
endfacet
facet normal 0 0 1
outer loop
vertex 24.700000762939453 35.20002365112305 2.200000047683716
vertex 7.050000190734863 33.55002212524414 2.200000047683716
vertex 8.949999809265137 33.55002212524414 2.200000047683716
endloop
endfacet
facet normal 0 -1 0
outer loop
vertex 8.949999809265137 33.55002212524414 2.200000047683716
vertex 23.049999237060547 33.55002212524414 0
vertex 23.049999237060547 33.55002212524414 2.200000047683716
endloop
endfacet
facet normal 0 0 -1
outer loop
vertex -7.050000190734863 -28.549978256225586 0
vertex -7.584000110626221 -28.287771224975586 0
vertex -7.681548118591309 -27.508176803588867 0
endloop
endfacet
facet normal 0 0 -1
outer loop
vertex -7.584000110626221 -28.287771224975586 0
vertex -7.681548118591309 -28.141780853271484 0
vertex -7.681548118591309 -27.508176803588867 0
endloop
endfacet
facet normal 0 0 -1
outer loop
vertex -7.050000190734863 -28.549978256225586 0
vertex -7.549746036529541 -28.459978103637695 0
vertex -7.584000110626221 -28.287771224975586 0
endloop
endfacet
facet normal 0 0 -1
outer loop
vertex -7.584000110626221 -28.632184982299805 0
vertex -7.549746036529541 -28.459978103637695 0
vertex -7.050000190734863 -28.549978256225586 0
endloop
endfacet
facet normal 0 0 -1
outer loop
vertex -7.82753849029541 -27.605724334716797 0
vertex -7.82753849029541 -28.044233322143555 0
vertex -7.999745845794678 -27.639978408813477 0
endloop
endfacet
facet normal 0 0 -1
outer loop
vertex -7.999745845794678 -28.009977340698242 0
vertex -8.171953201293945 -27.605724334716797 0
vertex -7.999745845794678 -27.639978408813477 0
endloop
endfacet
facet normal 0 0 -1
outer loop
vertex -7.82753849029541 -28.044233322143555 0
vertex -7.82753849029541 -27.605724334716797 0
vertex -7.681548118591309 -28.141780853271484 0
endloop
endfacet
facet normal 0 0 -1
outer loop
vertex -7.999745845794678 -28.009977340698242 0
vertex -7.999745845794678 -27.639978408813477 0
vertex -7.82753849029541 -28.044233322143555 0
endloop
endfacet
facet normal 0 0 -1
outer loop
vertex -8.171953201293945 -28.044233322143555 0
vertex -8.171953201293945 -27.605724334716797 0
vertex -7.999745845794678 -28.009977340698242 0
endloop
endfacet
facet normal 0 0 -1
outer loop
vertex -8.171953201293945 -28.044233322143555 0
vertex -8.317944526672363 -27.508176803588867 0
vertex -8.171953201293945 -27.605724334716797 0
endloop
endfacet
facet normal 0 -1 0
outer loop
vertex 8.949999809265137 33.55002212524414 2.200000047683716
vertex 8.949999809265137 33.55002212524414 0
vertex 23.049999237060547 33.55002212524414 0
endloop
endfacet
facet normal 0 0 -1
outer loop
vertex -8.317944526672363 -27.508176803588867 0
vertex -8.317944526672363 -28.141780853271484 0
vertex -8.415492057800293 -27.362186431884766 0
endloop
endfacet
facet normal 0 0 -1
outer loop
vertex -8.317944526672363 -28.141780853271484 0
vertex -8.317944526672363 -27.508176803588867 0
vertex -8.171953201293945 -28.044233322143555 0
endloop
endfacet
facet normal 0 0 -1
outer loop
vertex -39.75 -9.999978065490723 0
vertex -40.70000076293945 -22.19997787475586 0
vertex -39.75 -0.9999781847000122 0
endloop
endfacet
facet normal 0 0 1
outer loop
vertex 23.049999237060547 33.55002212524414 2.200000047683716
vertex 24.700000762939453 27.200021743774414 2.200000047683716
vertex 24.700000762939453 35.20002365112305 2.200000047683716
endloop
endfacet
facet normal 0 0 1
outer loop
vertex 23.049999237060547 33.55002212524414 2.200000047683716
vertex 23.049999237060547 19.450021743774414 2.200000047683716
vertex 24.700000762939453 27.200021743774414 2.200000047683716
endloop
endfacet
facet normal 0 0 1
outer loop
vertex 23.049999237060547 19.450021743774414 2.200000047683716
vertex 24.950000762939453 25.55002212524414 2.200000047683716
vertex 24.700000762939453 27.200021743774414 2.200000047683716
endloop
endfacet
facet normal -1 0 0
outer loop
vertex 23.049999237060547 30.00002098083496 1
vertex 23.049999237060547 23.00002098083496 1
vertex 23.049999237060547 33.55002212524414 2.200000047683716
endloop
endfacet
facet normal -1 0 0
outer loop
vertex 23.049999237060547 30.00002098083496 1
vertex 23.049999237060547 33.55002212524414 2.200000047683716
vertex 23.049999237060547 33.55002212524414 0
endloop
endfacet
facet normal 0 0 1
outer loop
vertex -8.949999809265137 17.55002212524414 2.200000047683716
vertex -8.949999809265137 3.450021743774414 2.200000047683716
vertex -7.050000190734863 3.450021743774414 2.200000047683716
endloop
endfacet
facet normal 0 0 1
outer loop
vertex 7.050000190734863 3.450021743774414 2.200000047683716
vertex -7.050000190734863 3.450021743774414 2.200000047683716
vertex -7.050000190734863 1.5500218868255615 2.200000047683716
endloop
endfacet
facet normal 1 0 0
outer loop
vertex -7.050000190734863 14.000021934509277 1
vertex -7.050000190734863 14.000021934509277 0
vertex -7.050000190734863 17.55002212524414 2.200000047683716
endloop
endfacet
facet normal -1 0 0
outer loop
vertex 23.049999237060547 23.00002098083496 1
vertex 23.049999237060547 19.450021743774414 2.200000047683716
vertex 23.049999237060547 33.55002212524414 2.200000047683716
endloop
endfacet
facet normal -1 0 0
outer loop
vertex -8.949999809265137 14.000021934509277 1
vertex -8.949999809265137 7.000021934509277 1
vertex -8.949999809265137 17.55002212524414 2.200000047683716
endloop
endfacet
facet normal 1 0 0
outer loop
vertex -7.050000190734863 14.000021934509277 1
vertex -7.050000190734863 17.55002212524414 2.200000047683716
vertex -7.050000190734863 3.450021743774414 2.200000047683716
endloop
endfacet
facet normal -1 0 0
outer loop
vertex -8.949999809265137 23.00002098083496 0
vertex -8.949999809265137 19.450021743774414 0
vertex -8.949999809265137 19.450021743774414 2.200000047683716
endloop
endfacet
facet normal 0 0 1
outer loop
vertex 24.700000762939453 35.20002365112305 2.200000047683716
vertex -7.050000190734863 33.55002212524414 2.200000047683716
vertex 7.050000190734863 33.55002212524414 2.200000047683716
endloop
endfacet
facet normal 0 0 1
outer loop
vertex 24.700000762939453 35.20002365112305 2.200000047683716
vertex -8.949999809265137 33.55002212524414 2.200000047683716
vertex -7.050000190734863 33.55002212524414 2.200000047683716
endloop
endfacet
facet normal 0 0 -1
outer loop
vertex -8.415492057800293 -28.287771224975586 0
vertex -8.415492057800293 -27.362186431884766 0
vertex -8.317944526672363 -28.141780853271484 0
endloop
endfacet
facet normal 0 -1 0
outer loop
vertex -7.050000190734863 33.55002212524414 2.200000047683716
vertex 7.050000190734863 33.55002212524414 0
vertex 7.050000190734863 33.55002212524414 2.200000047683716
endloop
endfacet
facet normal 0 0 1
outer loop
vertex 7.050000190734863 33.55002212524414 2.200000047683716
vertex 8.949999809265137 19.450021743774414 2.200000047683716
vertex 8.949999809265137 33.55002212524414 2.200000047683716
endloop
endfacet
facet normal 1 0 0
outer loop
vertex -39.04999923706055 -16.99997901916504 1
vertex -39.04999923706055 -20.549978256225586 2.200000047683716
vertex -39.04999923706055 -20.549978256225586 0
endloop
endfacet
facet normal -1 0 0
outer loop
vertex -8.949999809265137 23.00002098083496 0
vertex -8.949999809265137 19.450021743774414 2.200000047683716
vertex -8.949999809265137 23.00002098083496 1
endloop
endfacet
facet normal 1 0 0
outer loop
vertex -7.050000190734863 19.450021743774414 0
vertex -7.050000190734863 23.00002098083496 1
vertex -7.050000190734863 19.450021743774414 2.200000047683716
endloop
endfacet
facet normal 0 -1 0
outer loop
vertex -7.050000190734863 17.55002212524414 2.200000047683716
vertex -7.050000190734863 17.55002212524414 0
vertex 7.050000190734863 17.55002212524414 0
endloop
endfacet
facet normal 0 1 0
outer loop
vertex -7.050000190734863 19.450021743774414 2.200000047683716
vertex 7.050000190734863 19.450021743774414 2.200000047683716
vertex -7.050000190734863 19.450021743774414 0
endloop
endfacet
facet normal 1 0 0
outer loop
vertex -39.04999923706055 -20.549978256225586 2.200000047683716
vertex -39.04999923706055 -16.99997901916504 1
vertex -39.04999923706055 -9.999978065490723 1
endloop
endfacet
facet normal 1 0 0
outer loop
vertex -39.04999923706055 -9.999978065490723 1
vertex -39.04999923706055 -6.449978351593018 2.200000047683716
vertex -39.04999923706055 -20.549978256225586 2.200000047683716
endloop
endfacet
facet normal 0 0 1
outer loop
vertex 7.050000190734863 33.55002212524414 2.200000047683716
vertex 7.050000190734863 19.450021743774414 2.200000047683716
vertex 8.949999809265137 19.450021743774414 2.200000047683716
endloop
endfacet
facet normal 0 0 -1
outer loop
vertex -8.415492057800293 -27.362186431884766 0
vertex -8.949999809265137 -28.549978256225586 0
vertex -8.449746131896973 -27.189977645874023 0
endloop
endfacet
facet normal 0 0 -1
outer loop
vertex -23.75 -24.99997901916504 0
vertex -23.049999237060547 -24.99997901916504 0
vertex -23.049999237060547 -28.549978256225586 0
endloop
endfacet
facet normal 1 0 0
outer loop
vertex -39.04999923706055 -6.449978351593018 2.200000047683716
vertex -39.04999923706055 -9.999978065490723 1
vertex -39.04999923706055 -9.999978065490723 0
endloop
endfacet
facet normal 1 0 0
outer loop
vertex -39.04999923706055 -6.449978351593018 2.200000047683716
vertex -39.04999923706055 -9.999978065490723 0
vertex -39.04999923706055 -6.449978351593018 0
endloop
endfacet
facet normal 1 0 0
outer loop
vertex -39.04999923706055 -0.9999781847000122 1
vertex -39.04999923706055 -4.549978256225586 2.200000047683716
vertex -39.04999923706055 -4.549978256225586 0
endloop
endfacet
facet normal 0 0 -1
outer loop
vertex -23.75 -24.99997901916504 0
vertex -24.700000762939453 -30.19997787475586 0
vertex -24.700000762939453 -22.19997787475586 0
endloop
endfacet
facet normal 0 0 1
outer loop
vertex -40.70000076293945 11.200021743774414 2.200000047683716
vertex -40.70000076293945 -22.19997787475586 2.200000047683716
vertex -39.04999923706055 -20.549978256225586 2.200000047683716
endloop
endfacet
facet normal 0 0 1
outer loop
vertex -40.70000076293945 11.200021743774414 2.200000047683716
vertex -39.04999923706055 -20.549978256225586 2.200000047683716
vertex -39.04999923706055 -6.449978351593018 2.200000047683716
endloop
endfacet
facet normal 0 1 0
outer loop
vertex -39.04999923706055 -20.549978256225586 0
vertex -39.04999923706055 -20.549978256225586 2.200000047683716
vertex -24.950000762939453 -20.549978256225586 2.200000047683716
endloop
endfacet
facet normal 0 1 0
outer loop
vertex -24.950000762939453 -20.549978256225586 0
vertex -39.04999923706055 -20.549978256225586 0
vertex -24.950000762939453 -20.549978256225586 2.200000047683716
endloop
endfacet
facet normal -1 0 0
outer loop
vertex -24.950000762939453 -16.99997901916504 0
vertex -24.950000762939453 -20.549978256225586 0
vertex -24.950000762939453 -20.549978256225586 2.200000047683716
endloop
endfacet
facet normal -1 0 0
outer loop
vertex -24.950000762939453 -16.99997901916504 0
vertex -24.950000762939453 -20.549978256225586 2.200000047683716
vertex -24.950000762939453 -16.99997901916504 1
endloop
endfacet
facet normal -1 0 0
outer loop
vertex -24.950000762939453 -16.99997901916504 1
vertex -24.950000762939453 -20.549978256225586 2.200000047683716
vertex -24.950000762939453 -6.449978351593018 2.200000047683716
endloop
endfacet
facet normal -1 0 0
outer loop
vertex -24.950000762939453 -16.99997901916504 1
vertex -24.950000762939453 -6.449978351593018 2.200000047683716
vertex -24.950000762939453 -9.999978065490723 1
endloop
endfacet
facet normal 0 0 1
outer loop
vertex -39.04999923706055 -20.549978256225586 2.200000047683716
vertex -40.70000076293945 -22.19997787475586 2.200000047683716
vertex -24.950000762939453 -20.549978256225586 2.200000047683716
endloop
endfacet
facet normal 0 0 1
outer loop
vertex -24.950000762939453 -20.549978256225586 2.200000047683716
vertex -40.70000076293945 -22.19997787475586 2.200000047683716
vertex -24.700000762939453 -22.19997787475586 2.200000047683716
endloop
endfacet
facet normal 0 -1 0
outer loop
vertex -39.04999923706055 -6.449978351593018 2.200000047683716
vertex -39.04999923706055 -6.449978351593018 0
vertex -24.950000762939453 -6.449978351593018 0
endloop
endfacet
facet normal 0 1 0
outer loop
vertex -39.04999923706055 -4.549978256225586 0
vertex -39.04999923706055 -4.549978256225586 2.200000047683716
vertex -24.950000762939453 -4.549978256225586 2.200000047683716
endloop
endfacet
facet normal -1 0 0
outer loop
vertex -24.950000762939453 -9.999978065490723 1
vertex -24.950000762939453 -6.449978351593018 2.200000047683716
vertex -24.950000762939453 -6.449978351593018 0
endloop
endfacet
facet normal 0 -1 0
outer loop
vertex -39.04999923706055 -6.449978351593018 2.200000047683716
vertex -24.950000762939453 -6.449978351593018 0
vertex -24.950000762939453 -6.449978351593018 2.200000047683716
endloop
endfacet
facet normal 0 1 0
outer loop
vertex -24.950000762939453 -4.549978256225586 0
vertex -39.04999923706055 -4.549978256225586 0
vertex -24.950000762939453 -4.549978256225586 2.200000047683716
endloop
endfacet
facet normal -1 0 0
outer loop
vertex -24.950000762939453 -0.9999781847000122 0
vertex -24.950000762939453 -4.549978256225586 0
vertex -24.950000762939453 -4.549978256225586 2.200000047683716
endloop
endfacet
facet normal -1 0 0
outer loop
vertex -24.950000762939453 -0.9999781847000122 0
vertex -24.950000762939453 -4.549978256225586 2.200000047683716
vertex -24.950000762939453 -0.9999781847000122 1
endloop
endfacet
facet normal 0 0 1
outer loop
vertex -24.950000762939453 -4.549978256225586 2.200000047683716
vertex -39.04999923706055 -4.549978256225586 2.200000047683716
vertex -39.04999923706055 -6.449978351593018 2.200000047683716
endloop
endfacet
facet normal 0 0 1
outer loop
vertex -24.950000762939453 -4.549978256225586 2.200000047683716
vertex -39.04999923706055 -6.449978351593018 2.200000047683716
vertex -24.950000762939453 -6.449978351593018 2.200000047683716
endloop
endfacet
facet normal 0 0 -1
outer loop
vertex -8.415492057800293 -28.287771224975586 0
vertex -8.949999809265137 -28.549978256225586 0
vertex -8.415492057800293 -27.362186431884766 0
endloop
endfacet
facet normal 1 0 0
outer loop
vertex 8.949999809265137 30.00002098083496 1
vertex 8.949999809265137 33.55002212524414 2.200000047683716
vertex 8.949999809265137 19.450021743774414 2.200000047683716
endloop
endfacet
facet normal 0 0 -1
outer loop
vertex -8.449746131896973 -28.459978103637695 0
vertex -8.949999809265137 -28.549978256225586 0
vertex -8.415492057800293 -28.287771224975586 0
endloop
endfacet
facet normal 1 0 0
outer loop
vertex -23.049999237060547 -28.549978256225586 0
vertex -23.049999237060547 -24.99997901916504 0
vertex -23.049999237060547 -24.99997901916504 1
endloop
endfacet
facet normal 1 0 0
outer loop
vertex -23.049999237060547 -24.99997901916504 1
vertex -23.049999237060547 -28.549978256225586 2.200000047683716
vertex -23.049999237060547 -28.549978256225586 0
endloop
endfacet
facet normal 0 0 1
outer loop
vertex -8.949999809265137 17.55002212524414 2.200000047683716
vertex -7.050000190734863 3.450021743774414 2.200000047683716
vertex -7.050000190734863 17.55002212524414 2.200000047683716
endloop
endfacet
facet normal 0 0 1
outer loop
vertex -8.949999809265137 19.450021743774414 2.200000047683716
vertex -8.949999809265137 17.55002212524414 2.200000047683716
vertex -7.050000190734863 19.450021743774414 2.200000047683716
endloop
endfacet
facet normal 1 0 0
outer loop
vertex -23.049999237060547 -28.549978256225586 2.200000047683716
vertex -23.049999237060547 -24.99997901916504 1
vertex -23.049999237060547 -17.99997901916504 1
endloop
endfacet
facet normal 0 1 0
outer loop
vertex -8.949999809265137 -28.549978256225586 0
vertex -23.049999237060547 -28.549978256225586 0
vertex -8.949999809265137 -28.549978256225586 2.200000047683716
endloop
endfacet
facet normal 0 1 0
outer loop
vertex -8.949999809265137 -28.549978256225586 2.200000047683716
vertex -23.049999237060547 -28.549978256225586 0
vertex -23.049999237060547 -28.549978256225586 2.200000047683716
endloop
endfacet
facet normal 0 0 1
outer loop
vertex -8.949999809265137 -28.549978256225586 2.200000047683716
vertex -23.049999237060547 -28.549978256225586 2.200000047683716
vertex -24.700000762939453 -30.19997787475586 2.200000047683716
endloop
endfacet
facet normal 0 0 -1
outer loop
vertex -8.317944526672363 -28.778175354003906 0
vertex -8.949999809265137 -28.549978256225586 0
vertex -8.415492057800293 -28.632184982299805 0
endloop
endfacet
facet normal 0 0 1
outer loop
vertex -24.700000762939453 -22.19997787475586 2.200000047683716
vertex -24.700000762939453 -30.19997787475586 2.200000047683716
vertex -23.049999237060547 -28.549978256225586 2.200000047683716
endloop
endfacet
facet normal 0 0 1
outer loop
vertex -8.949999809265137 -28.549978256225586 2.200000047683716
vertex -24.700000762939453 -30.19997787475586 2.200000047683716
vertex -7.050000190734863 -28.549978256225586 2.200000047683716
endloop
endfacet
facet normal -1 0 0
outer loop
vertex 7.050000190734863 30.00002098083496 1
vertex 7.050000190734863 23.00002098083496 1
vertex 7.050000190734863 33.55002212524414 2.200000047683716
endloop
endfacet
facet normal 1 0 0
outer loop
vertex 8.949999809265137 30.00002098083496 1
vertex 8.949999809265137 30.00002098083496 0
vertex 8.949999809265137 33.55002212524414 2.200000047683716
endloop
endfacet
facet normal -1 0 0
outer loop
vertex 7.050000190734863 30.00002098083496 1
vertex 7.050000190734863 33.55002212524414 2.200000047683716
vertex 7.050000190734863 33.55002212524414 0
endloop
endfacet
facet normal 1 0 0
outer loop
vertex 8.949999809265137 30.00002098083496 0
vertex 8.949999809265137 33.55002212524414 0
vertex 8.949999809265137 33.55002212524414 2.200000047683716
endloop
endfacet
facet normal 0 0 1
outer loop
vertex -7.050000190734863 19.450021743774414 2.200000047683716
vertex -8.949999809265137 17.55002212524414 2.200000047683716
vertex -7.050000190734863 17.55002212524414 2.200000047683716
endloop
endfacet
facet normal 0 0 1
outer loop
vertex 7.050000190734863 19.450021743774414 2.200000047683716
vertex -7.050000190734863 19.450021743774414 2.200000047683716
vertex -7.050000190734863 17.55002212524414 2.200000047683716
endloop
endfacet
facet normal 0 -1 0
outer loop
vertex -39.04999923706055 33.55002212524414 2.200000047683716
vertex -24.950000762939453 33.55002212524414 0
vertex -24.950000762939453 33.55002212524414 2.200000047683716
endloop
endfacet
facet normal 0 -1 0
outer loop
vertex -39.04999923706055 33.55002212524414 2.200000047683716
vertex -39.04999923706055 33.55002212524414 0
vertex -24.950000762939453 33.55002212524414 0
endloop
endfacet
facet normal -1 0 0
outer loop
vertex -24.950000762939453 33.55002212524414 2.200000047683716
vertex -24.950000762939453 30.00002098083496 1
vertex -24.950000762939453 23.00002098083496 1
endloop
endfacet
facet normal -1 0 0
outer loop
vertex 7.050000190734863 23.00002098083496 1
vertex 7.050000190734863 19.450021743774414 2.200000047683716
vertex 7.050000190734863 33.55002212524414 2.200000047683716
endloop
endfacet
facet normal 1 0 0
outer loop
vertex 8.949999809265137 23.00002098083496 1
vertex 8.949999809265137 30.00002098083496 1
vertex 8.949999809265137 19.450021743774414 2.200000047683716
endloop
endfacet
facet normal -1 0 0
outer loop
vertex -24.950000762939453 30.00002098083496 1
vertex -24.950000762939453 33.55002212524414 2.200000047683716
vertex -24.950000762939453 33.55002212524414 0
endloop
endfacet
facet normal -1 0 0
outer loop
vertex -24.950000762939453 23.00002098083496 1
vertex -24.950000762939453 19.450021743774414 2.200000047683716
vertex -24.950000762939453 33.55002212524414 2.200000047683716
endloop
endfacet
facet normal 0 0 1
outer loop
vertex -40.70000076293945 35.20002365112305 2.200000047683716
vertex -39.04999923706055 19.450021743774414 2.200000047683716
vertex -39.04999923706055 33.55002212524414 2.200000047683716
endloop
endfacet
facet normal 1 0 0
outer loop
vertex -23.049999237060547 23.00002098083496 1
vertex -23.049999237060547 30.00002098083496 1
vertex -23.049999237060547 19.450021743774414 2.200000047683716
endloop
endfacet
facet normal 0 0 1
outer loop
vertex -39.04999923706055 19.450021743774414 2.200000047683716
vertex -40.70000076293945 35.20002365112305 2.200000047683716
vertex -40.70000076293945 17.80002212524414 2.200000047683716
endloop
endfacet
facet normal 0 0 1
outer loop
vertex 23.049999237060547 19.450021743774414 2.200000047683716
vertex 23.049999237060547 17.55002212524414 2.200000047683716
vertex 24.950000762939453 25.55002212524414 2.200000047683716
endloop
endfacet
facet normal 0 0 1
outer loop
vertex 23.049999237060547 17.55002212524414 2.200000047683716
vertex 24.950000762939453 11.450021743774414 2.200000047683716
vertex 24.950000762939453 25.55002212524414 2.200000047683716
endloop
endfacet
facet normal 0 0 1
outer loop
vertex 23.049999237060547 19.450021743774414 2.200000047683716
vertex 8.949999809265137 17.55002212524414 2.200000047683716
vertex 23.049999237060547 17.55002212524414 2.200000047683716
endloop
endfacet
facet normal 0 0 1
outer loop
vertex 8.949999809265137 19.450021743774414 2.200000047683716
vertex 8.949999809265137 17.55002212524414 2.200000047683716
vertex 23.049999237060547 19.450021743774414 2.200000047683716
endloop
endfacet
facet normal 1 0 0
outer loop
vertex -39.04999923706055 30.00002098083496 1
vertex -39.04999923706055 33.55002212524414 2.200000047683716
vertex -39.04999923706055 19.450021743774414 2.200000047683716
endloop
endfacet
facet normal -1 0 0
outer loop
vertex 23.049999237060547 23.00002098083496 0
vertex 23.049999237060547 19.450021743774414 2.200000047683716
vertex 23.049999237060547 23.00002098083496 1
endloop
endfacet
facet normal -1 0 0
outer loop
vertex 23.049999237060547 23.00002098083496 0
vertex 23.049999237060547 19.450021743774414 0
vertex 23.049999237060547 19.450021743774414 2.200000047683716
endloop
endfacet
facet normal 1 0 0
outer loop
vertex -39.04999923706055 30.00002098083496 1
vertex -39.04999923706055 30.00002098083496 0
vertex -39.04999923706055 33.55002212524414 2.200000047683716
endloop
endfacet
facet normal 1 0 0
outer loop
vertex -39.04999923706055 30.00002098083496 0
vertex -39.04999923706055 33.55002212524414 0
vertex -39.04999923706055 33.55002212524414 2.200000047683716
endloop
endfacet
facet normal -1 0 0
outer loop
vertex 23.049999237060547 14.000021934509277 1
vertex 23.049999237060547 7.000021934509277 1
vertex 23.049999237060547 17.55002212524414 2.200000047683716
endloop
endfacet
facet normal -1 0 0
outer loop
vertex 23.049999237060547 17.55002212524414 2.200000047683716
vertex 23.049999237060547 17.55002212524414 0
vertex 23.049999237060547 14.000021934509277 1
endloop
endfacet
facet normal 1 0 0
outer loop
vertex -39.04999923706055 23.00002098083496 1
vertex -39.04999923706055 30.00002098083496 1
vertex -39.04999923706055 19.450021743774414 2.200000047683716
endloop
endfacet
facet normal 1 0 0
outer loop
vertex -23.049999237060547 30.00002098083496 0
vertex -23.049999237060547 33.55002212524414 0
vertex -23.049999237060547 33.55002212524414 2.200000047683716
endloop
endfacet
facet normal 1 0 0
outer loop
vertex -23.049999237060547 30.00002098083496 1
vertex -23.049999237060547 30.00002098083496 0
vertex -23.049999237060547 33.55002212524414 2.200000047683716
endloop
endfacet
facet normal 1 0 0
outer loop
vertex -23.049999237060547 30.00002098083496 1
vertex -23.049999237060547 33.55002212524414 2.200000047683716
vertex -23.049999237060547 19.450021743774414 2.200000047683716
endloop
endfacet
facet normal 0 -1 0
outer loop
vertex 8.949999809265137 17.55002212524414 2.200000047683716
vertex 23.049999237060547 17.55002212524414 0
vertex 23.049999237060547 17.55002212524414 2.200000047683716
endloop
endfacet
facet normal 0 1 0
outer loop
vertex 23.049999237060547 19.450021743774414 2.200000047683716
vertex 8.949999809265137 19.450021743774414 0
vertex 8.949999809265137 19.450021743774414 2.200000047683716
endloop
endfacet
facet normal 0 1 0
outer loop
vertex 23.049999237060547 19.450021743774414 0
vertex 8.949999809265137 19.450021743774414 0
vertex 23.049999237060547 19.450021743774414 2.200000047683716
endloop
endfacet
facet normal 0 -1 0
outer loop
vertex 8.949999809265137 17.55002212524414 2.200000047683716
vertex 8.949999809265137 17.55002212524414 0
vertex 23.049999237060547 17.55002212524414 0
endloop
endfacet
facet normal 0 0 1
outer loop
vertex 23.049999237060547 17.55002212524414 2.200000047683716
vertex 23.049999237060547 3.450021743774414 2.200000047683716
vertex 24.950000762939453 11.450021743774414 2.200000047683716
endloop
endfacet
facet normal 0 0 1
outer loop
vertex 24.950000762939453 9.55002212524414 2.200000047683716
vertex 24.950000762939453 11.450021743774414 2.200000047683716
vertex 23.049999237060547 3.450021743774414 2.200000047683716
endloop
endfacet
facet normal 0 0 1
outer loop
vertex 23.049999237060547 3.450021743774414 2.200000047683716
vertex 23.049999237060547 1.5500218868255615 2.200000047683716
vertex 24.950000762939453 9.55002212524414 2.200000047683716
endloop
endfacet
facet normal 0 0 1
outer loop
vertex 23.049999237060547 1.5500218868255615 2.200000047683716
vertex 24.950000762939453 -4.549978256225586 2.200000047683716
vertex 24.950000762939453 9.55002212524414 2.200000047683716
endloop
endfacet
facet normal 0 0 1
outer loop
vertex 23.049999237060547 3.450021743774414 2.200000047683716
vertex 8.949999809265137 1.5500218868255615 2.200000047683716
vertex 23.049999237060547 1.5500218868255615 2.200000047683716
endloop
endfacet
facet normal 0 0 1
outer loop
vertex 8.949999809265137 3.450021743774414 2.200000047683716
vertex 8.949999809265137 1.5500218868255615 2.200000047683716
vertex 23.049999237060547 3.450021743774414 2.200000047683716
endloop
endfacet
facet normal -1 0 0
outer loop
vertex 23.049999237060547 7.000021934509277 1
vertex 23.049999237060547 3.450021743774414 2.200000047683716
vertex 23.049999237060547 17.55002212524414 2.200000047683716
endloop
endfacet
facet normal 0 0 1
outer loop
vertex -24.950000762939453 33.55002212524414 2.200000047683716
vertex -24.950000762939453 19.450021743774414 2.200000047683716
vertex -23.049999237060547 19.450021743774414 2.200000047683716
endloop
endfacet
facet normal -1 0 0
outer loop
vertex 23.049999237060547 7.000021934509277 1
vertex 23.049999237060547 7.000021934509277 0
vertex 23.049999237060547 3.450021743774414 2.200000047683716
endloop
endfacet
facet normal 0 0 1
outer loop
vertex -24.950000762939453 33.55002212524414 2.200000047683716
vertex -23.049999237060547 19.450021743774414 2.200000047683716
vertex -23.049999237060547 33.55002212524414 2.200000047683716
endloop
endfacet
facet normal 0 -1 0
outer loop
vertex -23.049999237060547 33.55002212524414 2.200000047683716
vertex -23.049999237060547 33.55002212524414 0
vertex -8.949999809265137 33.55002212524414 0
endloop
endfacet
facet normal 0 -1 0
outer loop
vertex -23.049999237060547 33.55002212524414 2.200000047683716
vertex -8.949999809265137 33.55002212524414 0
vertex -8.949999809265137 33.55002212524414 2.200000047683716
endloop
endfacet
facet normal -1 0 0
outer loop
vertex 23.049999237060547 7.000021934509277 0
vertex 23.049999237060547 3.450021743774414 0
vertex 23.049999237060547 3.450021743774414 2.200000047683716
endloop
endfacet
facet normal 0 0 1
outer loop
vertex 24.700000762939453 35.20002365112305 2.200000047683716
vertex -40.70000076293945 35.20002365112305 2.200000047683716
vertex -39.04999923706055 33.55002212524414 2.200000047683716
endloop
endfacet
facet normal -1 0 0
outer loop
vertex 23.049999237060547 1.5500218868255615 0
vertex 23.049999237060547 -1.9999781847000122 1
vertex 23.049999237060547 1.5500218868255615 2.200000047683716
endloop
endfacet
facet normal 0 0 1
outer loop
vertex 24.700000762939453 35.20002365112305 2.200000047683716
vertex -39.04999923706055 33.55002212524414 2.200000047683716
vertex -24.950000762939453 33.55002212524414 2.200000047683716
endloop
endfacet
facet normal 0 -1 0
outer loop
vertex 8.949999809265137 1.5500218868255615 2.200000047683716
vertex 23.049999237060547 1.5500218868255615 0
vertex 23.049999237060547 1.5500218868255615 2.200000047683716
endloop
endfacet
facet normal 0 1 0
outer loop
vertex 23.049999237060547 3.450021743774414 2.200000047683716
vertex 8.949999809265137 3.450021743774414 0
vertex 8.949999809265137 3.450021743774414 2.200000047683716
endloop
endfacet
facet normal 0 1 0
outer loop
vertex 23.049999237060547 3.450021743774414 0
vertex 8.949999809265137 3.450021743774414 0
vertex 23.049999237060547 3.450021743774414 2.200000047683716
endloop
endfacet
facet normal 0 -1 0
outer loop
vertex 8.949999809265137 1.5500218868255615 2.200000047683716
vertex 8.949999809265137 1.5500218868255615 0
vertex 23.049999237060547 1.5500218868255615 0
endloop
endfacet
facet normal 0 0 1
outer loop
vertex 8.949999809265137 19.450021743774414 2.200000047683716
vertex 7.050000190734863 17.55002212524414 2.200000047683716
vertex 8.949999809265137 17.55002212524414 2.200000047683716
endloop
endfacet
facet normal 0 0 1
outer loop
vertex 7.050000190734863 19.450021743774414 2.200000047683716
vertex 7.050000190734863 17.55002212524414 2.200000047683716
vertex 8.949999809265137 19.450021743774414 2.200000047683716
endloop
endfacet
facet normal 0 0 1
outer loop
vertex 7.050000190734863 17.55002212524414 2.200000047683716
vertex 8.949999809265137 3.450021743774414 2.200000047683716
vertex 8.949999809265137 17.55002212524414 2.200000047683716
endloop
endfacet
facet normal 0 0 1
outer loop
vertex 7.050000190734863 19.450021743774414 2.200000047683716
vertex -7.050000190734863 17.55002212524414 2.200000047683716
vertex 7.050000190734863 17.55002212524414 2.200000047683716
endloop
endfacet
facet normal 1 0 0
outer loop
vertex 8.949999809265137 19.450021743774414 0
vertex 8.949999809265137 23.00002098083496 1
vertex 8.949999809265137 19.450021743774414 2.200000047683716
endloop
endfacet
facet normal -1 0 0
outer loop
vertex 7.050000190734863 23.00002098083496 0
vertex 7.050000190734863 19.450021743774414 2.200000047683716
vertex 7.050000190734863 23.00002098083496 1
endloop
endfacet
facet normal -1 0 0
outer loop
vertex 7.050000190734863 23.00002098083496 0
vertex 7.050000190734863 19.450021743774414 0
vertex 7.050000190734863 19.450021743774414 2.200000047683716
endloop
endfacet
facet normal 1 0 0
outer loop
vertex 8.949999809265137 14.000021934509277 1
vertex 8.949999809265137 17.55002212524414 2.200000047683716
vertex 8.949999809265137 3.450021743774414 2.200000047683716
endloop
endfacet
facet normal -1 0 0
outer loop
vertex 7.050000190734863 14.000021934509277 1
vertex 7.050000190734863 7.000021934509277 1
vertex 7.050000190734863 17.55002212524414 2.200000047683716
endloop
endfacet
facet normal 1 0 0
outer loop
vertex 8.949999809265137 14.000021934509277 1
vertex 8.949999809265137 14.000021934509277 0
vertex 8.949999809265137 17.55002212524414 2.200000047683716
endloop
endfacet
facet normal -1 0 0
outer loop
vertex 7.050000190734863 17.55002212524414 2.200000047683716
vertex 7.050000190734863 17.55002212524414 0
vertex 7.050000190734863 14.000021934509277 1
endloop
endfacet
facet normal 1 0 0
outer loop
vertex 8.949999809265137 14.000021934509277 0
vertex 8.949999809265137 17.55002212524414 0
vertex 8.949999809265137 17.55002212524414 2.200000047683716
endloop
endfacet
facet normal 1 0 0
outer loop
vertex -7.050000190734863 23.00002098083496 1
vertex -7.050000190734863 30.00002098083496 1
vertex -7.050000190734863 19.450021743774414 2.200000047683716
endloop
endfacet
facet normal -1 0 0
outer loop
vertex -8.949999809265137 23.00002098083496 1
vertex -8.949999809265137 19.450021743774414 2.200000047683716
vertex -8.949999809265137 33.55002212524414 2.200000047683716
endloop
endfacet
facet normal 1 0 0
outer loop
vertex -7.050000190734863 30.00002098083496 0
vertex -7.050000190734863 33.55002212524414 0
vertex -7.050000190734863 33.55002212524414 2.200000047683716
endloop
endfacet
facet normal -1 0 0
outer loop
vertex -8.949999809265137 33.55002212524414 2.200000047683716
vertex -8.949999809265137 33.55002212524414 0
vertex -8.949999809265137 30.00002098083496 1
endloop
endfacet
facet normal 0 0 -1
outer loop
vertex -24.700000762939453 -30.19997787475586 0
vertex -8.317944526672363 -30.048175811767578 0
vertex -8.171953201293945 -30.145723342895508 0
endloop
endfacet
facet normal 0 -1 0
outer loop
vertex -7.050000190734863 17.55002212524414 2.200000047683716
vertex 7.050000190734863 17.55002212524414 0
vertex 7.050000190734863 17.55002212524414 2.200000047683716
endloop
endfacet
facet normal 0 1 0
outer loop
vertex 7.050000190734863 19.450021743774414 0
vertex -7.050000190734863 19.450021743774414 0
vertex 7.050000190734863 19.450021743774414 2.200000047683716
endloop
endfacet
facet normal 0 0 1
outer loop
vertex 7.050000190734863 17.55002212524414 2.200000047683716
vertex 7.050000190734863 3.450021743774414 2.200000047683716
vertex 8.949999809265137 3.450021743774414 2.200000047683716
endloop
endfacet
facet normal 0 0 1
outer loop
vertex 7.050000190734863 3.450021743774414 2.200000047683716
vertex 7.050000190734863 1.5500218868255615 2.200000047683716
vertex 8.949999809265137 3.450021743774414 2.200000047683716
endloop
endfacet
facet normal 0 0 1
outer loop
vertex 7.050000190734863 1.5500218868255615 2.200000047683716
vertex 8.949999809265137 1.5500218868255615 2.200000047683716
vertex 8.949999809265137 3.450021743774414 2.200000047683716
endloop
endfacet
facet normal 0 0 1
outer loop
vertex 7.050000190734863 3.450021743774414 2.200000047683716
vertex -7.050000190734863 1.5500218868255615 2.200000047683716
vertex 7.050000190734863 1.5500218868255615 2.200000047683716
endloop
endfacet
facet normal -1 0 0
outer loop
vertex 7.050000190734863 7.000021934509277 1
vertex 7.050000190734863 3.450021743774414 2.200000047683716
vertex 7.050000190734863 17.55002212524414 2.200000047683716
endloop
endfacet
facet normal 1 0 0
outer loop
vertex 8.949999809265137 3.450021743774414 2.200000047683716
vertex 8.949999809265137 7.000021934509277 1
vertex 8.949999809265137 14.000021934509277 1
endloop
endfacet
facet normal 0 0 -1
outer loop
vertex -24.700000762939453 -30.19997787475586 0
vertex -8.449746131896973 -29.729978561401367 0
vertex -8.415492057800293 -29.902185440063477 0
endloop
endfacet
facet normal 0 0 -1
outer loop
vertex -8.317944526672363 -30.048175811767578 0
vertex -24.700000762939453 -30.19997787475586 0
vertex -8.415492057800293 -29.902185440063477 0
endloop
endfacet
facet normal 0 0 -1
outer loop
vertex -24.700000762939453 -30.19997787475586 0
vertex -8.171953201293945 -30.145723342895508 0
vertex -7.999745845794678 -30.179977416992188 0
endloop
endfacet
facet normal -1 0 0
outer loop
vertex 7.050000190734863 7.000021934509277 1
vertex 7.050000190734863 7.000021934509277 0
vertex 7.050000190734863 3.450021743774414 2.200000047683716
endloop
endfacet
facet normal 0 0 -1
outer loop
vertex -8.449746131896973 -29.729978561401367 0
vertex -23.049999237060547 -28.549978256225586 0
vertex -8.415492057800293 -29.557769775390625 0
endloop
endfacet
facet normal 0 0 -1
outer loop
vertex -8.415492057800293 -29.557769775390625 0
vertex -23.049999237060547 -28.549978256225586 0
vertex -8.317944526672363 -29.411779403686523 0
endloop
endfacet
facet normal 1 0 0
outer loop
vertex 8.949999809265137 7.000021934509277 1
vertex 8.949999809265137 3.450021743774414 2.200000047683716
vertex 8.949999809265137 3.450021743774414 0
endloop
endfacet
facet normal -1 0 0
outer loop
vertex 7.050000190734863 7.000021934509277 0
vertex 7.050000190734863 3.450021743774414 0
vertex 7.050000190734863 3.450021743774414 2.200000047683716
endloop
endfacet
facet normal -1 0 0
outer loop
vertex 7.050000190734863 1.5500218868255615 0
vertex 7.050000190734863 -1.9999781847000122 1
vertex 7.050000190734863 1.5500218868255615 2.200000047683716
endloop
endfacet
facet normal 1 0 0
outer loop
vertex 8.949999809265137 1.5500218868255615 2.200000047683716
vertex 8.949999809265137 -1.9999781847000122 0
vertex 8.949999809265137 1.5500218868255615 0
endloop
endfacet
facet normal 0 -1 0
outer loop
vertex -7.050000190734863 1.5500218868255615 2.200000047683716
vertex 7.050000190734863 1.5500218868255615 0
vertex 7.050000190734863 1.5500218868255615 2.200000047683716
endloop
endfacet
facet normal 0 1 0
outer loop
vertex 7.050000190734863 3.450021743774414 0
vertex -7.050000190734863 3.450021743774414 0
vertex 7.050000190734863 3.450021743774414 2.200000047683716
endloop
endfacet
facet normal 0 0 -1
outer loop
vertex 40.70000076293945 27.200021743774414 0
vertex 39.75 22.00002098083496 0
vertex 39.04999923706055 25.55002212524414 0
endloop
endfacet
facet normal -1 0 0
outer loop
vertex 39.04999923706055 25.55002212524414 0
vertex 39.04999923706055 22.00002098083496 0
vertex 39.04999923706055 22.00002098083496 1
endloop
endfacet
facet normal 0 0 -1
outer loop
vertex -8.317944526672363 -29.411779403686523 0
vertex -23.049999237060547 -28.549978256225586 0
vertex -8.171953201293945 -29.314231872558594 0
endloop
endfacet
facet normal 0 0 -1
outer loop
vertex 39.04999923706055 22.00002098083496 0
vertex 39.04999923706055 25.55002212524414 0
vertex 39.75 22.00002098083496 0
endloop
endfacet
facet normal 0 0 -1
outer loop
vertex 39.04999923706055 25.55002212524414 0
vertex 24.700000762939453 27.200021743774414 0
vertex 40.70000076293945 27.200021743774414 0
endloop
endfacet
facet normal 0 0 -1
outer loop
vertex 24.950000762939453 25.55002212524414 0
vertex 24.700000762939453 27.200021743774414 0
vertex 39.04999923706055 25.55002212524414 0
endloop
endfacet
facet normal 0 0 -1
outer loop
vertex -8.171953201293945 -29.314231872558594 0
vertex -23.049999237060547 -28.549978256225586 0
vertex -7.999745845794678 -29.279977798461914 0
endloop
endfacet
facet normal 0 0 -1
outer loop
vertex 40.70000076293945 27.200021743774414 0
vertex 39.75 15.000021934509277 0
vertex 39.75 22.00002098083496 0
endloop
endfacet
facet normal 0 0 -1
outer loop
vertex -23.049999237060547 -28.549978256225586 0
vertex -8.949999809265137 -28.549978256225586 0
vertex -8.317944526672363 -28.778175354003906 0
endloop
endfacet
facet normal 1 0 0
outer loop
vertex -7.050000190734863 30.00002098083496 1
vertex -7.050000190734863 30.00002098083496 0
vertex -7.050000190734863 33.55002212524414 2.200000047683716
endloop
endfacet
facet normal 0 0 -1
outer loop
vertex 39.75 6.000021934509277 0
vertex 39.75 15.000021934509277 0
vertex 40.70000076293945 27.200021743774414 0
endloop
endfacet
facet normal 0 0 -1
outer loop
vertex 39.75 15.000021934509277 0
vertex 39.04999923706055 11.450021743774414 0
vertex 39.04999923706055 15.000021934509277 0
endloop
endfacet
facet normal 0 0 -1
outer loop
vertex 39.75 15.000021934509277 0
vertex 39.04999923706055 9.55002212524414 0
vertex 39.04999923706055 11.450021743774414 0
endloop
endfacet
facet normal 0 0 -1
outer loop
vertex 40.70000076293945 27.200021743774414 0
vertex 39.75 -0.9999781847000122 0
vertex 39.75 6.000021934509277 0
endloop
endfacet
facet normal 0 0 -1
outer loop
vertex 39.04999923706055 6.000021934509277 0
vertex 39.04999923706055 9.55002212524414 0
vertex 39.75 15.000021934509277 0
endloop
endfacet
facet normal 0 0 -1
outer loop
vertex 39.75 6.000021934509277 0
vertex 39.04999923706055 6.000021934509277 0
vertex 39.75 15.000021934509277 0
endloop
endfacet
facet normal -1 0 0
outer loop
vertex 39.04999923706055 6.000021934509277 0
vertex 39.04999923706055 6.000021934509277 1
vertex 39.04999923706055 9.55002212524414 0
endloop
endfacet
facet normal -1 0 0
outer loop
vertex -8.949999809265137 30.00002098083496 1
vertex -8.949999809265137 23.00002098083496 1
vertex -8.949999809265137 33.55002212524414 2.200000047683716
endloop
endfacet
facet normal 0 0 -1
outer loop
vertex 40.70000076293945 27.200021743774414 0
vertex 39.75 -9.999978065490723 0
vertex 39.75 -0.9999781847000122 0
endloop
endfacet
facet normal 1 0 0
outer loop
vertex -7.050000190734863 30.00002098083496 1
vertex -7.050000190734863 33.55002212524414 2.200000047683716
vertex -7.050000190734863 19.450021743774414 2.200000047683716
endloop
endfacet
facet normal 0 0 -1
outer loop
vertex 40.70000076293945 27.200021743774414 0
vertex 39.75 -16.99997901916504 0
vertex 39.75 -9.999978065490723 0
endloop
endfacet
facet normal 1 0 0
outer loop
vertex 24.950000762939453 11.450021743774414 0
vertex 24.950000762939453 15.000021934509277 0
vertex 24.950000762939453 15.000021934509277 1
endloop
endfacet
facet normal 0 0 -1
outer loop
vertex 24.950000762939453 9.55002212524414 0
vertex 39.04999923706055 11.450021743774414 0
vertex 39.04999923706055 9.55002212524414 0
endloop
endfacet
facet normal 0 0 -1
outer loop
vertex 24.950000762939453 9.55002212524414 0
vertex 24.950000762939453 11.450021743774414 0
vertex 39.04999923706055 11.450021743774414 0
endloop
endfacet
facet normal 0 0 -1
outer loop
vertex -39.75 -9.999978065490723 0
vertex -39.04999923706055 -6.449978351593018 0
vertex -39.04999923706055 -9.999978065490723 0
endloop
endfacet
facet normal 0 0 1
outer loop
vertex -8.949999809265137 33.55002212524414 2.200000047683716
vertex -8.949999809265137 19.450021743774414 2.200000047683716
vertex -7.050000190734863 19.450021743774414 2.200000047683716
endloop
endfacet
facet normal -1 0 0
outer loop
vertex 23.049999237060547 33.55002212524414 0
vertex 23.049999237060547 30.00002098083496 0
vertex 23.049999237060547 30.00002098083496 1
endloop
endfacet
facet normal 0 0 -1
outer loop
vertex 24.700000762939453 35.20002365112305 0
vertex 23.75 30.00002098083496 0
vertex 23.049999237060547 33.55002212524414 0
endloop
endfacet
facet normal 0 0 -1
outer loop
vertex 24.700000762939453 27.200021743774414 0
vertex 23.75 30.00002098083496 0
vertex 24.700000762939453 35.20002365112305 0
endloop
endfacet
facet normal 0 0 -1
outer loop
vertex 23.75 30.00002098083496 0
vertex 23.049999237060547 30.00002098083496 0
vertex 23.049999237060547 33.55002212524414 0
endloop
endfacet
facet normal 0 0 1
outer loop
vertex -8.949999809265137 33.55002212524414 2.200000047683716
vertex -7.050000190734863 19.450021743774414 2.200000047683716
vertex -7.050000190734863 33.55002212524414 2.200000047683716
endloop
endfacet
facet normal 0 -1 0
outer loop
vertex -7.050000190734863 33.55002212524414 2.200000047683716
vertex -7.050000190734863 33.55002212524414 0
vertex 7.050000190734863 33.55002212524414 0
endloop
endfacet
facet normal 0 0 -1
outer loop
vertex 24.700000762939453 27.200021743774414 0
vertex 23.75 23.00002098083496 0
vertex 23.75 30.00002098083496 0
endloop
endfacet
facet normal 0 0 1
outer loop
vertex 24.700000762939453 35.20002365112305 2.200000047683716
vertex -24.950000762939453 33.55002212524414 2.200000047683716
vertex -23.049999237060547 33.55002212524414 2.200000047683716
endloop
endfacet
facet normal 0 0 1
outer loop
vertex 24.700000762939453 35.20002365112305 2.200000047683716
vertex -23.049999237060547 33.55002212524414 2.200000047683716
vertex -8.949999809265137 33.55002212524414 2.200000047683716
endloop
endfacet
facet normal 0 0 -1
outer loop
vertex 24.950000762939453 25.55002212524414 0
vertex 23.049999237060547 19.450021743774414 0
vertex 24.700000762939453 27.200021743774414 0
endloop
endfacet
facet normal 0 0 -1
outer loop
vertex 24.25 22.00002098083496 0
vertex 24.950000762939453 25.55002212524414 0
vertex 24.950000762939453 22.00002098083496 0
endloop
endfacet
facet normal 0 0 -1
outer loop
vertex 23.049999237060547 19.450021743774414 0
vertex 23.75 23.00002098083496 0
vertex 24.700000762939453 27.200021743774414 0
endloop
endfacet
facet normal 0 0 -1
outer loop
vertex 23.049999237060547 33.55002212524414 0
vertex -40.70000076293945 35.20002365112305 0
vertex 24.700000762939453 35.20002365112305 0
endloop
endfacet
facet normal -1 0 0
outer loop
vertex 7.050000190734863 33.55002212524414 0
vertex 7.050000190734863 30.00002098083496 0
vertex 7.050000190734863 30.00002098083496 1
endloop
endfacet
facet normal 0 0 -1
outer loop
vertex 8.949999809265137 33.55002212524414 0
vertex 8.25 30.00002098083496 0
vertex 7.050000190734863 33.55002212524414 0
endloop
endfacet
facet normal 0 0 -1
outer loop
vertex 8.949999809265137 30.00002098083496 0
vertex 8.25 30.00002098083496 0
vertex 8.949999809265137 33.55002212524414 0
endloop
endfacet
facet normal 0 0 -1
outer loop
vertex 8.25 30.00002098083496 0
vertex 7.75 30.00002098083496 0
vertex 7.050000190734863 33.55002212524414 0
endloop
endfacet
facet normal 0 0 -1
outer loop
vertex 7.75 30.00002098083496 0
vertex 7.050000190734863 30.00002098083496 0
vertex 7.050000190734863 33.55002212524414 0
endloop
endfacet
facet normal 0 0 -1
outer loop
vertex -7.999745845794678 -30.179977416992188 0
vertex 7.827754497528076 -30.145723342895508 0
vertex 7.999961853027344 -30.179977416992188 0
endloop
endfacet
facet normal 0 0 -1
outer loop
vertex 7.827754497528076 -30.145723342895508 0
vertex -7.82753849029541 -30.145723342895508 0
vertex 7.681764125823975 -30.048175811767578 0
endloop
endfacet
facet normal 0 0 -1
outer loop
vertex 7.681764125823975 -30.048175811767578 0
vertex -7.681548118591309 -30.048175811767578 0
vertex 7.584216117858887 -29.902185440063477 0
endloop
endfacet
facet normal 0 0 -1
outer loop
vertex 8.25 23.00002098083496 0
vertex 7.75 30.00002098083496 0
vertex 8.25 30.00002098083496 0
endloop
endfacet
facet normal 0 0 -1
outer loop
vertex 7.584216117858887 -29.902185440063477 0
vertex -7.584000110626221 -29.902185440063477 0
vertex 7.549962043762207 -29.729978561401367 0
endloop
endfacet
facet normal 0 0 -1
outer loop
vertex 8.25 23.00002098083496 0
vertex 7.75 23.00002098083496 0
vertex 7.75 30.00002098083496 0
endloop
endfacet
facet normal 0 0 -1
outer loop
vertex 7.549962043762207 -29.729978561401367 0
vertex -7.584000110626221 -28.632184982299805 0
vertex 7.584216117858887 -29.557769775390625 0
endloop
endfacet
facet normal 0 0 -1
outer loop
vertex 7.584216117858887 -29.557769775390625 0
vertex -7.584000110626221 -28.632184982299805 0
vertex 7.681764125823975 -29.411779403686523 0
endloop
endfacet
facet normal 0 0 -1
outer loop
vertex -39.04999923706055 -6.449978351593018 0
vertex -39.75 -9.999978065490723 0
vertex -39.04999923706055 -4.549978256225586 0
endloop
endfacet
facet normal 0 0 -1
outer loop
vertex 7.681764125823975 -29.411779403686523 0
vertex -7.050000190734863 -28.549978256225586 0
vertex 7.827754497528076 -28.87572479248047 0
endloop
endfacet
facet normal 0 0 -1
outer loop
vertex 24.25 22.00002098083496 0
vertex 23.049999237060547 17.55002212524414 0
vertex 24.950000762939453 25.55002212524414 0
endloop
endfacet
facet normal 0 0 -1
outer loop
vertex 23.049999237060547 19.450021743774414 0
vertex 23.049999237060547 23.00002098083496 0
vertex 23.75 23.00002098083496 0
endloop
endfacet
facet normal 0 0 -1
outer loop
vertex 23.049999237060547 17.55002212524414 0
vertex 23.049999237060547 19.450021743774414 0
vertex 24.950000762939453 25.55002212524414 0
endloop
endfacet
facet normal 0 0 -1
outer loop
vertex 24.25 15.000021934509277 0
vertex 23.049999237060547 17.55002212524414 0
vertex 24.25 22.00002098083496 0
endloop
endfacet
facet normal 0 0 -1
outer loop
vertex -7.050000190734863 -28.549978256225586 0
vertex 7.050000190734863 -28.549978256225586 0
vertex 7.584216117858887 -28.632184982299805 0
endloop
endfacet
facet normal 0 0 -1
outer loop
vertex 7.827754497528076 -28.87572479248047 0
vertex -7.050000190734863 -28.549978256225586 0
vertex 7.681764125823975 -28.778175354003906 0
endloop
endfacet
facet normal -1 0 0
outer loop
vertex 23.049999237060547 17.55002212524414 0
vertex 23.049999237060547 14.000021934509277 0
vertex 23.049999237060547 14.000021934509277 1
endloop
endfacet
facet normal 0 0 -1
outer loop
vertex 23.049999237060547 17.55002212524414 0
vertex 23.75 14.000021934509277 0
vertex 23.049999237060547 14.000021934509277 0
endloop
endfacet
facet normal 0 0 -1
outer loop
vertex 24.950000762939453 11.450021743774414 0
vertex 23.049999237060547 17.55002212524414 0
vertex 24.25 15.000021934509277 0
endloop
endfacet
facet normal 0 0 -1
outer loop
vertex 24.25 15.000021934509277 0
vertex 24.950000762939453 15.000021934509277 0
vertex 24.950000762939453 11.450021743774414 0
endloop
endfacet
facet normal 0 0 -1
outer loop
vertex 24.950000762939453 11.450021743774414 0
vertex 23.75 14.000021934509277 0
vertex 23.049999237060547 17.55002212524414 0
endloop
endfacet
facet normal 0 0 -1
outer loop
vertex 8.949999809265137 17.55002212524414 0
vertex 23.049999237060547 19.450021743774414 0
vertex 23.049999237060547 17.55002212524414 0
endloop
endfacet
facet normal 0 0 -1
outer loop
vertex 8.949999809265137 17.55002212524414 0
vertex 8.949999809265137 19.450021743774414 0
vertex 23.049999237060547 19.450021743774414 0
endloop
endfacet
facet normal 0 0 -1
outer loop
vertex -23.049999237060547 -28.549978256225586 0
vertex -8.317944526672363 -28.778175354003906 0
vertex -8.171953201293945 -28.87572479248047 0
endloop
endfacet
facet normal 0 0 -1
outer loop
vertex 24.950000762939453 11.450021743774414 0
vertex 23.75 7.000021934509277 0
vertex 23.75 14.000021934509277 0
endloop
endfacet
facet normal 0 0 -1
outer loop
vertex -23.049999237060547 -28.549978256225586 0
vertex -8.171953201293945 -28.87572479248047 0
vertex -7.999745845794678 -28.90997886657715 0
endloop
endfacet
facet normal 0 0 -1
outer loop
vertex 7.681764125823975 -28.778175354003906 0
vertex -7.050000190734863 -28.549978256225586 0
vertex 7.584216117858887 -28.632184982299805 0
endloop
endfacet
facet normal 0 0 -1
outer loop
vertex 24.950000762939453 9.55002212524414 0
vertex 23.049999237060547 3.450021743774414 0
vertex 24.950000762939453 11.450021743774414 0
endloop
endfacet
facet normal 0 0 -1
outer loop
vertex 24.25 6.000021934509277 0
vertex 24.950000762939453 9.55002212524414 0
vertex 24.950000762939453 6.000021934509277 0
endloop
endfacet
facet normal 0 0 -1
outer loop
vertex 23.75 7.000021934509277 0
vertex 24.950000762939453 11.450021743774414 0
vertex 23.049999237060547 3.450021743774414 0
endloop
endfacet
facet normal 0 0 -1
outer loop
vertex 24.25 6.000021934509277 0
vertex 23.049999237060547 1.5500218868255615 0
vertex 24.950000762939453 9.55002212524414 0
endloop
endfacet
facet normal 0 0 -1
outer loop
vertex 23.049999237060547 3.450021743774414 0
vertex 23.049999237060547 7.000021934509277 0
vertex 23.75 7.000021934509277 0
endloop
endfacet
facet normal 1 0 0
outer loop
vertex -7.050000190734863 14.000021934509277 0
vertex -7.050000190734863 17.55002212524414 0
vertex -7.050000190734863 17.55002212524414 2.200000047683716
endloop
endfacet
facet normal 0 0 -1
outer loop
vertex 23.049999237060547 1.5500218868255615 0
vertex 23.049999237060547 3.450021743774414 0
vertex 24.950000762939453 9.55002212524414 0
endloop
endfacet
facet normal 0 0 -1
outer loop
vertex 24.25 -0.9999781847000122 0
vertex 23.049999237060547 1.5500218868255615 0
vertex 24.25 6.000021934509277 0
endloop
endfacet
facet normal 0 0 -1
outer loop
vertex 8.949999809265137 1.5500218868255615 0
vertex 23.049999237060547 3.450021743774414 0
vertex 23.049999237060547 1.5500218868255615 0
endloop
endfacet
facet normal 0 0 -1
outer loop
vertex 8.949999809265137 1.5500218868255615 0
vertex 8.949999809265137 3.450021743774414 0
vertex 23.049999237060547 3.450021743774414 0
endloop
endfacet
facet normal 1 0 0
outer loop
vertex 8.949999809265137 19.450021743774414 0
vertex 8.949999809265137 23.00002098083496 0
vertex 8.949999809265137 23.00002098083496 1
endloop
endfacet
facet normal 0 0 -1
outer loop
vertex 8.949999809265137 19.450021743774414 0
vertex 8.25 23.00002098083496 0
vertex 8.949999809265137 23.00002098083496 0
endloop
endfacet
facet normal 0 0 -1
outer loop
vertex 8.949999809265137 19.450021743774414 0
vertex 7.75 23.00002098083496 0
vertex 8.25 23.00002098083496 0
endloop
endfacet
facet normal 0 0 -1
outer loop
vertex 8.949999809265137 19.450021743774414 0
vertex 7.050000190734863 19.450021743774414 0
vertex 7.75 23.00002098083496 0
endloop
endfacet
facet normal 0 0 -1
outer loop
vertex 7.050000190734863 19.450021743774414 0
vertex 7.050000190734863 23.00002098083496 0
vertex 7.75 23.00002098083496 0
endloop
endfacet
facet normal 0 0 -1
outer loop
vertex 8.949999809265137 17.55002212524414 0
vertex 7.050000190734863 17.55002212524414 0
vertex 8.949999809265137 19.450021743774414 0
endloop
endfacet
facet normal 0 0 -1
outer loop
vertex 7.050000190734863 17.55002212524414 0
vertex 7.050000190734863 19.450021743774414 0
vertex 8.949999809265137 19.450021743774414 0
endloop
endfacet
facet normal 0 0 -1
outer loop
vertex -8.449746131896973 -25.919979095458984 0
vertex -8.949999809265137 -24.99997901916504 0
vertex -8.415492057800293 -25.747770309448242 0
endloop
endfacet
facet normal -1 0 0
outer loop
vertex 7.050000190734863 17.55002212524414 0
vertex 7.050000190734863 14.000021934509277 0
vertex 7.050000190734863 14.000021934509277 1
endloop
endfacet
facet normal 0 0 -1
outer loop
vertex 7.584216117858887 -28.632184982299805 0
vertex 7.050000190734863 -28.549978256225586 0
vertex 7.549962043762207 -28.459978103637695 0
endloop
endfacet
facet normal 0 0 -1
outer loop
vertex 8.25 14.000021934509277 0
vertex 8.949999809265137 17.55002212524414 0
vertex 8.949999809265137 14.000021934509277 0
endloop
endfacet
facet normal 0 0 -1
outer loop
vertex 7.050000190734863 17.55002212524414 0
vertex 8.949999809265137 17.55002212524414 0
vertex 8.25 14.000021934509277 0
endloop
endfacet
facet normal 0 0 -1
outer loop
vertex 8.25 14.000021934509277 0
vertex 7.75 14.000021934509277 0
vertex 7.050000190734863 17.55002212524414 0
endloop
endfacet
facet normal 0 0 -1
outer loop
vertex 7.050000190734863 14.000021934509277 0
vertex 7.050000190734863 17.55002212524414 0
vertex 7.75 14.000021934509277 0
endloop
endfacet
facet normal 0 0 -1
outer loop
vertex 7.549962043762207 -28.459978103637695 0
vertex 7.050000190734863 -28.549978256225586 0
vertex 7.584216117858887 -28.287771224975586 0
endloop
endfacet
facet normal 0 0 -1
outer loop
vertex 8.25 7.000021934509277 0
vertex 7.75 14.000021934509277 0
vertex 8.25 14.000021934509277 0
endloop
endfacet
facet normal 0 0 -1
outer loop
vertex 7.050000190734863 17.55002212524414 0
vertex -7.050000190734863 17.55002212524414 0
vertex 7.050000190734863 19.450021743774414 0
endloop
endfacet
facet normal 0 0 -1
outer loop
vertex 7.584216117858887 -28.287771224975586 0
vertex 7.050000190734863 -28.549978256225586 0
vertex 7.584216117858887 -27.362186431884766 0
endloop
endfacet
facet normal 0 0 -1
outer loop
vertex 8.25 7.000021934509277 0
vertex 7.75 7.000021934509277 0
vertex 7.75 14.000021934509277 0
endloop
endfacet
facet normal 0 0 -1
outer loop
vertex 7.584216117858887 -28.287771224975586 0
vertex 7.584216117858887 -27.362186431884766 0
vertex 7.681764125823975 -28.141780853271484 0
endloop
endfacet
facet normal 1 0 0
outer loop
vertex 8.949999809265137 3.450021743774414 0
vertex 8.949999809265137 7.000021934509277 0
vertex 8.949999809265137 7.000021934509277 1
endloop
endfacet
facet normal 0 0 -1
outer loop
vertex 7.681764125823975 -28.141780853271484 0
vertex 7.681764125823975 -27.508176803588867 0
vertex 7.827754497528076 -28.044233322143555 0
endloop
endfacet
facet normal 0 0 -1
outer loop
vertex 8.949999809265137 3.450021743774414 0
vertex 8.25 7.000021934509277 0
vertex 8.949999809265137 7.000021934509277 0
endloop
endfacet
facet normal 0 0 -1
outer loop
vertex 8.949999809265137 3.450021743774414 0
vertex 7.75 7.000021934509277 0
vertex 8.25 7.000021934509277 0
endloop
endfacet
facet normal 0 0 -1
outer loop
vertex 7.75 7.000021934509277 0
vertex 7.050000190734863 3.450021743774414 0
vertex 7.050000190734863 7.000021934509277 0
endloop
endfacet
facet normal 0 0 -1
outer loop
vertex 8.949999809265137 3.450021743774414 0
vertex 7.050000190734863 3.450021743774414 0
vertex 7.75 7.000021934509277 0
endloop
endfacet
facet normal 0 0 -1
outer loop
vertex 8.949999809265137 3.450021743774414 0
vertex 7.050000190734863 1.5500218868255615 0
vertex 7.050000190734863 3.450021743774414 0
endloop
endfacet
facet normal 0 0 -1
outer loop
vertex 8.949999809265137 1.5500218868255615 0
vertex 7.050000190734863 1.5500218868255615 0
vertex 8.949999809265137 3.450021743774414 0
endloop
endfacet
facet normal 0 0 -1
outer loop
vertex 8.949999809265137 1.5500218868255615 0
vertex 8.25 -1.9999781847000122 0
vertex 7.050000190734863 1.5500218868255615 0
endloop
endfacet
facet normal 0 0 -1
outer loop
vertex 7.050000190734863 1.5500218868255615 0
vertex -7.050000190734863 1.5500218868255615 0
vertex 7.050000190734863 3.450021743774414 0
endloop
endfacet
facet normal 0 0 -1
outer loop
vertex -39.75 -0.9999781847000122 0
vertex -40.70000076293945 -22.19997787475586 0
vertex -39.75 6.000021934509277 0
endloop
endfacet
facet normal 0 0 -1
outer loop
vertex -39.75 6.000021934509277 0
vertex -40.70000076293945 -22.19997787475586 0
vertex -40.70000076293945 11.200021743774414 0
endloop
endfacet
facet normal 0 0 1
outer loop
vertex 39.04999923706055 9.55002212524414 2.200000047683716
vertex 40.70000076293945 -22.19997787475586 2.200000047683716
vertex 39.04999923706055 11.450021743774414 2.200000047683716
endloop
endfacet
facet normal 0 0 1
outer loop
vertex 39.04999923706055 -4.549978256225586 2.200000047683716
vertex 40.70000076293945 -22.19997787475586 2.200000047683716
vertex 39.04999923706055 9.55002212524414 2.200000047683716
endloop
endfacet
facet normal -1 0 0
outer loop
vertex 39.04999923706055 -0.9999781847000122 1
vertex 39.04999923706055 -0.9999781847000122 0
vertex 39.04999923706055 -4.549978256225586 2.200000047683716
endloop
endfacet
facet normal 0 0 -1
outer loop
vertex 7.584216117858887 -27.362186431884766 0
vertex 7.050000190734863 -28.549978256225586 0
vertex 7.549962043762207 -27.189977645874023 0
endloop
endfacet
facet normal -1 0 0
outer loop
vertex 39.04999923706055 -0.9999781847000122 0
vertex 39.04999923706055 -4.549978256225586 0
vertex 39.04999923706055 -4.549978256225586 2.200000047683716
endloop
endfacet
facet normal -1 0 0
outer loop
vertex 39.04999923706055 -6.449978351593018 2.200000047683716
vertex 39.04999923706055 -6.449978351593018 0
vertex 39.04999923706055 -9.999978065490723 1
endloop
endfacet
facet normal 0 0 -1
outer loop
vertex 7.681764125823975 -27.508176803588867 0
vertex 7.681764125823975 -28.141780853271484 0
vertex 7.584216117858887 -27.362186431884766 0
endloop
endfacet
facet normal 0 0 1
outer loop
vertex 39.04999923706055 -4.549978256225586 2.200000047683716
vertex 39.04999923706055 -6.449978351593018 2.200000047683716
vertex 40.70000076293945 -22.19997787475586 2.200000047683716
endloop
endfacet
facet normal 0 0 1
outer loop
vertex 39.04999923706055 -20.549978256225586 2.200000047683716
vertex 40.70000076293945 -22.19997787475586 2.200000047683716
vertex 39.04999923706055 -6.449978351593018 2.200000047683716
endloop
endfacet
facet normal -1 0 0
outer loop
vertex 39.04999923706055 -9.999978065490723 1
vertex 39.04999923706055 -16.99997901916504 1
vertex 39.04999923706055 -6.449978351593018 2.200000047683716
endloop
endfacet
facet normal -1 0 0
outer loop
vertex 39.04999923706055 -16.99997901916504 1
vertex 39.04999923706055 -20.549978256225586 2.200000047683716
vertex 39.04999923706055 -6.449978351593018 2.200000047683716
endloop
endfacet
facet normal 0 0 -1
outer loop
vertex 7.681764125823975 -29.411779403686523 0
vertex 7.827754497528076 -28.87572479248047 0
vertex 7.827754497528076 -29.314231872558594 0
endloop
endfacet
facet normal 0 0 -1
outer loop
vertex 7.827754497528076 -29.314231872558594 0
vertex 7.827754497528076 -28.87572479248047 0
vertex 7.999961853027344 -29.279977798461914 0
endloop
endfacet
facet normal 0 0 -1
outer loop
vertex 7.999961853027344 -28.90997886657715 0
vertex 8.17216968536377 -29.314231872558594 0
vertex 7.999961853027344 -29.279977798461914 0
endloop
endfacet
facet normal -1 0 0
outer loop
vertex 39.04999923706055 -16.99997901916504 1
vertex 39.04999923706055 -16.99997901916504 0
vertex 39.04999923706055 -20.549978256225586 2.200000047683716
endloop
endfacet
facet normal 0 0 -1
outer loop
vertex 7.999961853027344 -28.90997886657715 0
vertex 7.999961853027344 -29.279977798461914 0
vertex 7.827754497528076 -28.87572479248047 0
endloop
endfacet
facet normal -1 0 0
outer loop
vertex 39.04999923706055 -16.99997901916504 0
vertex 39.04999923706055 -20.549978256225586 0
vertex 39.04999923706055 -20.549978256225586 2.200000047683716
endloop
endfacet
facet normal 0 0 1
outer loop
vertex 39.04999923706055 -4.549978256225586 2.200000047683716
vertex 24.950000762939453 -6.449978351593018 2.200000047683716
vertex 39.04999923706055 -6.449978351593018 2.200000047683716
endloop
endfacet
facet normal 0 0 1
outer loop
vertex 24.950000762939453 -4.549978256225586 2.200000047683716
vertex 24.950000762939453 -6.449978351593018 2.200000047683716
vertex 39.04999923706055 -4.549978256225586 2.200000047683716
endloop
endfacet
facet normal 0 1 0
outer loop
vertex 39.04999923706055 -4.549978256225586 0
vertex 24.950000762939453 -4.549978256225586 0
vertex 39.04999923706055 -4.549978256225586 2.200000047683716
endloop
endfacet
facet normal 0 -1 0
outer loop
vertex 24.950000762939453 -6.449978351593018 2.200000047683716
vertex 39.04999923706055 -6.449978351593018 0
vertex 39.04999923706055 -6.449978351593018 2.200000047683716
endloop
endfacet
facet normal 0 1 0
outer loop
vertex 24.950000762939453 -4.549978256225586 0
vertex 24.950000762939453 -4.549978256225586 2.200000047683716
vertex 39.04999923706055 -4.549978256225586 2.200000047683716
endloop
endfacet
facet normal 1 0 0
outer loop
vertex 24.950000762939453 -0.9999781847000122 1
vertex 24.950000762939453 -4.549978256225586 2.200000047683716
vertex 24.950000762939453 -4.549978256225586 0
endloop
endfacet
facet normal 0 -1 0
outer loop
vertex 24.950000762939453 -6.449978351593018 2.200000047683716
vertex 24.950000762939453 -6.449978351593018 0
vertex 39.04999923706055 -6.449978351593018 0
endloop
endfacet
facet normal 1 0 0
outer loop
vertex 24.950000762939453 -6.449978351593018 2.200000047683716
vertex 24.950000762939453 -9.999978065490723 0
vertex 24.950000762939453 -6.449978351593018 0
endloop
endfacet
facet normal 1 0 0
outer loop
vertex 24.950000762939453 -9.999978065490723 1
vertex 24.950000762939453 -9.999978065490723 0
vertex 24.950000762939453 -6.449978351593018 2.200000047683716
endloop
endfacet
facet normal 0 0 1
outer loop
vertex 39.04999923706055 -20.549978256225586 2.200000047683716
vertex 24.700000762939453 -22.19997787475586 2.200000047683716
vertex 40.70000076293945 -22.19997787475586 2.200000047683716
endloop
endfacet
facet normal 0 0 1
outer loop
vertex 24.950000762939453 -20.549978256225586 2.200000047683716
vertex 24.700000762939453 -22.19997787475586 2.200000047683716
vertex 39.04999923706055 -20.549978256225586 2.200000047683716
endloop
endfacet
facet normal 0 1 0
outer loop
vertex 39.04999923706055 -20.549978256225586 0
vertex 24.950000762939453 -20.549978256225586 0
vertex 39.04999923706055 -20.549978256225586 2.200000047683716
endloop
endfacet
facet normal 1 0 0
outer loop
vertex 24.950000762939453 -6.449978351593018 2.200000047683716
vertex 24.950000762939453 -20.549978256225586 2.200000047683716
vertex 24.950000762939453 -9.999978065490723 1
endloop
endfacet
facet normal 1 0 0
outer loop
vertex 24.950000762939453 -20.549978256225586 2.200000047683716
vertex 24.950000762939453 -16.99997901916504 1
vertex 24.950000762939453 -9.999978065490723 1
endloop
endfacet
facet normal 0 1 0
outer loop
vertex 24.950000762939453 -20.549978256225586 0
vertex 24.950000762939453 -20.549978256225586 2.200000047683716
vertex 39.04999923706055 -20.549978256225586 2.200000047683716
endloop
endfacet
facet normal 1 0 0
outer loop
vertex 24.950000762939453 -16.99997901916504 1
vertex 24.950000762939453 -20.549978256225586 2.200000047683716
vertex 24.950000762939453 -20.549978256225586 0
endloop
endfacet
facet normal 0 0 -1
outer loop
vertex -39.04999923706055 -4.549978256225586 0
vertex -39.75 -9.999978065490723 0
vertex -39.04999923706055 -0.9999781847000122 0
endloop
endfacet
facet normal 0 0 -1
outer loop
vertex -39.75 -9.999978065490723 0
vertex -39.75 -0.9999781847000122 0
vertex -39.04999923706055 -0.9999781847000122 0
endloop
endfacet
facet normal 1 0 0
outer loop
vertex -39.04999923706055 -4.549978256225586 0
vertex -39.04999923706055 -0.9999781847000122 0
vertex -39.04999923706055 -0.9999781847000122 1
endloop
endfacet
facet normal 0 0 -1
outer loop
vertex 8.17216968536377 -29.314231872558594 0
vertex 7.999961853027344 -28.90997886657715 0
vertex 8.17216968536377 -28.87572479248047 0
endloop
endfacet
facet normal 0 0 -1
outer loop
vertex -24.700000762939453 -22.19997787475586 0
vertex -40.70000076293945 -22.19997787475586 0
vertex -39.04999923706055 -20.549978256225586 0
endloop
endfacet
facet normal 0 0 -1
outer loop
vertex -24.700000762939453 -22.19997787475586 0
vertex -39.04999923706055 -20.549978256225586 0
vertex -24.950000762939453 -20.549978256225586 0
endloop
endfacet
facet normal 0 0 -1
outer loop
vertex -39.04999923706055 -6.449978351593018 0
vertex -39.04999923706055 -4.549978256225586 0
vertex -24.950000762939453 -4.549978256225586 0
endloop
endfacet
facet normal 0 0 -1
outer loop
vertex -39.04999923706055 -6.449978351593018 0
vertex -24.950000762939453 -4.549978256225586 0
vertex -24.950000762939453 -6.449978351593018 0
endloop
endfacet
facet normal -1 0 0
outer loop
vertex -24.950000762939453 -9.999978065490723 0
vertex -24.950000762939453 -9.999978065490723 1
vertex -24.950000762939453 -6.449978351593018 0
endloop
endfacet
facet normal 0 0 1
outer loop
vertex 23.049999237060547 1.5500218868255615 2.200000047683716
vertex 23.049999237060547 -12.549978256225586 2.200000047683716
vertex 24.950000762939453 -4.549978256225586 2.200000047683716
endloop
endfacet
facet normal 0 0 1
outer loop
vertex 24.950000762939453 -6.449978351593018 2.200000047683716
vertex 24.950000762939453 -4.549978256225586 2.200000047683716
vertex 23.049999237060547 -12.549978256225586 2.200000047683716
endloop
endfacet
facet normal -1 0 0
outer loop
vertex 23.049999237060547 -1.9999781847000122 1
vertex 23.049999237060547 -8.999978065490723 1
vertex 23.049999237060547 1.5500218868255615 2.200000047683716
endloop
endfacet
facet normal -1 0 0
outer loop
vertex -8.949999809265137 -24.99997901916504 0
vertex -8.949999809265137 -28.549978256225586 0
vertex -8.949999809265137 -28.549978256225586 2.200000047683716
endloop
endfacet
facet normal 0 0 -1
outer loop
vertex 8.17216968536377 -28.87572479248047 0
vertex 8.318160057067871 -28.778175354003906 0
vertex 8.17216968536377 -29.314231872558594 0
endloop
endfacet
facet normal 0 0 -1
outer loop
vertex 7.827754497528076 -28.044233322143555 0
vertex 7.827754497528076 -27.605724334716797 0
vertex 7.999961853027344 -28.009977340698242 0
endloop
endfacet
facet normal 0 0 -1
outer loop
vertex 7.999961853027344 -28.009977340698242 0
vertex 7.999961853027344 -27.639978408813477 0
vertex 8.17216968536377 -28.044233322143555 0
endloop
endfacet
facet normal 0 0 -1
outer loop
vertex 7.827754497528076 -28.044233322143555 0
vertex 7.681764125823975 -27.508176803588867 0
vertex 7.827754497528076 -27.605724334716797 0
endloop
endfacet
facet normal -1 0 0
outer loop
vertex 23.049999237060547 -8.999978065490723 1
vertex 23.049999237060547 -12.549978256225586 2.200000047683716
vertex 23.049999237060547 1.5500218868255615 2.200000047683716
endloop
endfacet
facet normal 0 0 -1
outer loop
vertex 7.999961853027344 -27.639978408813477 0
vertex 7.999961853027344 -28.009977340698242 0
vertex 7.827754497528076 -27.605724334716797 0
endloop
endfacet
facet normal -1 0 0
outer loop
vertex 23.049999237060547 -8.999978065490723 1
vertex 23.049999237060547 -8.999978065490723 0
vertex 23.049999237060547 -12.549978256225586 2.200000047683716
endloop
endfacet
facet normal 0 0 -1
outer loop
vertex 8.17216968536377 -28.044233322143555 0
vertex 7.999961853027344 -27.639978408813477 0
vertex 8.17216968536377 -27.605724334716797 0
endloop
endfacet
facet normal 0 0 -1
outer loop
vertex 8.17216968536377 -28.044233322143555 0
vertex 8.17216968536377 -27.605724334716797 0
vertex 8.318160057067871 -28.141780853271484 0
endloop
endfacet
facet normal 0 0 -1
outer loop
vertex 8.4157075881958 -28.287771224975586 0
vertex 8.318160057067871 -28.141780853271484 0
vertex 8.318160057067871 -27.508176803588867 0
endloop
endfacet
facet normal 0 0 1
outer loop
vertex 23.049999237060547 -12.549978256225586 2.200000047683716
vertex 23.049999237060547 -14.44997787475586 2.200000047683716
vertex 24.950000762939453 -6.449978351593018 2.200000047683716
endloop
endfacet
facet normal 0 0 1
outer loop
vertex 23.049999237060547 -14.44997787475586 2.200000047683716
vertex 24.950000762939453 -20.549978256225586 2.200000047683716
vertex 24.950000762939453 -6.449978351593018 2.200000047683716
endloop
endfacet
facet normal 0 0 1
outer loop
vertex 23.049999237060547 -14.44997787475586 2.200000047683716
vertex 23.049999237060547 -28.549978256225586 2.200000047683716
vertex 24.950000762939453 -20.549978256225586 2.200000047683716
endloop
endfacet
facet normal 0 0 1
outer loop
vertex 23.049999237060547 -12.549978256225586 2.200000047683716
vertex 8.949999809265137 -14.44997787475586 2.200000047683716
vertex 23.049999237060547 -14.44997787475586 2.200000047683716
endloop
endfacet
facet normal 0 0 1
outer loop
vertex 8.949999809265137 -12.549978256225586 2.200000047683716
vertex 8.949999809265137 -14.44997787475586 2.200000047683716
vertex 23.049999237060547 -12.549978256225586 2.200000047683716
endloop
endfacet
facet normal 0 0 -1
outer loop
vertex 8.318160057067871 -27.508176803588867 0
vertex 8.318160057067871 -28.141780853271484 0
vertex 8.17216968536377 -27.605724334716797 0
endloop
endfacet
facet normal -1 0 0
outer loop
vertex 23.049999237060547 -8.999978065490723 0
vertex 23.049999237060547 -12.549978256225586 0
vertex 23.049999237060547 -12.549978256225586 2.200000047683716
endloop
endfacet
facet normal 0 0 -1
outer loop
vertex 8.44996166229248 -28.459978103637695 0
vertex 8.949999809265137 -28.549978256225586 0
vertex 8.4157075881958 -28.632184982299805 0
endloop
endfacet
facet normal -1 0 0
outer loop
vertex 23.049999237060547 -14.44997787475586 2.200000047683716
vertex 23.049999237060547 -14.44997787475586 0
vertex 23.049999237060547 -17.99997901916504 1
endloop
endfacet
facet normal 0 0 -1
outer loop
vertex 8.949999809265137 -28.549978256225586 0
vertex 8.44996166229248 -28.459978103637695 0
vertex 8.4157075881958 -28.287771224975586 0
endloop
endfacet
facet normal -1 0 0
outer loop
vertex -8.949999809265137 -24.99997901916504 1
vertex -8.949999809265137 -24.99997901916504 0
vertex -8.949999809265137 -28.549978256225586 2.200000047683716
endloop
endfacet
facet normal 0 0 -1
outer loop
vertex 8.949999809265137 -28.549978256225586 0
vertex 8.4157075881958 -28.287771224975586 0
vertex 8.318160057067871 -27.508176803588867 0
endloop
endfacet
facet normal -1 0 0
outer loop
vertex 23.049999237060547 -17.99997901916504 1
vertex 23.049999237060547 -24.99997901916504 1
vertex 23.049999237060547 -14.44997787475586 2.200000047683716
endloop
endfacet
facet normal 0 0 -1
outer loop
vertex 8.949999809265137 -28.549978256225586 0
vertex 8.318160057067871 -27.508176803588867 0
vertex 8.4157075881958 -27.362186431884766 0
endloop
endfacet
facet normal 0 0 1
outer loop
vertex -24.950000762939453 19.450021743774414 2.200000047683716
vertex -40.70000076293945 17.80002212524414 2.200000047683716
vertex -24.700000762939453 17.80002212524414 2.200000047683716
endloop
endfacet
facet normal 0 0 1
outer loop
vertex -24.950000762939453 19.450021743774414 2.200000047683716
vertex -39.04999923706055 19.450021743774414 2.200000047683716
vertex -40.70000076293945 17.80002212524414 2.200000047683716
endloop
endfacet
facet normal 0 0 -1
outer loop
vertex 8.949999809265137 -28.549978256225586 0
vertex 8.4157075881958 -27.362186431884766 0
vertex 8.44996166229248 -27.189977645874023 0
endloop
endfacet
facet normal 0 -1 0
outer loop
vertex 8.949999809265137 -14.44997787475586 2.200000047683716
vertex 23.049999237060547 -14.44997787475586 0
vertex 23.049999237060547 -14.44997787475586 2.200000047683716
endloop
endfacet
facet normal 0 1 0
outer loop
vertex 23.049999237060547 -12.549978256225586 2.200000047683716
vertex 8.949999809265137 -12.549978256225586 0
vertex 8.949999809265137 -12.549978256225586 2.200000047683716
endloop
endfacet
facet normal 0 1 0
outer loop
vertex 23.049999237060547 -12.549978256225586 0
vertex 8.949999809265137 -12.549978256225586 0
vertex 23.049999237060547 -12.549978256225586 2.200000047683716
endloop
endfacet
facet normal 0 -1 0
outer loop
vertex 8.949999809265137 -14.44997787475586 2.200000047683716
vertex 8.949999809265137 -14.44997787475586 0
vertex 23.049999237060547 -14.44997787475586 0
endloop
endfacet
facet normal 0 0 1
outer loop
vertex 7.050000190734863 1.5500218868255615 2.200000047683716
vertex 8.949999809265137 -12.549978256225586 2.200000047683716
vertex 8.949999809265137 1.5500218868255615 2.200000047683716
endloop
endfacet
facet normal 0 0 1
outer loop
vertex 7.050000190734863 1.5500218868255615 2.200000047683716
vertex 7.050000190734863 -12.549978256225586 2.200000047683716
vertex 8.949999809265137 -12.549978256225586 2.200000047683716
endloop
endfacet
facet normal 1 0 0
outer loop
vertex 8.949999809265137 -1.9999781847000122 1
vertex 8.949999809265137 1.5500218868255615 2.200000047683716
vertex 8.949999809265137 -12.549978256225586 2.200000047683716
endloop
endfacet
facet normal -1 0 0
outer loop
vertex 7.050000190734863 -1.9999781847000122 1
vertex 7.050000190734863 -8.999978065490723 1
vertex 7.050000190734863 1.5500218868255615 2.200000047683716
endloop
endfacet
facet normal -1 0 0
outer loop
vertex -24.950000762939453 23.00002098083496 0
vertex -24.950000762939453 19.450021743774414 2.200000047683716
vertex -24.950000762939453 23.00002098083496 1
endloop
endfacet
facet normal -1 0 0
outer loop
vertex -24.950000762939453 23.00002098083496 0
vertex -24.950000762939453 19.450021743774414 0
vertex -24.950000762939453 19.450021743774414 2.200000047683716
endloop
endfacet
facet normal 0 1 0
outer loop
vertex -24.950000762939453 19.450021743774414 0
vertex -39.04999923706055 19.450021743774414 0
vertex -24.950000762939453 19.450021743774414 2.200000047683716
endloop
endfacet
facet normal 1 0 0
outer loop
vertex 8.949999809265137 -1.9999781847000122 1
vertex 8.949999809265137 -1.9999781847000122 0
vertex 8.949999809265137 1.5500218868255615 2.200000047683716
endloop
endfacet
facet normal 0 1 0
outer loop
vertex -39.04999923706055 19.450021743774414 0
vertex -39.04999923706055 19.450021743774414 2.200000047683716
vertex -24.950000762939453 19.450021743774414 2.200000047683716
endloop
endfacet
facet normal 0 0 1
outer loop
vertex -24.700000762939453 11.200021743774414 2.200000047683716
vertex -39.04999923706055 9.55002212524414 2.200000047683716
vertex -24.950000762939453 9.55002212524414 2.200000047683716
endloop
endfacet
facet normal 0 0 1
outer loop
vertex -40.70000076293945 11.200021743774414 2.200000047683716
vertex -39.04999923706055 9.55002212524414 2.200000047683716
vertex -24.700000762939453 11.200021743774414 2.200000047683716
endloop
endfacet
facet normal 0 -1 0
outer loop
vertex -39.04999923706055 9.55002212524414 2.200000047683716
vertex -24.950000762939453 9.55002212524414 0
vertex -24.950000762939453 9.55002212524414 2.200000047683716
endloop
endfacet
facet normal -1 0 0
outer loop
vertex -24.950000762939453 6.000021934509277 1
vertex -24.950000762939453 9.55002212524414 2.200000047683716
vertex -24.950000762939453 9.55002212524414 0
endloop
endfacet
facet normal -1 0 0
outer loop
vertex 7.050000190734863 -8.999978065490723 1
vertex 7.050000190734863 -12.549978256225586 2.200000047683716
vertex 7.050000190734863 1.5500218868255615 2.200000047683716
endloop
endfacet
facet normal 1 0 0
outer loop
vertex 8.949999809265137 -8.999978065490723 1
vertex 8.949999809265137 -1.9999781847000122 1
vertex 8.949999809265137 -12.549978256225586 2.200000047683716
endloop
endfacet
facet normal -1 0 0
outer loop
vertex -24.950000762939453 -0.9999781847000122 1
vertex -24.950000762939453 9.55002212524414 2.200000047683716
vertex -24.950000762939453 6.000021934509277 1
endloop
endfacet
facet normal 1 0 0
outer loop
vertex -7.050000190734863 -24.99997901916504 1
vertex -7.050000190734863 -28.549978256225586 2.200000047683716
vertex -7.050000190734863 -28.549978256225586 0
endloop
endfacet
facet normal -1 0 0
outer loop
vertex -24.950000762939453 -0.9999781847000122 1
vertex -24.950000762939453 -4.549978256225586 2.200000047683716
vertex -24.950000762939453 9.55002212524414 2.200000047683716
endloop
endfacet
facet normal 0 -1 0
outer loop
vertex -39.04999923706055 9.55002212524414 2.200000047683716
vertex -39.04999923706055 9.55002212524414 0
vertex -24.950000762939453 9.55002212524414 0
endloop
endfacet
facet normal -1 0 0
outer loop
vertex 7.050000190734863 -8.999978065490723 1
vertex 7.050000190734863 -8.999978065490723 0
vertex 7.050000190734863 -12.549978256225586 2.200000047683716
endloop
endfacet
facet normal 1 0 0
outer loop
vertex -39.04999923706055 19.450021743774414 0
vertex -39.04999923706055 23.00002098083496 1
vertex -39.04999923706055 19.450021743774414 2.200000047683716
endloop
endfacet
facet normal 0 0 1
outer loop
vertex -40.70000076293945 11.200021743774414 2.200000047683716
vertex -39.04999923706055 -4.549978256225586 2.200000047683716
vertex -39.04999923706055 9.55002212524414 2.200000047683716
endloop
endfacet
facet normal 0 0 1
outer loop
vertex 7.050000190734863 -12.549978256225586 2.200000047683716
vertex 7.050000190734863 -14.44997787475586 2.200000047683716
vertex 8.949999809265137 -12.549978256225586 2.200000047683716
endloop
endfacet
facet normal 0 0 1
outer loop
vertex 7.050000190734863 -14.44997787475586 2.200000047683716
vertex 8.949999809265137 -14.44997787475586 2.200000047683716
vertex 8.949999809265137 -12.549978256225586 2.200000047683716
endloop
endfacet
facet normal 0 0 1
outer loop
vertex 7.050000190734863 -14.44997787475586 2.200000047683716
vertex 8.949999809265137 -28.549978256225586 2.200000047683716
vertex 8.949999809265137 -14.44997787475586 2.200000047683716
endloop
endfacet
facet normal 0 0 1
outer loop
vertex 7.050000190734863 -12.549978256225586 2.200000047683716
vertex -7.050000190734863 -14.44997787475586 2.200000047683716
vertex 7.050000190734863 -14.44997787475586 2.200000047683716
endloop
endfacet
facet normal 0 0 1
outer loop
vertex -40.70000076293945 11.200021743774414 2.200000047683716
vertex -39.04999923706055 -6.449978351593018 2.200000047683716
vertex -39.04999923706055 -4.549978256225586 2.200000047683716
endloop
endfacet
facet normal 1 0 0
outer loop
vertex -39.04999923706055 9.55002212524414 2.200000047683716
vertex -39.04999923706055 6.000021934509277 0
vertex -39.04999923706055 9.55002212524414 0
endloop
endfacet
facet normal 1 0 0
outer loop
vertex -39.04999923706055 9.55002212524414 2.200000047683716
vertex -39.04999923706055 6.000021934509277 1
vertex -39.04999923706055 6.000021934509277 0
endloop
endfacet
facet normal 1 0 0
outer loop
vertex 8.949999809265137 -12.549978256225586 0
vertex 8.949999809265137 -8.999978065490723 1
vertex 8.949999809265137 -12.549978256225586 2.200000047683716
endloop
endfacet
facet normal -1 0 0
outer loop
vertex 7.050000190734863 -8.999978065490723 0
vertex 7.050000190734863 -12.549978256225586 0
vertex 7.050000190734863 -12.549978256225586 2.200000047683716
endloop
endfacet
facet normal -1 0 0
outer loop
vertex 7.050000190734863 -14.44997787475586 2.200000047683716
vertex 7.050000190734863 -14.44997787475586 0
vertex 7.050000190734863 -17.99997901916504 1
endloop
endfacet
facet normal 1 0 0
outer loop
vertex 8.949999809265137 -14.44997787475586 2.200000047683716
vertex 8.949999809265137 -17.99997901916504 0
vertex 8.949999809265137 -14.44997787475586 0
endloop
endfacet
facet normal 1 0 0
outer loop
vertex -39.04999923706055 6.000021934509277 1
vertex -39.04999923706055 9.55002212524414 2.200000047683716
vertex -39.04999923706055 -4.549978256225586 2.200000047683716
endloop
endfacet
facet normal 1 0 0
outer loop
vertex -39.04999923706055 -4.549978256225586 2.200000047683716
vertex -39.04999923706055 -0.9999781847000122 1
vertex -39.04999923706055 6.000021934509277 1
endloop
endfacet
facet normal -1 0 0
outer loop
vertex 7.050000190734863 -17.99997901916504 1
vertex 7.050000190734863 -24.99997901916504 1
vertex 7.050000190734863 -14.44997787475586 2.200000047683716
endloop
endfacet
facet normal 1 0 0
outer loop
vertex 8.949999809265137 -17.99997901916504 1
vertex 8.949999809265137 -14.44997787475586 2.200000047683716
vertex 8.949999809265137 -28.549978256225586 2.200000047683716
endloop
endfacet
facet normal 1 0 0
outer loop
vertex 8.949999809265137 -17.99997901916504 1
vertex 8.949999809265137 -17.99997901916504 0
vertex 8.949999809265137 -14.44997787475586 2.200000047683716
endloop
endfacet
facet normal 0 0 -1
outer loop
vertex 8.949999809265137 33.55002212524414 0
vertex -40.70000076293945 35.20002365112305 0
vertex 23.049999237060547 33.55002212524414 0
endloop
endfacet
facet normal 0 0 -1
outer loop
vertex 8.949999809265137 -28.549978256225586 0
vertex 8.44996166229248 -27.189977645874023 0
vertex 8.4157075881958 -27.017770767211914 0
endloop
endfacet
facet normal 0 0 -1
outer loop
vertex 7.050000190734863 33.55002212524414 0
vertex -40.70000076293945 35.20002365112305 0
vertex 8.949999809265137 33.55002212524414 0
endloop
endfacet
facet normal 0 0 -1
outer loop
vertex 7.549962043762207 -27.189977645874023 0
vertex 7.050000190734863 -28.549978256225586 0
vertex 7.584216117858887 -26.092185974121094 0
endloop
endfacet
facet normal -1 0 0
outer loop
vertex -8.949999809265137 33.55002212524414 0
vertex -8.949999809265137 30.00002098083496 0
vertex -8.949999809265137 30.00002098083496 1
endloop
endfacet
facet normal 0 0 -1
outer loop
vertex -7.050000190734863 30.00002098083496 0
vertex -7.75 30.00002098083496 0
vertex -7.050000190734863 33.55002212524414 0
endloop
endfacet
facet normal 0 0 -1
outer loop
vertex -8.949999809265137 33.55002212524414 0
vertex -7.050000190734863 33.55002212524414 0
vertex -7.75 30.00002098083496 0
endloop
endfacet
facet normal 0 0 -1
outer loop
vertex -7.75 30.00002098083496 0
vertex -8.25 30.00002098083496 0
vertex -8.949999809265137 33.55002212524414 0
endloop
endfacet
facet normal 0 0 -1
outer loop
vertex -8.25 30.00002098083496 0
vertex -8.949999809265137 30.00002098083496 0
vertex -8.949999809265137 33.55002212524414 0
endloop
endfacet
facet normal 0 0 -1
outer loop
vertex -7.75 23.00002098083496 0
vertex -8.25 30.00002098083496 0
vertex -7.75 30.00002098083496 0
endloop
endfacet
facet normal 0 0 -1
outer loop
vertex -7.75 23.00002098083496 0
vertex -8.25 23.00002098083496 0
vertex -8.25 30.00002098083496 0
endloop
endfacet
facet normal 0 0 -1
outer loop
vertex 7.584216117858887 -26.092185974121094 0
vertex 7.050000190734863 -28.549978256225586 0
vertex 7.050000190734863 -24.99997901916504 0
endloop
endfacet
facet normal 0 0 -1
outer loop
vertex 7.549962043762207 -27.189977645874023 0
vertex 7.584216117858887 -26.092185974121094 0
vertex 7.584216117858887 -27.017770767211914 0
endloop
endfacet
facet normal 0 0 -1
outer loop
vertex -7.050000190734863 33.55002212524414 0
vertex -40.70000076293945 35.20002365112305 0
vertex 7.050000190734863 33.55002212524414 0
endloop
endfacet
facet normal 0 0 -1
outer loop
vertex 7.584216117858887 -27.017770767211914 0
vertex 7.584216117858887 -26.092185974121094 0
vertex 7.681764125823975 -26.871780395507812 0
endloop
endfacet
facet normal 0 0 -1
outer loop
vertex -8.949999809265137 33.55002212524414 0
vertex -40.70000076293945 35.20002365112305 0
vertex -7.050000190734863 33.55002212524414 0
endloop
endfacet
facet normal 0 0 -1
outer loop
vertex -23.049999237060547 33.55002212524414 0
vertex -40.70000076293945 35.20002365112305 0
vertex -8.949999809265137 33.55002212524414 0
endloop
endfacet
facet normal 0 0 -1
outer loop
vertex -23.75 30.00002098083496 0
vertex -24.950000762939453 33.55002212524414 0
vertex -23.049999237060547 33.55002212524414 0
endloop
endfacet
facet normal 0 0 -1
outer loop
vertex -23.049999237060547 30.00002098083496 0
vertex -23.75 30.00002098083496 0
vertex -23.049999237060547 33.55002212524414 0
endloop
endfacet
facet normal 0 0 -1
outer loop
vertex -23.75 30.00002098083496 0
vertex -24.25 30.00002098083496 0
vertex -24.950000762939453 33.55002212524414 0
endloop
endfacet
facet normal 0 0 -1
outer loop
vertex -24.25 30.00002098083496 0
vertex -24.950000762939453 30.00002098083496 0
vertex -24.950000762939453 33.55002212524414 0
endloop
endfacet
facet normal 0 0 -1
outer loop
vertex -23.75 23.00002098083496 0
vertex -24.25 30.00002098083496 0
vertex -23.75 30.00002098083496 0
endloop
endfacet
facet normal 0 0 -1
outer loop
vertex -23.75 23.00002098083496 0
vertex -24.25 23.00002098083496 0
vertex -24.25 30.00002098083496 0
endloop
endfacet
facet normal 0 0 -1
outer loop
vertex 7.681764125823975 -26.871780395507812 0
vertex 7.681764125823975 -26.238176345825195 0
vertex 7.827754497528076 -26.774232864379883 0
endloop
endfacet
facet normal 0 0 -1
outer loop
vertex 7.681764125823975 -26.238176345825195 0
vertex 7.681764125823975 -26.871780395507812 0
vertex 7.584216117858887 -26.092185974121094 0
endloop
endfacet
facet normal 0 0 -1
outer loop
vertex 7.584216117858887 -26.092185974121094 0
vertex 7.050000190734863 -24.99997901916504 0
vertex 7.549962043762207 -25.919979095458984 0
endloop
endfacet
facet normal 0 0 -1
outer loop
vertex -7.050000190734863 17.55002212524414 0
vertex -7.050000190734863 19.450021743774414 0
vertex 7.050000190734863 19.450021743774414 0
endloop
endfacet
facet normal 1 0 0
outer loop
vertex -7.050000190734863 19.450021743774414 0
vertex -7.050000190734863 23.00002098083496 0
vertex -7.050000190734863 23.00002098083496 1
endloop
endfacet
facet normal 0 0 -1
outer loop
vertex -7.050000190734863 19.450021743774414 0
vertex -7.75 23.00002098083496 0
vertex -7.050000190734863 23.00002098083496 0
endloop
endfacet
facet normal 0 0 -1
outer loop
vertex -7.050000190734863 19.450021743774414 0
vertex -8.25 23.00002098083496 0
vertex -7.75 23.00002098083496 0
endloop
endfacet
facet normal 0 0 -1
outer loop
vertex -7.050000190734863 19.450021743774414 0
vertex -8.949999809265137 19.450021743774414 0
vertex -8.25 23.00002098083496 0
endloop
endfacet
facet normal 0 0 -1
outer loop
vertex -8.949999809265137 19.450021743774414 0
vertex -8.949999809265137 23.00002098083496 0
vertex -8.25 23.00002098083496 0
endloop
endfacet
facet normal 0 0 -1
outer loop
vertex -7.050000190734863 17.55002212524414 0
vertex -8.949999809265137 17.55002212524414 0
vertex -7.050000190734863 19.450021743774414 0
endloop
endfacet
facet normal 0 0 -1
outer loop
vertex -8.949999809265137 17.55002212524414 0
vertex -8.949999809265137 19.450021743774414 0
vertex -7.050000190734863 19.450021743774414 0
endloop
endfacet
facet normal -1 0 0
outer loop
vertex -8.949999809265137 17.55002212524414 0
vertex -8.949999809265137 14.000021934509277 0
vertex -8.949999809265137 14.000021934509277 1
endloop
endfacet
facet normal 0 0 -1
outer loop
vertex -7.75 14.000021934509277 0
vertex -7.050000190734863 17.55002212524414 0
vertex -7.050000190734863 14.000021934509277 0
endloop
endfacet
facet normal 0 0 -1
outer loop
vertex -8.949999809265137 17.55002212524414 0
vertex -7.050000190734863 17.55002212524414 0
vertex -7.75 14.000021934509277 0
endloop
endfacet
facet normal 0 0 -1
outer loop
vertex -7.75 14.000021934509277 0
vertex -8.25 14.000021934509277 0
vertex -8.949999809265137 17.55002212524414 0
endloop
endfacet
facet normal 0 0 -1
outer loop
vertex -8.949999809265137 14.000021934509277 0
vertex -8.949999809265137 17.55002212524414 0
vertex -8.25 14.000021934509277 0
endloop
endfacet
facet normal 0 0 -1
outer loop
vertex -7.75 7.000021934509277 0
vertex -8.25 14.000021934509277 0
vertex -7.75 14.000021934509277 0
endloop
endfacet
facet normal 0 0 -1
outer loop
vertex -7.050000190734863 1.5500218868255615 0
vertex -7.050000190734863 3.450021743774414 0
vertex 7.050000190734863 3.450021743774414 0
endloop
endfacet
facet normal 0 0 -1
outer loop
vertex -7.75 7.000021934509277 0
vertex -8.25 7.000021934509277 0
vertex -8.25 14.000021934509277 0
endloop
endfacet
facet normal 1 0 0
outer loop
vertex -7.050000190734863 3.450021743774414 0
vertex -7.050000190734863 7.000021934509277 0
vertex -7.050000190734863 7.000021934509277 1
endloop
endfacet
facet normal 0 0 -1
outer loop
vertex -7.050000190734863 3.450021743774414 0
vertex -7.75 7.000021934509277 0
vertex -7.050000190734863 7.000021934509277 0
endloop
endfacet
facet normal 0 0 -1
outer loop
vertex -7.050000190734863 3.450021743774414 0
vertex -8.25 7.000021934509277 0
vertex -7.75 7.000021934509277 0
endloop
endfacet
facet normal 0 0 -1
outer loop
vertex -8.25 7.000021934509277 0
vertex -8.949999809265137 3.450021743774414 0
vertex -8.949999809265137 7.000021934509277 0
endloop
endfacet
facet normal 0 0 -1
outer loop
vertex -7.050000190734863 3.450021743774414 0
vertex -8.949999809265137 3.450021743774414 0
vertex -8.25 7.000021934509277 0
endloop
endfacet
facet normal 0 0 -1
outer loop
vertex -7.050000190734863 3.450021743774414 0
vertex -8.949999809265137 1.5500218868255615 0
vertex -8.949999809265137 3.450021743774414 0
endloop
endfacet
facet normal 0 0 -1
outer loop
vertex -7.050000190734863 1.5500218868255615 0
vertex -8.949999809265137 1.5500218868255615 0
vertex -7.050000190734863 3.450021743774414 0
endloop
endfacet
facet normal 0 0 -1
outer loop
vertex -7.050000190734863 1.5500218868255615 0
vertex -7.75 -1.9999781847000122 0
vertex -8.949999809265137 1.5500218868255615 0
endloop
endfacet
facet normal 0 0 -1
outer loop
vertex -23.049999237060547 17.55002212524414 0
vertex -8.949999809265137 19.450021743774414 0
vertex -8.949999809265137 17.55002212524414 0
endloop
endfacet
facet normal 0 0 -1
outer loop
vertex -23.049999237060547 17.55002212524414 0
vertex -23.049999237060547 19.450021743774414 0
vertex -8.949999809265137 19.450021743774414 0
endloop
endfacet
facet normal 1 0 0
outer loop
vertex -23.049999237060547 19.450021743774414 0
vertex -23.049999237060547 23.00002098083496 0
vertex -23.049999237060547 23.00002098083496 1
endloop
endfacet
facet normal 0 0 -1
outer loop
vertex -23.049999237060547 19.450021743774414 0
vertex -23.75 23.00002098083496 0
vertex -23.049999237060547 23.00002098083496 0
endloop
endfacet
facet normal 1 0 0
outer loop
vertex -7.050000190734863 7.000021934509277 1
vertex -7.050000190734863 3.450021743774414 2.200000047683716
vertex -7.050000190734863 3.450021743774414 0
endloop
endfacet
facet normal 0 0 -1
outer loop
vertex -23.049999237060547 19.450021743774414 0
vertex -24.25 23.00002098083496 0
vertex -23.75 23.00002098083496 0
endloop
endfacet
facet normal 0 0 -1
outer loop
vertex -24.25 23.00002098083496 0
vertex -24.950000762939453 19.450021743774414 0
vertex -24.950000762939453 23.00002098083496 0
endloop
endfacet
facet normal 0 0 -1
outer loop
vertex -23.049999237060547 19.450021743774414 0
vertex -24.950000762939453 19.450021743774414 0
vertex -24.25 23.00002098083496 0
endloop
endfacet
facet normal 0 0 -1
outer loop
vertex -23.049999237060547 17.55002212524414 0
vertex -24.950000762939453 19.450021743774414 0
vertex -23.049999237060547 19.450021743774414 0
endloop
endfacet
facet normal 0 0 -1
outer loop
vertex -23.75 14.000021934509277 0
vertex -23.049999237060547 17.55002212524414 0
vertex -23.049999237060547 14.000021934509277 0
endloop
endfacet
facet normal 0 -1 0
outer loop
vertex -7.050000190734863 -14.44997787475586 2.200000047683716
vertex 7.050000190734863 -14.44997787475586 0
vertex 7.050000190734863 -14.44997787475586 2.200000047683716
endloop
endfacet
facet normal 0 1 0
outer loop
vertex 7.050000190734863 -12.549978256225586 0
vertex -7.050000190734863 -12.549978256225586 0
vertex 7.050000190734863 -12.549978256225586 2.200000047683716
endloop
endfacet
facet normal 0 0 1
outer loop
vertex 24.700000762939453 -22.19997787475586 2.200000047683716
vertex 24.950000762939453 -20.549978256225586 2.200000047683716
vertex 23.049999237060547 -28.549978256225586 2.200000047683716
endloop
endfacet
facet normal 0 0 1
outer loop
vertex 23.049999237060547 -28.549978256225586 2.200000047683716
vertex 24.700000762939453 -30.19997787475586 2.200000047683716
vertex 24.700000762939453 -22.19997787475586 2.200000047683716
endloop
endfacet
facet normal -1 0 0
outer loop
vertex 23.049999237060547 -24.99997901916504 1
vertex 23.049999237060547 -28.549978256225586 2.200000047683716
vertex 23.049999237060547 -14.44997787475586 2.200000047683716
endloop
endfacet
facet normal 0 0 -1
outer loop
vertex -23.75 14.000021934509277 0
vertex -24.950000762939453 9.55002212524414 0
vertex -23.049999237060547 17.55002212524414 0
endloop
endfacet
facet normal -1 0 0
outer loop
vertex 23.049999237060547 -24.99997901916504 1
vertex 23.049999237060547 -24.99997901916504 0
vertex 23.049999237060547 -28.549978256225586 2.200000047683716
endloop
endfacet
facet normal 0 0 -1
outer loop
vertex -23.049999237060547 1.5500218868255615 0
vertex -8.949999809265137 3.450021743774414 0
vertex -8.949999809265137 1.5500218868255615 0
endloop
endfacet
facet normal -1 0 0
outer loop
vertex 23.049999237060547 -24.99997901916504 0
vertex 23.049999237060547 -28.549978256225586 0
vertex 23.049999237060547 -28.549978256225586 2.200000047683716
endloop
endfacet
facet normal 0 1 0
outer loop
vertex 23.049999237060547 -28.549978256225586 2.200000047683716
vertex 8.949999809265137 -28.549978256225586 0
vertex 8.949999809265137 -28.549978256225586 2.200000047683716
endloop
endfacet
facet normal 0 1 0
outer loop
vertex 23.049999237060547 -28.549978256225586 0
vertex 8.949999809265137 -28.549978256225586 0
vertex 23.049999237060547 -28.549978256225586 2.200000047683716
endloop
endfacet
facet normal 0 0 1
outer loop
vertex 7.050000190734863 -14.44997787475586 2.200000047683716
vertex 7.050000190734863 -28.549978256225586 2.200000047683716
vertex 8.949999809265137 -28.549978256225586 2.200000047683716
endloop
endfacet
facet normal 0 0 1
outer loop
vertex 23.049999237060547 -28.549978256225586 2.200000047683716
vertex -24.700000762939453 -30.19997787475586 2.200000047683716
vertex 24.700000762939453 -30.19997787475586 2.200000047683716
endloop
endfacet
facet normal 0 0 1
outer loop
vertex 8.949999809265137 -28.549978256225586 2.200000047683716
vertex -24.700000762939453 -30.19997787475586 2.200000047683716
vertex 23.049999237060547 -28.549978256225586 2.200000047683716
endloop
endfacet
facet normal -1 0 0
outer loop
vertex 7.050000190734863 -24.99997901916504 1
vertex 7.050000190734863 -28.549978256225586 2.200000047683716
vertex 7.050000190734863 -14.44997787475586 2.200000047683716
endloop
endfacet
facet normal 1 0 0
outer loop
vertex 8.949999809265137 -28.549978256225586 2.200000047683716
vertex 8.949999809265137 -24.99997901916504 1
vertex 8.949999809265137 -17.99997901916504 1
endloop
endfacet
facet normal 0 0 -1
outer loop
vertex -23.049999237060547 1.5500218868255615 0
vertex -23.049999237060547 3.450021743774414 0
vertex -8.949999809265137 3.450021743774414 0
endloop
endfacet
facet normal 0 0 -1
outer loop
vertex -23.75 7.000021934509277 0
vertex -24.950000762939453 9.55002212524414 0
vertex -23.75 14.000021934509277 0
endloop
endfacet
facet normal 1 0 0
outer loop
vertex -23.049999237060547 3.450021743774414 0
vertex -23.049999237060547 7.000021934509277 0
vertex -23.049999237060547 7.000021934509277 1
endloop
endfacet
facet normal 0 0 -1
outer loop
vertex -24.950000762939453 6.000021934509277 0
vertex -24.950000762939453 9.55002212524414 0
vertex -24.25 6.000021934509277 0
endloop
endfacet
facet normal 0 0 -1
outer loop
vertex -23.049999237060547 3.450021743774414 0
vertex -24.950000762939453 9.55002212524414 0
vertex -23.75 7.000021934509277 0
endloop
endfacet
facet normal 0 0 -1
outer loop
vertex -23.75 7.000021934509277 0
vertex -23.049999237060547 7.000021934509277 0
vertex -23.049999237060547 3.450021743774414 0
endloop
endfacet
facet normal 0 0 -1
outer loop
vertex -24.950000762939453 9.55002212524414 0
vertex -23.049999237060547 3.450021743774414 0
vertex -24.25 6.000021934509277 0
endloop
endfacet
facet normal 0 0 -1
outer loop
vertex -23.049999237060547 3.450021743774414 0
vertex -24.25 -0.9999781847000122 0
vertex -24.25 6.000021934509277 0
endloop
endfacet
facet normal 0 0 -1
outer loop
vertex -23.049999237060547 1.5500218868255615 0
vertex -24.950000762939453 -4.549978256225586 0
vertex -23.049999237060547 3.450021743774414 0
endloop
endfacet
facet normal 0 0 -1
outer loop
vertex -24.950000762939453 33.55002212524414 0
vertex -40.70000076293945 35.20002365112305 0
vertex -23.049999237060547 33.55002212524414 0
endloop
endfacet
facet normal 0 0 -1
outer loop
vertex 7.549962043762207 -25.919979095458984 0
vertex 7.050000190734863 -24.99997901916504 0
vertex 7.584216117858887 -25.747770309448242 0
endloop
endfacet
facet normal 0 0 -1
outer loop
vertex -39.04999923706055 33.55002212524414 0
vertex -40.70000076293945 35.20002365112305 0
vertex -24.950000762939453 33.55002212524414 0
endloop
endfacet
facet normal 0 0 -1
outer loop
vertex 7.584216117858887 -25.747770309448242 0
vertex 7.827754497528076 -25.065723419189453 0
vertex 7.681764125823975 -25.60177993774414 0
endloop
endfacet
facet normal 0 0 -1
outer loop
vertex 7.050000190734863 -24.99997901916504 0
vertex 7.729359149932861 -24.99997901916504 0
vertex 7.584216117858887 -25.747770309448242 0
endloop
endfacet
facet normal 0 0 -1
outer loop
vertex 7.827754497528076 -25.065723419189453 0
vertex 7.584216117858887 -25.747770309448242 0
vertex 7.729359149932861 -24.99997901916504 0
endloop
endfacet
facet normal -1 0 0
outer loop
vertex -24.950000762939453 30.00002098083496 0
vertex -24.950000762939453 30.00002098083496 1
vertex -24.950000762939453 33.55002212524414 0
endloop
endfacet
facet normal 0 0 -1
outer loop
vertex 7.827754497528076 -26.774232864379883 0
vertex 7.827754497528076 -26.335723876953125 0
vertex 7.999961853027344 -26.739978790283203 0
endloop
endfacet
facet normal 0 0 -1
outer loop
vertex 7.999961853027344 -26.739978790283203 0
vertex 7.827754497528076 -26.335723876953125 0
vertex 7.999961853027344 -26.369977951049805 0
endloop
endfacet
facet normal 0 0 -1
outer loop
vertex 7.999961853027344 -26.739978790283203 0
vertex 7.999961853027344 -26.369977951049805 0
vertex 8.17216968536377 -26.774232864379883 0
endloop
endfacet
facet normal 0 0 -1
outer loop
vertex 8.17216968536377 -26.774232864379883 0
vertex 7.999961853027344 -26.369977951049805 0
vertex 8.17216968536377 -26.335723876953125 0
endloop
endfacet
facet normal 0 0 -1
outer loop
vertex 7.827754497528076 -26.774232864379883 0
vertex 7.681764125823975 -26.238176345825195 0
vertex 7.827754497528076 -26.335723876953125 0
endloop
endfacet
facet normal 0 0 -1
outer loop
vertex -39.04999923706055 33.55002212524414 0
vertex -39.75 30.00002098083496 0
vertex -40.70000076293945 35.20002365112305 0
endloop
endfacet
facet normal 0 0 -1
outer loop
vertex -39.04999923706055 30.00002098083496 0
vertex -39.75 30.00002098083496 0
vertex -39.04999923706055 33.55002212524414 0
endloop
endfacet
facet normal 0 0 -1
outer loop
vertex 8.318160057067871 -26.871780395507812 0
vertex 8.17216968536377 -26.774232864379883 0
vertex 8.17216968536377 -26.335723876953125 0
endloop
endfacet
facet normal 0 0 -1
outer loop
vertex -39.75 30.00002098083496 0
vertex -40.70000076293945 11.200021743774414 0
vertex -40.70000076293945 35.20002365112305 0
endloop
endfacet
facet normal 0 0 -1
outer loop
vertex 8.318160057067871 -26.871780395507812 0
vertex 8.17216968536377 -26.335723876953125 0
vertex 8.318160057067871 -26.238176345825195 0
endloop
endfacet
facet normal 0 0 -1
outer loop
vertex 8.4157075881958 -27.017770767211914 0
vertex 8.318160057067871 -26.871780395507812 0
vertex 8.318160057067871 -26.238176345825195 0
endloop
endfacet
facet normal 0 0 -1
outer loop
vertex 8.4157075881958 -27.017770767211914 0
vertex 8.318160057067871 -26.238176345825195 0
vertex 8.949999809265137 -28.549978256225586 0
endloop
endfacet
facet normal 0 0 -1
outer loop
vertex 8.318160057067871 -26.238176345825195 0
vertex 8.4157075881958 -26.092185974121094 0
vertex 8.949999809265137 -28.549978256225586 0
endloop
endfacet
facet normal 0 0 -1
outer loop
vertex -23.049999237060547 17.55002212524414 0
vertex -40.70000076293945 11.200021743774414 0
vertex -24.950000762939453 19.450021743774414 0
endloop
endfacet
facet normal 0 0 -1
outer loop
vertex -24.950000762939453 9.55002212524414 0
vertex -40.70000076293945 11.200021743774414 0
vertex -23.049999237060547 17.55002212524414 0
endloop
endfacet
facet normal 0 0 -1
outer loop
vertex -40.70000076293945 11.200021743774414 0
vertex -39.04999923706055 19.450021743774414 0
vertex -24.950000762939453 19.450021743774414 0
endloop
endfacet
facet normal -1 0 0
outer loop
vertex -24.950000762939453 6.000021934509277 0
vertex -24.950000762939453 6.000021934509277 1
vertex -24.950000762939453 9.55002212524414 0
endloop
endfacet
facet normal 0 0 -1
outer loop
vertex -39.04999923706055 9.55002212524414 0
vertex -40.70000076293945 11.200021743774414 0
vertex -24.950000762939453 9.55002212524414 0
endloop
endfacet
facet normal 1 0 0
outer loop
vertex 8.949999809265137 -24.99997901916504 1
vertex 8.949999809265137 -28.549978256225586 2.200000047683716
vertex 8.949999809265137 -28.549978256225586 0
endloop
endfacet
facet normal 1 0 0
outer loop
vertex -39.04999923706055 19.450021743774414 0
vertex -39.04999923706055 23.00002098083496 0
vertex -39.04999923706055 23.00002098083496 1
endloop
endfacet
facet normal 0 0 -1
outer loop
vertex -39.75 23.00002098083496 0
vertex -39.04999923706055 23.00002098083496 0
vertex -39.04999923706055 19.450021743774414 0
endloop
endfacet
facet normal 0 0 -1
outer loop
vertex -39.75 23.00002098083496 0
vertex -40.70000076293945 11.200021743774414 0
vertex -39.75 30.00002098083496 0
endloop
endfacet
facet normal -1 0 0
outer loop
vertex 7.050000190734863 -24.99997901916504 1
vertex 7.050000190734863 -24.99997901916504 0
vertex 7.050000190734863 -28.549978256225586 2.200000047683716
endloop
endfacet
facet normal 0 0 -1
outer loop
vertex -40.70000076293945 11.200021743774414 0
vertex -39.75 23.00002098083496 0
vertex -39.04999923706055 19.450021743774414 0
endloop
endfacet
facet normal 0 0 -1
outer loop
vertex 8.4157075881958 -26.092185974121094 0
vertex 8.44996166229248 -25.919979095458984 0
vertex 8.949999809265137 -28.549978256225586 0
endloop
endfacet
facet normal -1 0 0
outer loop
vertex 7.050000190734863 -24.99997901916504 0
vertex 7.050000190734863 -28.549978256225586 0
vertex 7.050000190734863 -28.549978256225586 2.200000047683716
endloop
endfacet
facet normal 0 1 0
outer loop
vertex 7.050000190734863 -28.549978256225586 0
vertex -7.050000190734863 -28.549978256225586 0
vertex 7.050000190734863 -28.549978256225586 2.200000047683716
endloop
endfacet
facet normal 0 0 -1
outer loop
vertex 40.70000076293945 -22.19997787475586 0
vertex 39.75 -16.99997901916504 0
vertex 40.70000076293945 27.200021743774414 0
endloop
endfacet
facet normal 0 0 -1
outer loop
vertex -39.04999923706055 9.55002212524414 0
vertex -39.75 6.000021934509277 0
vertex -40.70000076293945 11.200021743774414 0
endloop
endfacet
facet normal 0 0 -1
outer loop
vertex 39.75 -0.9999781847000122 0
vertex 39.04999923706055 -4.549978256225586 0
vertex 39.04999923706055 -0.9999781847000122 0
endloop
endfacet
facet normal 0 0 -1
outer loop
vertex 39.75 -0.9999781847000122 0
vertex 39.04999923706055 -6.449978351593018 0
vertex 39.04999923706055 -4.549978256225586 0
endloop
endfacet
facet normal 0 0 -1
outer loop
vertex 39.75 -0.9999781847000122 0
vertex 39.04999923706055 -9.999978065490723 0
vertex 39.04999923706055 -6.449978351593018 0
endloop
endfacet
facet normal 0 0 -1
outer loop
vertex 39.75 -9.999978065490723 0
vertex 39.04999923706055 -9.999978065490723 0
vertex 39.75 -0.9999781847000122 0
endloop
endfacet
facet normal -1 0 0
outer loop
vertex 39.04999923706055 -9.999978065490723 0
vertex 39.04999923706055 -9.999978065490723 1
vertex 39.04999923706055 -6.449978351593018 0
endloop
endfacet
facet normal 0 0 -1
outer loop
vertex -39.75 6.000021934509277 0
vertex -39.04999923706055 9.55002212524414 0
vertex -39.04999923706055 6.000021934509277 0
endloop
endfacet
facet normal 0 0 -1
outer loop
vertex 8.949999809265137 -28.549978256225586 0
vertex 8.44996166229248 -25.919979095458984 0
vertex 8.949999809265137 -24.99997901916504 0
endloop
endfacet
facet normal 1 0 0
outer loop
vertex -7.050000190734863 -28.549978256225586 2.200000047683716
vertex -7.050000190734863 -24.99997901916504 1
vertex -7.050000190734863 -17.99997901916504 1
endloop
endfacet
facet normal 0 0 -1
outer loop
vertex 7.681764125823975 -25.60177993774414 0
vertex 7.827754497528076 -25.065723419189453 0
vertex 7.827754497528076 -25.50423240661621 0
endloop
endfacet
facet normal 0 0 -1
outer loop
vertex 39.75 -16.99997901916504 0
vertex 39.04999923706055 -20.549978256225586 0
vertex 39.04999923706055 -16.99997901916504 0
endloop
endfacet
facet normal 0 0 -1
outer loop
vertex 40.70000076293945 -22.19997787475586 0
vertex 39.04999923706055 -20.549978256225586 0
vertex 39.75 -16.99997901916504 0
endloop
endfacet
facet normal 0 0 -1
outer loop
vertex 24.950000762939453 -6.449978351593018 0
vertex 39.04999923706055 -4.549978256225586 0
vertex 39.04999923706055 -6.449978351593018 0
endloop
endfacet
facet normal 0 0 -1
outer loop
vertex 24.950000762939453 -6.449978351593018 0
vertex 24.950000762939453 -4.549978256225586 0
vertex 39.04999923706055 -4.549978256225586 0
endloop
endfacet
facet normal 1 0 0
outer loop
vertex 24.950000762939453 -4.549978256225586 0
vertex 24.950000762939453 -0.9999781847000122 0
vertex 24.950000762939453 -0.9999781847000122 1
endloop
endfacet
facet normal 0 0 -1
outer loop
vertex 40.70000076293945 -22.19997787475586 0
vertex 24.950000762939453 -20.549978256225586 0
vertex 39.04999923706055 -20.549978256225586 0
endloop
endfacet
facet normal 0 0 -1
outer loop
vertex 40.70000076293945 -22.19997787475586 0
vertex 24.700000762939453 -22.19997787475586 0
vertex 24.950000762939453 -20.549978256225586 0
endloop
endfacet
facet normal 1 0 0
outer loop
vertex 24.950000762939453 -20.549978256225586 0
vertex 24.950000762939453 -16.99997901916504 0
vertex 24.950000762939453 -16.99997901916504 1
endloop
endfacet
facet normal 0 0 -1
outer loop
vertex 7.827754497528076 -25.50423240661621 0
vertex 7.827754497528076 -25.065723419189453 0
vertex 7.999961853027344 -25.099977493286133 0
endloop
endfacet
facet normal 0 0 -1
outer loop
vertex 7.827754497528076 -25.50423240661621 0
vertex 7.999961853027344 -25.099977493286133 0
vertex 7.999961853027344 -25.46997833251953 0
endloop
endfacet
facet normal -1 0 0
outer loop
vertex 23.049999237060547 1.5500218868255615 0
vertex 23.049999237060547 -1.9999781847000122 0
vertex 23.049999237060547 -1.9999781847000122 1
endloop
endfacet
facet normal 0 0 -1
outer loop
vertex 24.25 -0.9999781847000122 0
vertex 24.950000762939453 -4.549978256225586 0
vertex 23.049999237060547 1.5500218868255615 0
endloop
endfacet
facet normal 0 0 -1
outer loop
vertex 23.049999237060547 1.5500218868255615 0
vertex 23.75 -1.9999781847000122 0
vertex 23.049999237060547 -1.9999781847000122 0
endloop
endfacet
facet normal 0 0 -1
outer loop
vertex 24.25 -0.9999781847000122 0
vertex 24.950000762939453 -0.9999781847000122 0
vertex 24.950000762939453 -4.549978256225586 0
endloop
endfacet
facet normal 0 0 -1
outer loop
vertex 24.950000762939453 -4.549978256225586 0
vertex 23.75 -1.9999781847000122 0
vertex 23.049999237060547 1.5500218868255615 0
endloop
endfacet
facet normal 0 0 -1
outer loop
vertex 24.950000762939453 -4.549978256225586 0
vertex 23.75 -8.999978065490723 0
vertex 23.75 -1.9999781847000122 0
endloop
endfacet
facet normal 0 0 1
outer loop
vertex -8.949999809265137 1.5500218868255615 2.200000047683716
vertex -7.050000190734863 -12.549978256225586 2.200000047683716
vertex -7.050000190734863 1.5500218868255615 2.200000047683716
endloop
endfacet
facet normal 0 0 -1
outer loop
vertex 24.950000762939453 -6.449978351593018 0
vertex 23.049999237060547 -12.549978256225586 0
vertex 24.950000762939453 -4.549978256225586 0
endloop
endfacet
facet normal 0 0 1
outer loop
vertex -8.949999809265137 1.5500218868255615 2.200000047683716
vertex -8.949999809265137 -12.549978256225586 2.200000047683716
vertex -7.050000190734863 -12.549978256225586 2.200000047683716
endloop
endfacet
facet normal 1 0 0
outer loop
vertex -7.050000190734863 -1.9999781847000122 1
vertex -7.050000190734863 1.5500218868255615 2.200000047683716
vertex -7.050000190734863 -12.549978256225586 2.200000047683716
endloop
endfacet
facet normal 0 0 -1
outer loop
vertex 24.25 -9.999978065490723 0
vertex 24.950000762939453 -6.449978351593018 0
vertex 24.950000762939453 -9.999978065490723 0
endloop
endfacet
facet normal 0 0 -1
outer loop
vertex 23.75 -8.999978065490723 0
vertex 24.950000762939453 -4.549978256225586 0
vertex 23.049999237060547 -12.549978256225586 0
endloop
endfacet
facet normal 0 0 -1
outer loop
vertex 24.25 -9.999978065490723 0
vertex 23.049999237060547 -14.44997787475586 0
vertex 24.950000762939453 -6.449978351593018 0
endloop
endfacet
facet normal 0 0 -1
outer loop
vertex 23.049999237060547 -12.549978256225586 0
vertex 23.049999237060547 -8.999978065490723 0
vertex 23.75 -8.999978065490723 0
endloop
endfacet
facet normal -1 0 0
outer loop
vertex -8.949999809265137 -1.9999781847000122 1
vertex -8.949999809265137 -8.999978065490723 1
vertex -8.949999809265137 1.5500218868255615 2.200000047683716
endloop
endfacet
facet normal 0 0 -1
outer loop
vertex 23.049999237060547 -14.44997787475586 0
vertex 23.049999237060547 -12.549978256225586 0
vertex 24.950000762939453 -6.449978351593018 0
endloop
endfacet
facet normal 0 0 -1
outer loop
vertex 24.25 -16.99997901916504 0
vertex 23.049999237060547 -14.44997787475586 0
vertex 24.25 -9.999978065490723 0
endloop
endfacet
facet normal 1 0 0
outer loop
vertex -7.050000190734863 -1.9999781847000122 1
vertex -7.050000190734863 -1.9999781847000122 0
vertex -7.050000190734863 1.5500218868255615 2.200000047683716
endloop
endfacet
facet normal -1 0 0
outer loop
vertex -8.949999809265137 -8.999978065490723 1
vertex -8.949999809265137 -12.549978256225586 2.200000047683716
vertex -8.949999809265137 1.5500218868255615 2.200000047683716
endloop
endfacet
facet normal -1 0 0
outer loop
vertex 23.049999237060547 -14.44997787475586 0
vertex 23.049999237060547 -17.99997901916504 0
vertex 23.049999237060547 -17.99997901916504 1
endloop
endfacet
facet normal 0 0 -1
outer loop
vertex 24.950000762939453 -20.549978256225586 0
vertex 23.049999237060547 -14.44997787475586 0
vertex 24.25 -16.99997901916504 0
endloop
endfacet
facet normal 0 0 -1
outer loop
vertex 23.049999237060547 -14.44997787475586 0
vertex 23.75 -17.99997901916504 0
vertex 23.049999237060547 -17.99997901916504 0
endloop
endfacet
facet normal 0 0 -1
outer loop
vertex 24.950000762939453 -20.549978256225586 0
vertex 23.75 -17.99997901916504 0
vertex 23.049999237060547 -14.44997787475586 0
endloop
endfacet
facet normal 0 0 -1
outer loop
vertex 24.25 -16.99997901916504 0
vertex 24.950000762939453 -16.99997901916504 0
vertex 24.950000762939453 -20.549978256225586 0
endloop
endfacet
facet normal 0 0 -1
outer loop
vertex 24.950000762939453 -20.549978256225586 0
vertex 23.75 -24.99997901916504 0
vertex 23.75 -17.99997901916504 0
endloop
endfacet
facet normal 0 0 -1
outer loop
vertex 8.949999809265137 -14.44997787475586 0
vertex 23.049999237060547 -12.549978256225586 0
vertex 23.049999237060547 -14.44997787475586 0
endloop
endfacet
facet normal -1 0 0
outer loop
vertex -8.949999809265137 -24.99997901916504 1
vertex -8.949999809265137 -28.549978256225586 2.200000047683716
vertex -8.949999809265137 -14.44997787475586 2.200000047683716
endloop
endfacet
facet normal 0 0 -1
outer loop
vertex 8.949999809265137 -14.44997787475586 0
vertex 8.949999809265137 -12.549978256225586 0
vertex 23.049999237060547 -12.549978256225586 0
endloop
endfacet
facet normal 1 0 0
outer loop
vertex -7.050000190734863 -8.999978065490723 1
vertex -7.050000190734863 -1.9999781847000122 1
vertex -7.050000190734863 -12.549978256225586 2.200000047683716
endloop
endfacet
facet normal -1 0 0
outer loop
vertex 7.050000190734863 1.5500218868255615 0
vertex 7.050000190734863 -1.9999781847000122 0
vertex 7.050000190734863 -1.9999781847000122 1
endloop
endfacet
facet normal -1 0 0
outer loop
vertex -8.949999809265137 -8.999978065490723 1
vertex -8.949999809265137 -8.999978065490723 0
vertex -8.949999809265137 -12.549978256225586 2.200000047683716
endloop
endfacet
facet normal 0 0 -1
outer loop
vertex 8.25 -1.9999781847000122 0
vertex 8.949999809265137 1.5500218868255615 0
vertex 8.949999809265137 -1.9999781847000122 0
endloop
endfacet
facet normal 0 0 -1
outer loop
vertex 8.25 -1.9999781847000122 0
vertex 7.75 -1.9999781847000122 0
vertex 7.050000190734863 1.5500218868255615 0
endloop
endfacet
facet normal 0 0 -1
outer loop
vertex 7.050000190734863 -1.9999781847000122 0
vertex 7.050000190734863 1.5500218868255615 0
vertex 7.75 -1.9999781847000122 0
endloop
endfacet
facet normal 0 0 1
outer loop
vertex 7.050000190734863 -12.549978256225586 2.200000047683716
vertex -7.050000190734863 -12.549978256225586 2.200000047683716
vertex -7.050000190734863 -14.44997787475586 2.200000047683716
endloop
endfacet
facet normal 0 0 -1
outer loop
vertex 8.25 -8.999978065490723 0
vertex 7.75 -1.9999781847000122 0
vertex 8.25 -1.9999781847000122 0
endloop
endfacet
facet normal 0 0 1
outer loop
vertex -8.949999809265137 -12.549978256225586 2.200000047683716
vertex -8.949999809265137 -14.44997787475586 2.200000047683716
vertex -7.050000190734863 -12.549978256225586 2.200000047683716
endloop
endfacet
facet normal 0 1 0
outer loop
vertex -7.050000190734863 -28.549978256225586 2.200000047683716
vertex 7.050000190734863 -28.549978256225586 2.200000047683716
vertex -7.050000190734863 -28.549978256225586 0
endloop
endfacet
facet normal 0 0 1
outer loop
vertex -7.050000190734863 -28.549978256225586 2.200000047683716
vertex -24.700000762939453 -30.19997787475586 2.200000047683716
vertex 7.050000190734863 -28.549978256225586 2.200000047683716
endloop
endfacet
facet normal 0 0 1
outer loop
vertex -8.949999809265137 -14.44997787475586 2.200000047683716
vertex -8.949999809265137 -28.549978256225586 2.200000047683716
vertex -7.050000190734863 -28.549978256225586 2.200000047683716
endloop
endfacet
facet normal 0 0 1
outer loop
vertex 7.050000190734863 -28.549978256225586 2.200000047683716
vertex -24.700000762939453 -30.19997787475586 2.200000047683716
vertex 8.949999809265137 -28.549978256225586 2.200000047683716
endloop
endfacet
facet normal 0 0 -1
outer loop
vertex 8.25 -8.999978065490723 0
vertex 7.75 -8.999978065490723 0
vertex 7.75 -1.9999781847000122 0
endloop
endfacet
facet normal 0 0 -1
outer loop
vertex -8.949999809265137 -28.549978256225586 0
vertex -8.449746131896973 -28.459978103637695 0
vertex -8.415492057800293 -28.632184982299805 0
endloop
endfacet
facet normal 0 0 -1
outer loop
vertex 7.549962043762207 -29.729978561401367 0
vertex -23.049999237060547 -28.549978256225586 0
vertex -7.999745845794678 -28.90997886657715 0
endloop
endfacet
facet normal 0 0 -1
outer loop
vertex -7.999745845794678 -29.279977798461914 0
vertex -23.049999237060547 -28.549978256225586 0
vertex 7.549962043762207 -29.729978561401367 0
endloop
endfacet
facet normal 0 0 1
outer loop
vertex -8.949999809265137 -14.44997787475586 2.200000047683716
vertex -7.050000190734863 -14.44997787475586 2.200000047683716
vertex -7.050000190734863 -12.549978256225586 2.200000047683716
endloop
endfacet
facet normal 1 0 0
outer loop
vertex 8.949999809265137 -12.549978256225586 0
vertex 8.949999809265137 -8.999978065490723 0
vertex 8.949999809265137 -8.999978065490723 1
endloop
endfacet
facet normal 0 0 1
outer loop
vertex -8.949999809265137 -14.44997787475586 2.200000047683716
vertex -7.050000190734863 -28.549978256225586 2.200000047683716
vertex -7.050000190734863 -14.44997787475586 2.200000047683716
endloop
endfacet
facet normal 0 0 -1
outer loop
vertex 8.949999809265137 -12.549978256225586 0
vertex 8.25 -8.999978065490723 0
vertex 8.949999809265137 -8.999978065490723 0
endloop
endfacet
facet normal 0 0 -1
outer loop
vertex 8.949999809265137 -12.549978256225586 0
vertex 7.75 -8.999978065490723 0
vertex 8.25 -8.999978065490723 0
endloop
endfacet
facet normal 0 0 -1
outer loop
vertex 7.75 -8.999978065490723 0
vertex 7.050000190734863 -12.549978256225586 0
vertex 7.050000190734863 -8.999978065490723 0
endloop
endfacet
facet normal 0 0 -1
outer loop
vertex 8.949999809265137 -12.549978256225586 0
vertex 7.050000190734863 -12.549978256225586 0
vertex 7.75 -8.999978065490723 0
endloop
endfacet
facet normal 0 0 -1
outer loop
vertex 8.949999809265137 -12.549978256225586 0
vertex 7.050000190734863 -14.44997787475586 0
vertex 7.050000190734863 -12.549978256225586 0
endloop
endfacet
facet normal 0 0 -1
outer loop
vertex 8.949999809265137 -14.44997787475586 0
vertex 7.050000190734863 -14.44997787475586 0
vertex 8.949999809265137 -12.549978256225586 0
endloop
endfacet
facet normal 0 0 -1
outer loop
vertex 8.949999809265137 -14.44997787475586 0
vertex 8.25 -17.99997901916504 0
vertex 7.050000190734863 -14.44997787475586 0
endloop
endfacet
facet normal 0 1 0
outer loop
vertex -7.050000190734863 -12.549978256225586 2.200000047683716
vertex 7.050000190734863 -12.549978256225586 2.200000047683716
vertex -7.050000190734863 -12.549978256225586 0
endloop
endfacet
facet normal 0 -1 0
outer loop
vertex -7.050000190734863 -14.44997787475586 2.200000047683716
vertex -7.050000190734863 -14.44997787475586 0
vertex 7.050000190734863 -14.44997787475586 0
endloop
endfacet
facet normal 1 0 0
outer loop
vertex -7.050000190734863 -12.549978256225586 0
vertex -7.050000190734863 -8.999978065490723 1
vertex -7.050000190734863 -12.549978256225586 2.200000047683716
endloop
endfacet
facet normal -1 0 0
outer loop
vertex -8.949999809265137 -8.999978065490723 0
vertex -8.949999809265137 -12.549978256225586 0
vertex -8.949999809265137 -12.549978256225586 2.200000047683716
endloop
endfacet
facet normal -1 0 0
outer loop
vertex -8.949999809265137 -14.44997787475586 2.200000047683716
vertex -8.949999809265137 -14.44997787475586 0
vertex -8.949999809265137 -17.99997901916504 1
endloop
endfacet
facet normal 1 0 0
outer loop
vertex -23.049999237060547 -17.99997901916504 1
vertex -23.049999237060547 -17.99997901916504 0
vertex -23.049999237060547 -14.44997787475586 2.200000047683716
endloop
endfacet
facet normal 1 0 0
outer loop
vertex -23.049999237060547 -17.99997901916504 1
vertex -23.049999237060547 -14.44997787475586 2.200000047683716
vertex -23.049999237060547 -28.549978256225586 2.200000047683716
endloop
endfacet
facet normal 1 0 0
outer loop
vertex -23.049999237060547 -14.44997787475586 2.200000047683716
vertex -23.049999237060547 -17.99997901916504 0
vertex -23.049999237060547 -14.44997787475586 0
endloop
endfacet
facet normal 1 0 0
outer loop
vertex -7.050000190734863 -14.44997787475586 2.200000047683716
vertex -7.050000190734863 -17.99997901916504 0
vertex -7.050000190734863 -14.44997787475586 0
endloop
endfacet
facet normal -1 0 0
outer loop
vertex -8.949999809265137 -17.99997901916504 1
vertex -8.949999809265137 -24.99997901916504 1
vertex -8.949999809265137 -14.44997787475586 2.200000047683716
endloop
endfacet
facet normal 1 0 0
outer loop
vertex -7.050000190734863 -17.99997901916504 1
vertex -7.050000190734863 -14.44997787475586 2.200000047683716
vertex -7.050000190734863 -28.549978256225586 2.200000047683716
endloop
endfacet
facet normal 1 0 0
outer loop
vertex -23.049999237060547 -12.549978256225586 0
vertex -23.049999237060547 -8.999978065490723 1
vertex -23.049999237060547 -12.549978256225586 2.200000047683716
endloop
endfacet
facet normal 0 -1 0
outer loop
vertex -23.049999237060547 -14.44997787475586 2.200000047683716
vertex -23.049999237060547 -14.44997787475586 0
vertex -8.949999809265137 -14.44997787475586 0
endloop
endfacet
facet normal 0 1 0
outer loop
vertex -8.949999809265137 -12.549978256225586 0
vertex -23.049999237060547 -12.549978256225586 0
vertex -8.949999809265137 -12.549978256225586 2.200000047683716
endloop
endfacet
facet normal 0 1 0
outer loop
vertex -8.949999809265137 -12.549978256225586 2.200000047683716
vertex -23.049999237060547 -12.549978256225586 0
vertex -23.049999237060547 -12.549978256225586 2.200000047683716
endloop
endfacet
facet normal 0 -1 0
outer loop
vertex -23.049999237060547 -14.44997787475586 2.200000047683716
vertex -8.949999809265137 -14.44997787475586 0
vertex -8.949999809265137 -14.44997787475586 2.200000047683716
endloop
endfacet
facet normal 0 0 1
outer loop
vertex -24.700000762939453 -22.19997787475586 2.200000047683716
vertex -23.049999237060547 -28.549978256225586 2.200000047683716
vertex -23.049999237060547 -14.44997787475586 2.200000047683716
endloop
endfacet
facet normal 0 0 1
outer loop
vertex -24.700000762939453 -22.19997787475586 2.200000047683716
vertex -23.049999237060547 -14.44997787475586 2.200000047683716
vertex -24.950000762939453 -20.549978256225586 2.200000047683716
endloop
endfacet
facet normal 0 0 1
outer loop
vertex -23.049999237060547 -14.44997787475586 2.200000047683716
vertex -23.049999237060547 -12.549978256225586 2.200000047683716
vertex -24.950000762939453 -20.549978256225586 2.200000047683716
endloop
endfacet
facet normal 0 0 1
outer loop
vertex -24.950000762939453 -6.449978351593018 2.200000047683716
vertex -24.950000762939453 -20.549978256225586 2.200000047683716
vertex -23.049999237060547 -12.549978256225586 2.200000047683716
endloop
endfacet
facet normal 0 0 1
outer loop
vertex -8.949999809265137 -12.549978256225586 2.200000047683716
vertex -23.049999237060547 -12.549978256225586 2.200000047683716
vertex -23.049999237060547 -14.44997787475586 2.200000047683716
endloop
endfacet
facet normal 0 0 1
outer loop
vertex -8.949999809265137 -12.549978256225586 2.200000047683716
vertex -23.049999237060547 -14.44997787475586 2.200000047683716
vertex -8.949999809265137 -14.44997787475586 2.200000047683716
endloop
endfacet
facet normal 0 0 -1
outer loop
vertex 7.999961853027344 -25.46997833251953 0
vertex 7.999961853027344 -25.099977493286133 0
vertex 8.17216968536377 -25.50423240661621 0
endloop
endfacet
facet normal 0 0 -1
outer loop
vertex 8.17216968536377 -25.50423240661621 0
vertex 7.999961853027344 -25.099977493286133 0
vertex 8.17216968536377 -25.065723419189453 0
endloop
endfacet
facet normal 0 0 -1
outer loop
vertex 8.17216968536377 -25.50423240661621 0
vertex 8.270565032958984 -24.99997901916504 0
vertex 8.318160057067871 -25.60177993774414 0
endloop
endfacet
facet normal 0 0 -1
outer loop
vertex 8.270565032958984 -24.99997901916504 0
vertex 8.17216968536377 -25.50423240661621 0
vertex 8.17216968536377 -25.065723419189453 0
endloop
endfacet
facet normal 1 0 0
outer loop
vertex -23.049999237060547 -8.999978065490723 1
vertex -23.049999237060547 -1.9999781847000122 1
vertex -23.049999237060547 -12.549978256225586 2.200000047683716
endloop
endfacet
facet normal 0 0 -1
outer loop
vertex 8.4157075881958 -25.747770309448242 0
vertex 8.318160057067871 -25.60177993774414 0
vertex 8.949999809265137 -24.99997901916504 0
endloop
endfacet
facet normal 0 0 -1
outer loop
vertex 8.949999809265137 -24.99997901916504 0
vertex 8.44996166229248 -25.919979095458984 0
vertex 8.4157075881958 -25.747770309448242 0
endloop
endfacet
facet normal 0 0 -1
outer loop
vertex 8.949999809265137 -24.99997901916504 0
vertex 8.318160057067871 -25.60177993774414 0
vertex 8.270565032958984 -24.99997901916504 0
endloop
endfacet
facet normal 1 0 0
outer loop
vertex -23.049999237060547 -1.9999781847000122 1
vertex -23.049999237060547 -1.9999781847000122 0
vertex -23.049999237060547 1.5500218868255615 2.200000047683716
endloop
endfacet
facet normal 1 0 0
outer loop
vertex -23.049999237060547 -1.9999781847000122 1
vertex -23.049999237060547 1.5500218868255615 2.200000047683716
vertex -23.049999237060547 -12.549978256225586 2.200000047683716
endloop
endfacet
facet normal 0 0 1
outer loop
vertex -24.950000762939453 -6.449978351593018 2.200000047683716
vertex -23.049999237060547 -12.549978256225586 2.200000047683716
vertex -23.049999237060547 1.5500218868255615 2.200000047683716
endloop
endfacet
facet normal 0 0 1
outer loop
vertex -24.950000762939453 -4.549978256225586 2.200000047683716
vertex -24.950000762939453 -6.449978351593018 2.200000047683716
vertex -23.049999237060547 1.5500218868255615 2.200000047683716
endloop
endfacet
facet normal -1 0 0
outer loop
vertex 7.050000190734863 -14.44997787475586 0
vertex 7.050000190734863 -17.99997901916504 0
vertex 7.050000190734863 -17.99997901916504 1
endloop
endfacet
facet normal 1 0 0
outer loop
vertex 8.949999809265137 -28.549978256225586 0
vertex 8.949999809265137 -24.99997901916504 0
vertex 8.949999809265137 -24.99997901916504 1
endloop
endfacet
facet normal 0 0 -1
outer loop
vertex 8.25 -17.99997901916504 0
vertex 8.949999809265137 -14.44997787475586 0
vertex 8.949999809265137 -17.99997901916504 0
endloop
endfacet
facet normal 0 0 -1
outer loop
vertex 8.25 -17.99997901916504 0
vertex 7.999961853027344 -20.389978408813477 0
vertex 7.75 -17.99997901916504 0
endloop
endfacet
facet normal 0 0 -1
outer loop
vertex 7.75 -24.28618621826172 0
vertex 7.75 -23.743770599365234 0
vertex 7.827754497528076 -24.23423194885254 0
endloop
endfacet
facet normal 0 0 -1
outer loop
vertex 7.827754497528076 -24.23423194885254 0
vertex 7.827754497528076 -23.795724868774414 0
vertex 7.999961853027344 -24.19997787475586 0
endloop
endfacet
facet normal 0 0 -1
outer loop
vertex 7.75 -17.99997901916504 0
vertex 7.050000190734863 -14.44997787475586 0
vertex 8.25 -17.99997901916504 0
endloop
endfacet
facet normal 0 0 -1
outer loop
vertex 7.050000190734863 -17.99997901916504 0
vertex 7.050000190734863 -14.44997787475586 0
vertex 7.75 -17.99997901916504 0
endloop
endfacet
facet normal 0 0 -1
outer loop
vertex 7.999961853027344 -24.19997787475586 0
vertex 8.17216968536377 -23.795724868774414 0
vertex 8.17216968536377 -24.23423194885254 0
endloop
endfacet
facet normal 0 0 -1
outer loop
vertex 8.17216968536377 -24.23423194885254 0
vertex 8.17216968536377 -23.795724868774414 0
vertex 8.25 -24.286237716674805 0
endloop
endfacet
facet normal 0 0 -1
outer loop
vertex 7.827754497528076 -23.795724868774414 0
vertex 7.827754497528076 -24.23423194885254 0
vertex 7.75 -23.743770599365234 0
endloop
endfacet
facet normal 0 0 -1
outer loop
vertex 7.827754497528076 -23.795724868774414 0
vertex 7.999961853027344 -23.829978942871094 0
vertex 7.999961853027344 -24.19997787475586 0
endloop
endfacet
facet normal 0 0 -1
outer loop
vertex 8.25 -20.47623634338379 0
vertex 8.17216968536377 -20.424232482910156 0
vertex 8.25 -17.99997901916504 0
endloop
endfacet
facet normal 0 0 -1
outer loop
vertex 8.17216968536377 -23.795724868774414 0
vertex 7.999961853027344 -24.19997787475586 0
vertex 7.999961853027344 -23.829978942871094 0
endloop
endfacet
facet normal 0 0 -1
outer loop
vertex 8.17216968536377 -23.795724868774414 0
vertex 8.25 -23.74371910095215 0
vertex 8.25 -24.286237716674805 0
endloop
endfacet
facet normal 0 0 -1
outer loop
vertex 7.75 -23.016185760498047 0
vertex 7.75 -22.473770141601562 0
vertex 7.827754497528076 -22.964231491088867 0
endloop
endfacet
facet normal 0 0 -1
outer loop
vertex 7.827754497528076 -22.964231491088867 0
vertex 7.827754497528076 -22.525724411010742 0
vertex 7.999961853027344 -22.929977416992188 0
endloop
endfacet
facet normal 0 0 -1
outer loop
vertex 7.999961853027344 -22.929977416992188 0
vertex 8.17216968536377 -22.525724411010742 0
vertex 8.17216968536377 -22.964231491088867 0
endloop
endfacet
facet normal 0 0 -1
outer loop
vertex 8.17216968536377 -22.964231491088867 0
vertex 8.17216968536377 -22.525724411010742 0
vertex 8.25 -23.016237258911133 0
endloop
endfacet
facet normal 0 0 -1
outer loop
vertex 7.827754497528076 -22.525724411010742 0
vertex 7.827754497528076 -22.964231491088867 0
vertex 7.75 -22.473770141601562 0
endloop
endfacet
facet normal 0 0 -1
outer loop
vertex 7.999961853027344 -20.389978408813477 0
vertex 8.25 -17.99997901916504 0
vertex 8.17216968536377 -20.424232482910156 0
endloop
endfacet
facet normal 0 0 -1
outer loop
vertex 7.827754497528076 -20.424232482910156 0
vertex 7.75 -17.99997901916504 0
vertex 7.999961853027344 -20.389978408813477 0
endloop
endfacet
facet normal 0 0 -1
outer loop
vertex 7.75 -20.476186752319336 0
vertex 7.75 -17.99997901916504 0
vertex 7.827754497528076 -20.424232482910156 0
endloop
endfacet
facet normal 0 0 -1
outer loop
vertex 8.17216968536377 -21.25572395324707 0
vertex 8.25 -21.203720092773438 0
vertex 8.25 -21.74623680114746 0
endloop
endfacet
facet normal 0 0 -1
outer loop
vertex 8.17216968536377 -21.694232940673828 0
vertex 8.17216968536377 -21.25572395324707 0
vertex 8.25 -21.74623680114746 0
endloop
endfacet
facet normal 0 0 -1
outer loop
vertex 8.17216968536377 -21.25572395324707 0
vertex 7.999961853027344 -21.65997886657715 0
vertex 7.999961853027344 -21.28997802734375 0
endloop
endfacet
facet normal 0 0 -1
outer loop
vertex 7.827754497528076 -22.525724411010742 0
vertex 7.999961853027344 -22.559978485107422 0
vertex 7.999961853027344 -22.929977416992188 0
endloop
endfacet
facet normal 0 0 -1
outer loop
vertex 7.999961853027344 -21.65997886657715 0
vertex 8.17216968536377 -21.25572395324707 0
vertex 8.17216968536377 -21.694232940673828 0
endloop
endfacet
facet normal 0 0 -1
outer loop
vertex 7.827754497528076 -21.694232940673828 0
vertex 7.999961853027344 -21.28997802734375 0
vertex 7.999961853027344 -21.65997886657715 0
endloop
endfacet
facet normal 0 0 -1
outer loop
vertex 8.17216968536377 -22.525724411010742 0
vertex 7.999961853027344 -22.929977416992188 0
vertex 7.999961853027344 -22.559978485107422 0
endloop
endfacet
facet normal 0 0 -1
outer loop
vertex 8.17216968536377 -22.525724411010742 0
vertex 8.25 -22.473718643188477 0
vertex 8.25 -23.016237258911133 0
endloop
endfacet
facet normal 0 0 -1
outer loop
vertex 24.700000762939453 -30.19997787475586 0
vertex 7.999961853027344 -30.179977416992188 0
vertex 8.17216968536377 -30.145723342895508 0
endloop
endfacet
facet normal 0 0 -1
outer loop
vertex 24.700000762939453 -30.19997787475586 0
vertex 8.17216968536377 -30.145723342895508 0
vertex 8.318160057067871 -30.048175811767578 0
endloop
endfacet
facet normal 0 0 -1
outer loop
vertex 24.700000762939453 -30.19997787475586 0
vertex 8.318160057067871 -30.048175811767578 0
vertex 8.4157075881958 -29.902185440063477 0
endloop
endfacet
facet normal 0 0 -1
outer loop
vertex 24.700000762939453 -30.19997787475586 0
vertex 8.4157075881958 -29.902185440063477 0
vertex 8.44996166229248 -29.729978561401367 0
endloop
endfacet
facet normal 0 0 -1
outer loop
vertex 24.700000762939453 -30.19997787475586 0
vertex 8.44996166229248 -29.729978561401367 0
vertex 8.4157075881958 -29.557769775390625 0
endloop
endfacet
facet normal 0 0 -1
outer loop
vertex 24.700000762939453 -30.19997787475586 0
vertex 8.4157075881958 -29.557769775390625 0
vertex 8.318160057067871 -29.411779403686523 0
endloop
endfacet
facet normal 0 0 -1
outer loop
vertex 24.700000762939453 -30.19997787475586 0
vertex 8.318160057067871 -29.411779403686523 0
vertex 8.17216968536377 -29.314231872558594 0
endloop
endfacet
facet normal 0 0 -1
outer loop
vertex 24.700000762939453 -30.19997787475586 0
vertex 8.17216968536377 -29.314231872558594 0
vertex 8.318160057067871 -28.778175354003906 0
endloop
endfacet
facet normal 0 0 -1
outer loop
vertex 24.700000762939453 -30.19997787475586 0
vertex 8.318160057067871 -28.778175354003906 0
vertex 8.4157075881958 -28.632184982299805 0
endloop
endfacet
facet normal 0 0 -1
outer loop
vertex 24.700000762939453 -30.19997787475586 0
vertex 8.4157075881958 -28.632184982299805 0
vertex 8.949999809265137 -28.549978256225586 0
endloop
endfacet
facet normal 0 0 -1
outer loop
vertex 24.700000762939453 -30.19997787475586 0
vertex 8.949999809265137 -28.549978256225586 0
vertex 23.049999237060547 -28.549978256225586 0
endloop
endfacet
facet normal 0 0 -1
outer loop
vertex 23.049999237060547 -28.549978256225586 0
vertex 23.049999237060547 -24.99997901916504 0
vertex 23.75 -24.99997901916504 0
endloop
endfacet
facet normal 0 0 -1
outer loop
vertex 24.700000762939453 -30.19997787475586 0
vertex 23.049999237060547 -28.549978256225586 0
vertex 24.700000762939453 -22.19997787475586 0
endloop
endfacet
facet normal 0 0 -1
outer loop
vertex 23.75 -24.99997901916504 0
vertex 24.950000762939453 -20.549978256225586 0
vertex 23.049999237060547 -28.549978256225586 0
endloop
endfacet
facet normal 0 0 -1
outer loop
vertex 24.700000762939453 -22.19997787475586 0
vertex 23.049999237060547 -28.549978256225586 0
vertex 24.950000762939453 -20.549978256225586 0
endloop
endfacet
facet normal 0 0 -1
outer loop
vertex 7.050000190734863 -14.44997787475586 0
vertex -7.050000190734863 -14.44997787475586 0
vertex 7.050000190734863 -12.549978256225586 0
endloop
endfacet
facet normal 0 0 -1
outer loop
vertex 7.75 -21.746185302734375 0
vertex 7.75 -21.20376968383789 0
vertex 7.827754497528076 -21.694232940673828 0
endloop
endfacet
facet normal 0 0 -1
outer loop
vertex 7.827754497528076 -21.694232940673828 0
vertex 7.75 -21.20376968383789 0
vertex 7.827754497528076 -21.25572395324707 0
endloop
endfacet
facet normal 1 0 0
outer loop
vertex -7.050000190734863 -17.99997901916504 1
vertex -7.050000190734863 -17.99997901916504 0
vertex -7.050000190734863 -14.44997787475586 2.200000047683716
endloop
endfacet
facet normal -1 0 0
outer loop
vertex -8.949999809265137 7.000021934509277 0
vertex -8.949999809265137 3.450021743774414 0
vertex -8.949999809265137 3.450021743774414 2.200000047683716
endloop
endfacet
facet normal 1 0 0
outer loop
vertex 8.25 -17.99997901916504 0
vertex 8.25 -17.99997901916504 1
vertex 8.25 -20.47623634338379 0
endloop
endfacet
facet normal 0 -1 0
outer loop
vertex 23.049999237060547 -17.99997901916504 1
vertex 23.75 -17.99997901916504 0
vertex 23.75 -17.99997901916504 1
endloop
endfacet
facet normal 0 0 -1
outer loop
vertex 23.75 -17.99997901916504 1
vertex 23.049999237060547 -24.99997901916504 1
vertex 23.049999237060547 -17.99997901916504 1
endloop
endfacet
facet normal -1 0 0
outer loop
vertex 23.75 -24.99997901916504 0
vertex 23.75 -24.99997901916504 1
vertex 23.75 -17.99997901916504 0
endloop
endfacet
facet normal -1 0 0
outer loop
vertex 23.75 -17.99997901916504 0
vertex 23.75 -24.99997901916504 1
vertex 23.75 -17.99997901916504 1
endloop
endfacet
facet normal 0 0 -1
outer loop
vertex 8.949999809265137 -17.99997901916504 1
vertex 8.25 -20.47623634338379 1
vertex 8.25 -17.99997901916504 1
endloop
endfacet
facet normal 0 1 0
outer loop
vertex 23.75 -24.99997901916504 0
vertex 23.049999237060547 -24.99997901916504 0
vertex 23.75 -24.99997901916504 1
endloop
endfacet
facet normal 0 -1 0
outer loop
vertex 8.25 -17.99997901916504 1
vertex 8.949999809265137 -17.99997901916504 0
vertex 8.949999809265137 -17.99997901916504 1
endloop
endfacet
facet normal 0 0 -1
outer loop
vertex 8.949999809265137 -17.99997901916504 1
vertex 8.4157075881958 -20.667770385742188 1
vertex 8.318160057067871 -20.521780014038086 1
endloop
endfacet
facet normal 0 0 -1
outer loop
vertex 8.949999809265137 -17.99997901916504 1
vertex 8.44996166229248 -20.839977264404297 1
vertex 8.4157075881958 -20.667770385742188 1
endloop
endfacet
facet normal 0 0 -1
outer loop
vertex 8.949999809265137 -17.99997901916504 1
vertex 8.44996166229248 -22.10997772216797 1
vertex 8.44996166229248 -20.839977264404297 1
endloop
endfacet
facet normal 0 0 -1
outer loop
vertex 8.25 -20.47623634338379 1
vertex 8.949999809265137 -17.99997901916504 1
vertex 8.318160057067871 -20.521780014038086 1
endloop
endfacet
facet normal 0 0 -1
outer loop
vertex 8.949999809265137 -17.99997901916504 1
vertex 8.4157075881958 -23.20777130126953 1
vertex 8.44996166229248 -22.10997772216797 1
endloop
endfacet
facet normal 0 0 -1
outer loop
vertex 8.949999809265137 -17.99997901916504 1
vertex 8.44996166229248 -23.37997817993164 1
vertex 8.4157075881958 -23.20777130126953 1
endloop
endfacet
facet normal 0 0 -1
outer loop
vertex 8.949999809265137 -17.99997901916504 1
vertex 8.4157075881958 -24.47776985168457 1
vertex 8.44996166229248 -23.37997817993164 1
endloop
endfacet
facet normal 0 0 -1
outer loop
vertex 8.44996166229248 -20.839977264404297 1
vertex 8.4157075881958 -21.93777084350586 1
vertex 8.4157075881958 -21.01218605041504 1
endloop
endfacet
facet normal 0 0 -1
outer loop
vertex 8.4157075881958 -21.01218605041504 1
vertex 8.318160057067871 -21.791780471801758 1
vertex 8.318160057067871 -21.15817642211914 1
endloop
endfacet
facet normal 0 0 -1
outer loop
vertex 8.44996166229248 -22.10997772216797 1
vertex 8.4157075881958 -21.93777084350586 1
vertex 8.44996166229248 -20.839977264404297 1
endloop
endfacet
facet normal 0 0 -1
outer loop
vertex 8.4157075881958 -21.93777084350586 1
vertex 8.318160057067871 -21.791780471801758 1
vertex 8.4157075881958 -21.01218605041504 1
endloop
endfacet
facet normal 0 0 -1
outer loop
vertex 8.318160057067871 -21.15817642211914 1
vertex 8.25 -21.74623680114746 1
vertex 8.25 -21.203720092773438 1
endloop
endfacet
facet normal 1 0 0
outer loop
vertex 8.25 -22.473718643188477 0
vertex 8.25 -22.473718643188477 1
vertex 8.25 -23.016237258911133 0
endloop
endfacet
facet normal 0 0 -1
outer loop
vertex 8.25 -21.74623680114746 1
vertex 8.318160057067871 -21.15817642211914 1
vertex 8.318160057067871 -21.791780471801758 1
endloop
endfacet
facet normal 1 0 0
outer loop
vertex 8.25 -23.74371910095215 0
vertex 8.25 -23.74371910095215 1
vertex 8.25 -24.286237716674805 0
endloop
endfacet
facet normal 1 0 0
outer loop
vertex 8.25 -20.47623634338379 1
vertex 8.25 -20.47623634338379 0
vertex 8.25 -17.99997901916504 1
endloop
endfacet
facet normal 1 0 0
outer loop
vertex 8.25 -21.74623680114746 1
vertex 8.25 -21.74623680114746 0
vertex 8.25 -21.203720092773438 1
endloop
endfacet
facet normal 0 0 -1
outer loop
vertex 23.75 -24.99997901916504 1
vertex 23.049999237060547 -24.99997901916504 1
vertex 23.75 -17.99997901916504 1
endloop
endfacet
facet normal 0 1 0
outer loop
vertex 23.75 -24.99997901916504 1
vertex 23.049999237060547 -24.99997901916504 0
vertex 23.049999237060547 -24.99997901916504 1
endloop
endfacet
facet normal 0 0 -1
outer loop
vertex 8.949999809265137 -24.99997901916504 1
vertex 8.44996166229248 -24.649978637695312 1
vertex 8.949999809265137 -17.99997901916504 1
endloop
endfacet
facet normal 0 0 -1
outer loop
vertex 8.44996166229248 -24.649978637695312 1
vertex 8.4157075881958 -24.47776985168457 1
vertex 8.949999809265137 -17.99997901916504 1
endloop
endfacet
facet normal 0 0 -1
outer loop
vertex 8.4157075881958 -23.20777130126953 1
vertex 8.4157075881958 -22.28218650817871 1
vertex 8.44996166229248 -22.10997772216797 1
endloop
endfacet
facet normal 0 0 -1
outer loop
vertex 8.4157075881958 -22.28218650817871 1
vertex 8.318160057067871 -23.06178092956543 1
vertex 8.318160057067871 -22.428176879882812 1
endloop
endfacet
facet normal 0 0 -1
outer loop
vertex 8.318160057067871 -22.428176879882812 1
vertex 8.25 -23.016237258911133 1
vertex 8.25 -22.473718643188477 1
endloop
endfacet
facet normal 0 0 -1
outer loop
vertex 8.4157075881958 -23.20777130126953 1
vertex 8.318160057067871 -23.06178092956543 1
vertex 8.4157075881958 -22.28218650817871 1
endloop
endfacet
facet normal 0 0 -1
outer loop
vertex 8.318160057067871 -23.06178092956543 1
vertex 8.25 -23.016237258911133 1
vertex 8.318160057067871 -22.428176879882812 1
endloop
endfacet
facet normal 0 0 -1
outer loop
vertex 8.4157075881958 -24.47776985168457 1
vertex 8.4157075881958 -23.55218505859375 1
vertex 8.44996166229248 -23.37997817993164 1
endloop
endfacet
facet normal 1 0 0
outer loop
vertex 8.25 -21.203720092773438 0
vertex 8.25 -21.203720092773438 1
vertex 8.25 -21.74623680114746 0
endloop
endfacet
facet normal 0 0 -1
outer loop
vertex 8.4157075881958 -23.55218505859375 1
vertex 8.25 -24.286237716674805 1
vertex 8.318160057067871 -23.69817543029785 1
endloop
endfacet
facet normal 0 0 -1
outer loop
vertex 8.4157075881958 -23.55218505859375 1
vertex 8.318160057067871 -24.33177947998047 1
vertex 8.25 -24.286237716674805 1
endloop
endfacet
facet normal 0 0 -1
outer loop
vertex 8.25 -23.74371910095215 1
vertex 8.318160057067871 -23.69817543029785 1
vertex 8.25 -24.286237716674805 1
endloop
endfacet
facet normal 0 0 -1
outer loop
vertex 8.4157075881958 -24.47776985168457 1
vertex 8.318160057067871 -24.33177947998047 1
vertex 8.4157075881958 -23.55218505859375 1
endloop
endfacet
facet normal 0 1 0
outer loop
vertex 8.949999809265137 -24.99997901916504 0
vertex 8.270565032958984 -24.99997901916504 0
vertex 8.270565032958984 -24.99997901916504 1
endloop
endfacet
facet normal 1 0 0
outer loop
vertex 8.25 -23.016237258911133 1
vertex 8.25 -23.016237258911133 0
vertex 8.25 -22.473718643188477 1
endloop
endfacet
facet normal 1 0 0
outer loop
vertex 8.25 -24.286237716674805 1
vertex 8.25 -24.286237716674805 0
vertex 8.25 -23.74371910095215 1
endloop
endfacet
facet normal 0 0 -1
outer loop
vertex 8.949999809265137 -24.99997901916504 1
vertex 8.4157075881958 -24.822185516357422 1
vertex 8.44996166229248 -24.649978637695312 1
endloop
endfacet
facet normal 0 0 -1
outer loop
vertex 8.949999809265137 -24.99997901916504 1
vertex 8.318160057067871 -24.968175888061523 1
vertex 8.4157075881958 -24.822185516357422 1
endloop
endfacet
facet normal 0 0 -1
outer loop
vertex 8.949999809265137 -24.99997901916504 1
vertex 8.270565032958984 -24.99997901916504 1
vertex 8.318160057067871 -24.968175888061523 1
endloop
endfacet
facet normal 0 1 0
outer loop
vertex 8.949999809265137 -24.99997901916504 1
vertex 8.949999809265137 -24.99997901916504 0
vertex 8.270565032958984 -24.99997901916504 1
endloop
endfacet
facet normal 0 -1 0
outer loop
vertex 23.049999237060547 -17.99997901916504 1
vertex 23.049999237060547 -17.99997901916504 0
vertex 23.75 -17.99997901916504 0
endloop
endfacet
facet normal 0 -1 0
outer loop
vertex 8.25 -17.99997901916504 1
vertex 8.25 -17.99997901916504 0
vertex 8.949999809265137 -17.99997901916504 0
endloop
endfacet
facet normal 0 0 -1
outer loop
vertex -7.050000190734863 -17.99997901916504 1
vertex -7.75 -20.476211547851562 1
vertex -7.75 -17.99997901916504 1
endloop
endfacet
facet normal -1 0 0
outer loop
vertex 7.75 -23.743770599365234 0
vertex 7.75 -24.28618621826172 0
vertex 7.75 -24.28618621826172 1
endloop
endfacet
facet normal 0 0 -1
outer loop
vertex 7.584216117858887 -21.93777084350586 1
vertex 7.681764125823975 -21.15817642211914 1
vertex 7.681764125823975 -21.791780471801758 1
endloop
endfacet
facet normal 0 1 0
outer loop
vertex -7.050000190734863 -24.99997901916504 0
vertex -7.729143142700195 -24.99997901916504 0
vertex -7.729143142700195 -24.99997901916504 1
endloop
endfacet
facet normal 1 0 0
outer loop
vertex -7.75 -23.743913650512695 0
vertex -7.75 -23.743913650512695 1
vertex -7.75 -24.286041259765625 0
endloop
endfacet
facet normal 1 0 0
outer loop
vertex -7.75 -22.473745346069336 0
vertex -7.75 -22.473745346069336 1
vertex -7.75 -23.016042709350586 0
endloop
endfacet
facet normal 1 0 0
outer loop
vertex -7.75 -21.203744888305664 0
vertex -7.75 -21.203744888305664 1
vertex -7.75 -21.746212005615234 0
endloop
endfacet
facet normal 1 0 0
outer loop
vertex -7.75 -17.99997901916504 0
vertex -7.75 -17.99997901916504 1
vertex -7.75 -20.476211547851562 0
endloop
endfacet
facet normal 0 -1 0
outer loop
vertex -7.75 -17.99997901916504 1
vertex -7.75 -17.99997901916504 0
vertex -7.050000190734863 -17.99997901916504 0
endloop
endfacet
facet normal 0 1 0
outer loop
vertex -7.050000190734863 -24.99997901916504 1
vertex -7.050000190734863 -24.99997901916504 0
vertex -7.729143142700195 -24.99997901916504 1
endloop
endfacet
facet normal 0 -1 0
outer loop
vertex -7.75 -17.99997901916504 1
vertex -7.050000190734863 -17.99997901916504 0
vertex -7.050000190734863 -17.99997901916504 1
endloop
endfacet
facet normal 0 0 -1
outer loop
vertex 7.549962043762207 -22.10997772216797 1
vertex 7.584216117858887 -21.01218605041504 1
vertex 7.584216117858887 -21.93777084350586 1
endloop
endfacet
facet normal 0 0 -1
outer loop
vertex -7.050000190734863 -24.99997901916504 1
vertex -7.729143142700195 -24.99997901916504 1
vertex -7.681548118591309 -24.968175888061523 1
endloop
endfacet
facet normal 0 0 -1
outer loop
vertex -7.050000190734863 -24.99997901916504 1
vertex -7.681548118591309 -24.968175888061523 1
vertex -7.584000110626221 -24.822185516357422 1
endloop
endfacet
facet normal 0 0 -1
outer loop
vertex -7.050000190734863 -24.99997901916504 1
vertex -7.584000110626221 -24.822185516357422 1
vertex -7.549746036529541 -24.649978637695312 1
endloop
endfacet
facet normal 1 0 0
outer loop
vertex -7.75 -24.286041259765625 1
vertex -7.75 -24.286041259765625 0
vertex -7.75 -23.743913650512695 1
endloop
endfacet
facet normal 0 0 -1
outer loop
vertex -7.050000190734863 -17.99997901916504 1
vertex -7.584254264831543 -20.667770385742188 1
vertex -7.681801795959473 -20.521780014038086 1
endloop
endfacet
facet normal 1 0 0
outer loop
vertex -7.75 -23.016042709350586 1
vertex -7.75 -23.016042709350586 0
vertex -7.75 -22.473745346069336 1
endloop
endfacet
facet normal 0 0 -1
outer loop
vertex -7.75 -20.476211547851562 1
vertex -7.050000190734863 -17.99997901916504 1
vertex -7.681801795959473 -20.521780014038086 1
endloop
endfacet
facet normal -1 0 0
outer loop
vertex 7.75 -17.99997901916504 1
vertex 7.75 -17.99997901916504 0
vertex 7.75 -20.476186752319336 1
endloop
endfacet
facet normal 0 -1 0
outer loop
vertex 7.050000190734863 -17.99997901916504 1
vertex 7.050000190734863 -17.99997901916504 0
vertex 7.75 -17.99997901916504 1
endloop
endfacet
facet normal 0 0 -1
outer loop
vertex -7.050000190734863 -17.99997901916504 1
vertex -7.550000190734863 -20.839977264404297 1
vertex -7.584254264831543 -20.667770385742188 1
endloop
endfacet
facet normal 0 0 -1
outer loop
vertex -7.050000190734863 -17.99997901916504 1
vertex -7.550000190734863 -22.10997772216797 1
vertex -7.550000190734863 -20.839977264404297 1
endloop
endfacet
facet normal 0 0 -1
outer loop
vertex -7.050000190734863 -17.99997901916504 1
vertex -7.584000110626221 -23.20777130126953 1
vertex -7.550000190734863 -22.10997772216797 1
endloop
endfacet
facet normal 0 0 -1
outer loop
vertex -7.550000190734863 -20.839977264404297 1
vertex -7.584254264831543 -21.93777084350586 1
vertex -7.584254264831543 -21.01218605041504 1
endloop
endfacet
facet normal 0 0 -1
outer loop
vertex -7.050000190734863 -17.99997901916504 1
vertex -7.549746036529541 -23.37997817993164 1
vertex -7.584000110626221 -23.20777130126953 1
endloop
endfacet
facet normal 0 0 -1
outer loop
vertex -7.584254264831543 -21.01218605041504 1
vertex -7.681801795959473 -21.791780471801758 1
vertex -7.681801795959473 -21.15817642211914 1
endloop
endfacet
facet normal 0 0 -1
outer loop
vertex -7.681801795959473 -21.15817642211914 1
vertex -7.75 -21.746212005615234 1
vertex -7.75 -21.203744888305664 1
endloop
endfacet
facet normal 0 0 -1
outer loop
vertex -7.550000190734863 -22.10997772216797 1
vertex -7.584254264831543 -21.93777084350586 1
vertex -7.550000190734863 -20.839977264404297 1
endloop
endfacet
facet normal 0 0 -1
outer loop
vertex -7.584254264831543 -21.93777084350586 1
vertex -7.681801795959473 -21.791780471801758 1
vertex -7.584254264831543 -21.01218605041504 1
endloop
endfacet
facet normal 0 0 -1
outer loop
vertex -7.75 -21.746212005615234 1
vertex -7.681801795959473 -21.15817642211914 1
vertex -7.681801795959473 -21.791780471801758 1
endloop
endfacet
facet normal 0 0 -1
outer loop
vertex -7.050000190734863 -17.99997901916504 1
vertex -7.584000110626221 -24.47776985168457 1
vertex -7.549746036529541 -23.37997817993164 1
endloop
endfacet
facet normal -1 0 0
outer loop
vertex 7.75 -22.473770141601562 0
vertex 7.75 -23.016185760498047 0
vertex 7.75 -23.016185760498047 1
endloop
endfacet
facet normal 0 0 -1
outer loop
vertex -7.584000110626221 -24.47776985168457 1
vertex -7.681548118591309 -24.33177947998047 1
vertex -7.584000110626221 -23.55218505859375 1
endloop
endfacet
facet normal 0 0 -1
outer loop
vertex -7.584000110626221 -23.55218505859375 1
vertex -7.681548118591309 -24.33177947998047 1
vertex -7.75 -24.286041259765625 1
endloop
endfacet
facet normal 0 0 -1
outer loop
vertex -7.75 -23.743913650512695 1
vertex -7.681548118591309 -23.69817543029785 1
vertex -7.75 -24.286041259765625 1
endloop
endfacet
facet normal 0 0 -1
outer loop
vertex -7.584000110626221 -23.55218505859375 1
vertex -7.75 -24.286041259765625 1
vertex -7.681548118591309 -23.69817543029785 1
endloop
endfacet
facet normal 0 0 -1
outer loop
vertex -7.584000110626221 -24.47776985168457 1
vertex -7.584000110626221 -23.55218505859375 1
vertex -7.549746036529541 -23.37997817993164 1
endloop
endfacet
facet normal 0 0 -1
outer loop
vertex -7.75 -23.016042709350586 1
vertex -7.681801795959473 -22.428176879882812 1
vertex -7.681548118591309 -23.06178092956543 1
endloop
endfacet
facet normal 0 1 0
outer loop
vertex 7.729359149932861 -24.99997901916504 1
vertex 7.729359149932861 -24.99997901916504 0
vertex 7.050000190734863 -24.99997901916504 1
endloop
endfacet
facet normal 0 0 -1
outer loop
vertex -7.584000110626221 -23.20777130126953 1
vertex -7.681548118591309 -23.06178092956543 1
vertex -7.584254264831543 -22.28218650817871 1
endloop
endfacet
facet normal 0 0 -1
outer loop
vertex 7.050000190734863 -24.99997901916504 1
vertex 7.584216117858887 -24.822185516357422 1
vertex 7.681764125823975 -24.968175888061523 1
endloop
endfacet
facet normal 0 0 -1
outer loop
vertex 7.729359149932861 -24.99997901916504 1
vertex 7.050000190734863 -24.99997901916504 1
vertex 7.681764125823975 -24.968175888061523 1
endloop
endfacet
facet normal 0 0 -1
outer loop
vertex 7.584216117858887 -24.822185516357422 1
vertex 7.050000190734863 -24.99997901916504 1
vertex 7.549962043762207 -24.649978637695312 1
endloop
endfacet
facet normal 0 0 -1
outer loop
vertex -7.681801795959473 -22.428176879882812 1
vertex -7.75 -23.016042709350586 1
vertex -7.75 -22.473745346069336 1
endloop
endfacet
facet normal 0 0 -1
outer loop
vertex -7.584254264831543 -22.28218650817871 1
vertex -7.681548118591309 -23.06178092956543 1
vertex -7.681801795959473 -22.428176879882812 1
endloop
endfacet
facet normal 0 0 -1
outer loop
vertex -7.584000110626221 -23.20777130126953 1
vertex -7.584254264831543 -22.28218650817871 1
vertex -7.550000190734863 -22.10997772216797 1
endloop
endfacet
facet normal 0 1 0
outer loop
vertex 7.729359149932861 -24.99997901916504 0
vertex 7.050000190734863 -24.99997901916504 0
vertex 7.050000190734863 -24.99997901916504 1
endloop
endfacet
facet normal -1 0 0
outer loop
vertex 7.75 -23.743770599365234 1
vertex 7.75 -23.743770599365234 0
vertex 7.75 -24.28618621826172 1
endloop
endfacet
facet normal 0 -1 0
outer loop
vertex 7.75 -17.99997901916504 0
vertex 7.75 -17.99997901916504 1
vertex 7.050000190734863 -17.99997901916504 0
endloop
endfacet
facet normal -1 0 0
outer loop
vertex 7.75 -22.473770141601562 1
vertex 7.75 -22.473770141601562 0
vertex 7.75 -23.016185760498047 1
endloop
endfacet
facet normal 0 0 -1
outer loop
vertex 7.549962043762207 -24.649978637695312 1
vertex 7.050000190734863 -24.99997901916504 1
vertex 7.584216117858887 -24.47776985168457 1
endloop
endfacet
facet normal 0 0 -1
outer loop
vertex 7.584216117858887 -24.47776985168457 1
vertex 7.050000190734863 -24.99997901916504 1
vertex 7.681764125823975 -23.69817543029785 1
endloop
endfacet
facet normal 0 0 -1
outer loop
vertex 7.681764125823975 -23.69817543029785 1
vertex 7.050000190734863 -24.99997901916504 1
vertex 7.584216117858887 -23.55218505859375 1
endloop
endfacet
facet normal 0 0 -1
outer loop
vertex -7.549746036529541 -24.649978637695312 1
vertex -7.584000110626221 -24.47776985168457 1
vertex -7.050000190734863 -17.99997901916504 1
endloop
endfacet
facet normal 0 0 -1
outer loop
vertex 7.584216117858887 -24.47776985168457 1
vertex 7.681764125823975 -23.69817543029785 1
vertex 7.681764125823975 -24.33177947998047 1
endloop
endfacet
facet normal 0 0 -1
outer loop
vertex -7.050000190734863 -24.99997901916504 1
vertex -7.549746036529541 -24.649978637695312 1
vertex -7.050000190734863 -17.99997901916504 1
endloop
endfacet
facet normal 0 0 -1
outer loop
vertex 7.681764125823975 -20.521780014038086 1
vertex 7.75 -17.99997901916504 1
vertex 7.75 -20.476186752319336 1
endloop
endfacet
facet normal 0 0 -1
outer loop
vertex 7.75 -23.743770599365234 1
vertex 7.75 -24.28618621826172 1
vertex 7.681764125823975 -24.33177947998047 1
endloop
endfacet
facet normal 0 0 -1
outer loop
vertex 7.584216117858887 -23.55218505859375 1
vertex 7.050000190734863 -24.99997901916504 1
vertex 7.549962043762207 -23.37997817993164 1
endloop
endfacet
facet normal 0 0 -1
outer loop
vertex 7.75 -23.743770599365234 1
vertex 7.681764125823975 -24.33177947998047 1
vertex 7.681764125823975 -23.69817543029785 1
endloop
endfacet
facet normal 0 0 -1
outer loop
vertex 7.549962043762207 -23.37997817993164 1
vertex 7.050000190734863 -24.99997901916504 1
vertex 7.584216117858887 -22.28218650817871 1
endloop
endfacet
facet normal 0 0 -1
outer loop
vertex 7.584216117858887 -22.28218650817871 1
vertex 7.050000190734863 -24.99997901916504 1
vertex 7.549962043762207 -22.10997772216797 1
endloop
endfacet
facet normal 0 0 -1
outer loop
vertex 7.549962043762207 -23.37997817993164 1
vertex 7.584216117858887 -22.28218650817871 1
vertex 7.584216117858887 -23.20777130126953 1
endloop
endfacet
facet normal 0 0 -1
outer loop
vertex 7.584216117858887 -23.20777130126953 1
vertex 7.681764125823975 -22.428176879882812 1
vertex 7.681764125823975 -23.06178092956543 1
endloop
endfacet
facet normal 0 0 -1
outer loop
vertex 7.75 -22.473770141601562 1
vertex 7.75 -23.016185760498047 1
vertex 7.681764125823975 -23.06178092956543 1
endloop
endfacet
facet normal 0 0 -1
outer loop
vertex 7.549962043762207 -22.10997772216797 1
vertex 7.050000190734863 -24.99997901916504 1
vertex 7.549962043762207 -20.839977264404297 1
endloop
endfacet
facet normal 0 0 -1
outer loop
vertex 7.681764125823975 -22.428176879882812 1
vertex 7.584216117858887 -23.20777130126953 1
vertex 7.584216117858887 -22.28218650817871 1
endloop
endfacet
facet normal 0 0 -1
outer loop
vertex 7.75 -22.473770141601562 1
vertex 7.681764125823975 -23.06178092956543 1
vertex 7.681764125823975 -22.428176879882812 1
endloop
endfacet
facet normal 0 0 -1
outer loop
vertex 7.584216117858887 -20.667770385742188 1
vertex 7.75 -17.99997901916504 1
vertex 7.681764125823975 -20.521780014038086 1
endloop
endfacet
facet normal 1 0 0
outer loop
vertex -7.75 -21.746212005615234 1
vertex -7.75 -21.746212005615234 0
vertex -7.75 -21.203744888305664 1
endloop
endfacet
facet normal 1 0 0
outer loop
vertex -7.75 -20.476211547851562 1
vertex -7.75 -20.476211547851562 0
vertex -7.75 -17.99997901916504 1
endloop
endfacet
facet normal -1 0 0
outer loop
vertex 7.75 -17.99997901916504 0
vertex 7.75 -20.476186752319336 0
vertex 7.75 -20.476186752319336 1
endloop
endfacet
facet normal 0 0 -1
outer loop
vertex 7.549962043762207 -20.839977264404297 1
vertex 7.75 -17.99997901916504 1
vertex 7.584216117858887 -20.667770385742188 1
endloop
endfacet
facet normal -1 0 0
outer loop
vertex 7.75 -21.20376968383789 0
vertex 7.75 -21.746185302734375 0
vertex 7.75 -21.746185302734375 1
endloop
endfacet
facet normal 0 0 -1
outer loop
vertex 7.75 -17.99997901916504 1
vertex 7.050000190734863 -24.99997901916504 1
vertex 7.050000190734863 -17.99997901916504 1
endloop
endfacet
facet normal 0 0 -1
outer loop
vertex 7.549962043762207 -20.839977264404297 1
vertex 7.050000190734863 -24.99997901916504 1
vertex 7.75 -17.99997901916504 1
endloop
endfacet
facet normal 0 0 -1
outer loop
vertex 7.75 -21.20376968383789 1
vertex 7.681764125823975 -21.791780471801758 1
vertex 7.681764125823975 -21.15817642211914 1
endloop
endfacet
facet normal 0 0 -1
outer loop
vertex 7.584216117858887 -21.01218605041504 1
vertex 7.549962043762207 -22.10997772216797 1
vertex 7.549962043762207 -20.839977264404297 1
endloop
endfacet
facet normal 0 0 -1
outer loop
vertex 7.681764125823975 -21.15817642211914 1
vertex 7.584216117858887 -21.93777084350586 1
vertex 7.584216117858887 -21.01218605041504 1
endloop
endfacet
facet normal 0 0 -1
outer loop
vertex 7.75 -21.20376968383789 1
vertex 7.75 -21.746185302734375 1
vertex 7.681764125823975 -21.791780471801758 1
endloop
endfacet
facet normal -1 0 0
outer loop
vertex 7.75 -21.20376968383789 1
vertex 7.75 -21.20376968383789 0
vertex 7.75 -21.746185302734375 1
endloop
endfacet
facet normal -1 0 0
outer loop
vertex -8.25 -22.473745346069336 1
vertex -8.25 -22.473745346069336 0
vertex -8.25 -23.016382217407227 1
endloop
endfacet
facet normal 0 0 -1
outer loop
vertex -8.270349502563477 -24.99997901916504 1
vertex -8.949999809265137 -24.99997901916504 1
vertex -8.317944526672363 -24.968175888061523 1
endloop
endfacet
facet normal 0 0 -1
outer loop
vertex -8.25 -17.99997901916504 1
vertex -8.949999809265137 -24.99997901916504 1
vertex -8.949999809265137 -17.99997901916504 1
endloop
endfacet
facet normal 0 0 -1
outer loop
vertex -8.449999809265137 -20.839977264404297 1
vertex -8.25 -17.99997901916504 1
vertex -8.415745735168457 -20.667770385742188 1
endloop
endfacet
facet normal 0 1 0
outer loop
vertex -8.270349502563477 -24.99997901916504 0
vertex -8.949999809265137 -24.99997901916504 0
vertex -8.949999809265137 -24.99997901916504 1
endloop
endfacet
facet normal 0 0 -1
outer loop
vertex -8.25 -21.203744888305664 1
vertex -8.25 -21.746212005615234 1
vertex -8.318198204040527 -21.791780471801758 1
endloop
endfacet
facet normal 0 -1 0
outer loop
vertex -8.949999809265137 -17.99997901916504 1
vertex -8.949999809265137 -17.99997901916504 0
vertex -8.25 -17.99997901916504 1
endloop
endfacet
facet normal 0 0 -1
outer loop
vertex -8.415745735168457 -20.667770385742188 1
vertex -8.25 -17.99997901916504 1
vertex -8.318198204040527 -20.521780014038086 1
endloop
endfacet
facet normal 0 0 -1
outer loop
vertex -8.318198204040527 -21.15817642211914 1
vertex -8.415745735168457 -21.93777084350586 1
vertex -8.415745735168457 -21.01218605041504 1
endloop
endfacet
facet normal -1 0 0
outer loop
vertex -8.25 -23.743574142456055 0
vertex -8.25 -24.286380767822266 0
vertex -8.25 -24.286380767822266 1
endloop
endfacet
facet normal -1 0 0
outer loop
vertex -8.25 -22.473745346069336 0
vertex -8.25 -23.016382217407227 0
vertex -8.25 -23.016382217407227 1
endloop
endfacet
facet normal 0 -1 0
outer loop
vertex -23.75 -17.99997901916504 1
vertex -23.049999237060547 -17.99997901916504 0
vertex -23.049999237060547 -17.99997901916504 1
endloop
endfacet
facet normal 0 0 -1
outer loop
vertex -8.415745735168457 -21.01218605041504 1
vertex -8.449999809265137 -22.10997772216797 1
vertex -8.449999809265137 -20.839977264404297 1
endloop
endfacet
facet normal 0 0 -1
outer loop
vertex -8.415745735168457 -21.93777084350586 1
vertex -8.318198204040527 -21.15817642211914 1
vertex -8.318198204040527 -21.791780471801758 1
endloop
endfacet
facet normal 0 0 -1
outer loop
vertex -8.449999809265137 -22.10997772216797 1
vertex -8.415745735168457 -21.01218605041504 1
vertex -8.415745735168457 -21.93777084350586 1
endloop
endfacet
facet normal 0 0 -1
outer loop
vertex -8.449999809265137 -20.839977264404297 1
vertex -8.949999809265137 -24.99997901916504 1
vertex -8.25 -17.99997901916504 1
endloop
endfacet
facet normal 1 0 0
outer loop
vertex -23.75 -24.99997901916504 0
vertex -23.75 -17.99997901916504 0
vertex -23.75 -17.99997901916504 1
endloop
endfacet
facet normal -1 0 0
outer loop
vertex -8.25 -21.203744888305664 1
vertex -8.25 -21.203744888305664 0
vertex -8.25 -21.746212005615234 1
endloop
endfacet
facet normal 0 -1 0
outer loop
vertex -23.75 -17.99997901916504 1
vertex -23.75 -17.99997901916504 0
vertex -23.049999237060547 -17.99997901916504 0
endloop
endfacet
facet normal -1 0 0
outer loop
vertex -8.25 -21.203744888305664 0
vertex -8.25 -21.746212005615234 0
vertex -8.25 -21.746212005615234 1
endloop
endfacet
facet normal 0 0 -1
outer loop
vertex -23.049999237060547 -17.99997901916504 1
vertex -23.75 -24.99997901916504 1
vertex -23.75 -17.99997901916504 1
endloop
endfacet
facet normal -1 0 0
outer loop
vertex -8.25 -17.99997901916504 0
vertex -8.25 -20.476211547851562 0
vertex -8.25 -20.476211547851562 1
endloop
endfacet
facet normal 0 -1 0
outer loop
vertex -8.25 -17.99997901916504 0
vertex -8.25 -17.99997901916504 1
vertex -8.949999809265137 -17.99997901916504 0
endloop
endfacet
facet normal 0 1 0
outer loop
vertex -23.049999237060547 -24.99997901916504 0
vertex -23.75 -24.99997901916504 0
vertex -23.049999237060547 -24.99997901916504 1
endloop
endfacet
facet normal 0 1 0
outer loop
vertex -23.049999237060547 -24.99997901916504 1
vertex -23.75 -24.99997901916504 0
vertex -23.75 -24.99997901916504 1
endloop
endfacet
facet normal 1 0 0
outer loop
vertex -23.75 -24.99997901916504 1
vertex -23.75 -24.99997901916504 0
vertex -23.75 -17.99997901916504 1
endloop
endfacet
facet normal 0 0 -1
outer loop
vertex -23.049999237060547 -24.99997901916504 1
vertex -23.75 -24.99997901916504 1
vertex -23.049999237060547 -17.99997901916504 1
endloop
endfacet
facet normal 0 0 -1
outer loop
vertex -8.25 -21.203744888305664 1
vertex -8.318198204040527 -21.791780471801758 1
vertex -8.318198204040527 -21.15817642211914 1
endloop
endfacet
facet normal 0 0 -1
outer loop
vertex -8.25 -23.743574142456055 1
vertex -8.25 -24.286380767822266 1
vertex -8.317944526672363 -24.33177947998047 1
endloop
endfacet
facet normal 0 0 -1
outer loop
vertex -8.415492057800293 -23.55218505859375 1
vertex -8.949999809265137 -24.99997901916504 1
vertex -8.449746131896973 -23.37997817993164 1
endloop
endfacet
facet normal 0 0 -1
outer loop
vertex -8.317944526672363 -23.69817543029785 1
vertex -8.949999809265137 -24.99997901916504 1
vertex -8.415492057800293 -23.55218505859375 1
endloop
endfacet
facet normal 0 0 -1
outer loop
vertex -8.25 -23.743574142456055 1
vertex -8.317944526672363 -24.33177947998047 1
vertex -8.317944526672363 -23.69817543029785 1
endloop
endfacet
facet normal 0 0 -1
outer loop
vertex -8.415492057800293 -24.47776985168457 1
vertex -8.949999809265137 -24.99997901916504 1
vertex -8.317944526672363 -23.69817543029785 1
endloop
endfacet
facet normal 0 0 -1
outer loop
vertex -8.449746131896973 -23.37997817993164 1
vertex -8.949999809265137 -24.99997901916504 1
vertex -8.415745735168457 -22.28218650817871 1
endloop
endfacet
facet normal 0 0 -1
outer loop
vertex -8.449746131896973 -24.649978637695312 1
vertex -8.949999809265137 -24.99997901916504 1
vertex -8.415492057800293 -24.47776985168457 1
endloop
endfacet
facet normal -1 0 0
outer loop
vertex -8.25 -17.99997901916504 1
vertex -8.25 -17.99997901916504 0
vertex -8.25 -20.476211547851562 1
endloop
endfacet
facet normal 0 1 0
outer loop
vertex -8.270349502563477 -24.99997901916504 1
vertex -8.270349502563477 -24.99997901916504 0
vertex -8.949999809265137 -24.99997901916504 1
endloop
endfacet
facet normal -1 0 0
outer loop
vertex -8.25 -23.743574142456055 1
vertex -8.25 -23.743574142456055 0
vertex -8.25 -24.286380767822266 1
endloop
endfacet
facet normal 0 0 -1
outer loop
vertex -8.318198204040527 -20.521780014038086 1
vertex -8.25 -17.99997901916504 1
vertex -8.25 -20.476211547851562 1
endloop
endfacet
facet normal 0 0 -1
outer loop
vertex -8.25 -22.473745346069336 1
vertex -8.317944526672363 -23.06178092956543 1
vertex -8.318198204040527 -22.428176879882812 1
endloop
endfacet
facet normal 0 0 -1
outer loop
vertex -8.318198204040527 -22.428176879882812 1
vertex -8.415492057800293 -23.20777130126953 1
vertex -8.415745735168457 -22.28218650817871 1
endloop
endfacet
facet normal 0 0 -1
outer loop
vertex -8.415492057800293 -24.822185516357422 1
vertex -8.949999809265137 -24.99997901916504 1
vertex -8.449746131896973 -24.649978637695312 1
endloop
endfacet
facet normal 0 0 -1
outer loop
vertex -8.317944526672363 -24.968175888061523 1
vertex -8.949999809265137 -24.99997901916504 1
vertex -8.415492057800293 -24.822185516357422 1
endloop
endfacet
facet normal 0 0 -1
outer loop
vertex -8.25 -22.473745346069336 1
vertex -8.25 -23.016382217407227 1
vertex -8.317944526672363 -23.06178092956543 1
endloop
endfacet
facet normal 0 0 -1
outer loop
vertex -8.415492057800293 -23.20777130126953 1
vertex -8.318198204040527 -22.428176879882812 1
vertex -8.317944526672363 -23.06178092956543 1
endloop
endfacet
facet normal 0 0 -1
outer loop
vertex -8.449746131896973 -23.37997817993164 1
vertex -8.415745735168457 -22.28218650817871 1
vertex -8.415492057800293 -23.20777130126953 1
endloop
endfacet
facet normal 0 0 -1
outer loop
vertex -8.449999809265137 -22.10997772216797 1
vertex -8.949999809265137 -24.99997901916504 1
vertex -8.449999809265137 -20.839977264404297 1
endloop
endfacet
facet normal 0 0 -1
outer loop
vertex -8.415745735168457 -22.28218650817871 1
vertex -8.949999809265137 -24.99997901916504 1
vertex -8.449999809265137 -22.10997772216797 1
endloop
endfacet
facet normal 0 0 -1
outer loop
vertex -8.415492057800293 -24.47776985168457 1
vertex -8.317944526672363 -23.69817543029785 1
vertex -8.317944526672363 -24.33177947998047 1
endloop
endfacet
facet normal 0 1 0
outer loop
vertex 24.950000762939453 -16.99997901916504 1
vertex 24.25 -16.99997901916504 0
vertex 24.25 -16.99997901916504 1
endloop
endfacet
facet normal 1 0 0
outer loop
vertex 24.25 -16.99997901916504 1
vertex 24.25 -16.99997901916504 0
vertex 24.25 -9.999978065490723 1
endloop
endfacet
facet normal 0 0 -1
outer loop
vertex 24.950000762939453 -16.99997901916504 1
vertex 24.25 -16.99997901916504 1
vertex 24.950000762939453 -9.999978065490723 1
endloop
endfacet
facet normal 0 -1 0
outer loop
vertex 24.25 -9.999978065490723 1
vertex 24.25 -9.999978065490723 0
vertex 24.950000762939453 -9.999978065490723 0
endloop
endfacet
facet normal 0 0 -1
outer loop
vertex 24.950000762939453 -9.999978065490723 1
vertex 24.25 -16.99997901916504 1
vertex 24.25 -9.999978065490723 1
endloop
endfacet
facet normal 0 -1 0
outer loop
vertex 24.25 -9.999978065490723 1
vertex 24.950000762939453 -9.999978065490723 0
vertex 24.950000762939453 -9.999978065490723 1
endloop
endfacet
facet normal 0 1 0
outer loop
vertex 39.75 -16.99997901916504 0
vertex 39.04999923706055 -16.99997901916504 0
vertex 39.75 -16.99997901916504 1
endloop
endfacet
facet normal 1 0 0
outer loop
vertex 24.25 -16.99997901916504 0
vertex 24.25 -9.999978065490723 0
vertex 24.25 -9.999978065490723 1
endloop
endfacet
facet normal 0 1 0
outer loop
vertex 24.950000762939453 -16.99997901916504 0
vertex 24.25 -16.99997901916504 0
vertex 24.950000762939453 -16.99997901916504 1
endloop
endfacet
facet normal 0 1 0
outer loop
vertex 39.75 -16.99997901916504 1
vertex 39.04999923706055 -16.99997901916504 0
vertex 39.04999923706055 -16.99997901916504 1
endloop
endfacet
facet normal 0 0 -1
outer loop
vertex 39.75 -16.99997901916504 1
vertex 39.04999923706055 -16.99997901916504 1
vertex 39.75 -9.999978065490723 1
endloop
endfacet
facet normal 0 -1 0
outer loop
vertex 39.04999923706055 -9.999978065490723 0
vertex 39.75 -9.999978065490723 0
vertex 39.75 -9.999978065490723 1
endloop
endfacet
facet normal -1 0 0
outer loop
vertex 39.75 -9.999978065490723 1
vertex 39.75 -9.999978065490723 0
vertex 39.75 -16.99997901916504 1
endloop
endfacet
facet normal 0 0 -1
outer loop
vertex 39.75 -9.999978065490723 1
vertex 39.04999923706055 -16.99997901916504 1
vertex 39.04999923706055 -9.999978065490723 1
endloop
endfacet
facet normal 0 -1 0
outer loop
vertex 39.04999923706055 -9.999978065490723 1
vertex 39.04999923706055 -9.999978065490723 0
vertex 39.75 -9.999978065490723 1
endloop
endfacet
facet normal -1 0 0
outer loop
vertex 39.75 -16.99997901916504 0
vertex 39.75 -16.99997901916504 1
vertex 39.75 -9.999978065490723 0
endloop
endfacet
facet normal 0 0 -1
outer loop
vertex -24.25 -16.99997901916504 1
vertex -24.950000762939453 -16.99997901916504 1
vertex -24.25 -9.999978065490723 1
endloop
endfacet
facet normal 0 -1 0
outer loop
vertex -24.950000762939453 -9.999978065490723 1
vertex -24.950000762939453 -9.999978065490723 0
vertex -24.25 -9.999978065490723 0
endloop
endfacet
facet normal 0 1 0
outer loop
vertex -39.04999923706055 -16.99997901916504 0
vertex -39.75 -16.99997901916504 0
vertex -39.04999923706055 -16.99997901916504 1
endloop
endfacet
facet normal 0 0 -1
outer loop
vertex -24.25 -9.999978065490723 1
vertex -24.950000762939453 -16.99997901916504 1
vertex -24.950000762939453 -9.999978065490723 1
endloop
endfacet
facet normal 0 1 0
outer loop
vertex -39.04999923706055 -16.99997901916504 1
vertex -39.75 -16.99997901916504 0
vertex -39.75 -16.99997901916504 1
endloop
endfacet
facet normal -1 0 0
outer loop
vertex -24.25 -9.999978065490723 0
vertex -24.25 -16.99997901916504 1
vertex -24.25 -9.999978065490723 1
endloop
endfacet
facet normal 1 0 0
outer loop
vertex -39.75 -16.99997901916504 1
vertex -39.75 -16.99997901916504 0
vertex -39.75 -9.999978065490723 1
endloop
endfacet
facet normal 0 0 -1
outer loop
vertex -39.04999923706055 -16.99997901916504 1
vertex -39.75 -16.99997901916504 1
vertex -39.04999923706055 -9.999978065490723 1
endloop
endfacet
facet normal 0 0 -1
outer loop
vertex -39.04999923706055 -9.999978065490723 1
vertex -39.75 -16.99997901916504 1
vertex -39.75 -9.999978065490723 1
endloop
endfacet
facet normal 0 -1 0
outer loop
vertex -39.75 -9.999978065490723 1
vertex -39.04999923706055 -9.999978065490723 0
vertex -39.04999923706055 -9.999978065490723 1
endloop
endfacet
facet normal 0 -1 0
outer loop
vertex -39.75 -9.999978065490723 1
vertex -39.75 -9.999978065490723 0
vertex -39.04999923706055 -9.999978065490723 0
endloop
endfacet
facet normal 1 0 0
outer loop
vertex -39.75 -16.99997901916504 0
vertex -39.75 -9.999978065490723 0
vertex -39.75 -9.999978065490723 1
endloop
endfacet
facet normal 0 -1 0
outer loop
vertex -24.950000762939453 -9.999978065490723 1
vertex -24.25 -9.999978065490723 0
vertex -24.25 -9.999978065490723 1
endloop
endfacet
facet normal 0 1 0
outer loop
vertex -24.25 -16.99997901916504 0
vertex -24.950000762939453 -16.99997901916504 0
vertex -24.25 -16.99997901916504 1
endloop
endfacet
facet normal -1 0 0
outer loop
vertex -24.25 -16.99997901916504 0
vertex -24.25 -16.99997901916504 1
vertex -24.25 -9.999978065490723 0
endloop
endfacet
facet normal 0 1 0
outer loop
vertex -24.25 -16.99997901916504 1
vertex -24.950000762939453 -16.99997901916504 0
vertex -24.950000762939453 -16.99997901916504 1
endloop
endfacet
facet normal 0 -1 0
outer loop
vertex 23.049999237060547 -1.9999781847000122 1
vertex 23.049999237060547 -1.9999781847000122 0
vertex 23.75 -1.9999781847000122 0
endloop
endfacet
facet normal 0 0 -1
outer loop
vertex 8.949999809265137 -1.9999781847000122 1
vertex 8.25 -8.999978065490723 1
vertex 8.25 -1.9999781847000122 1
endloop
endfacet
facet normal -1 0 0
outer loop
vertex 23.75 -8.999978065490723 0
vertex 23.75 -8.999978065490723 1
vertex 23.75 -1.9999781847000122 0
endloop
endfacet
facet normal 0 -1 0
outer loop
vertex 8.25 -1.9999781847000122 1
vertex 8.25 -1.9999781847000122 0
vertex 8.949999809265137 -1.9999781847000122 0
endloop
endfacet
facet normal 0 0 -1
outer loop
vertex 23.75 -8.999978065490723 1
vertex 23.049999237060547 -8.999978065490723 1
vertex 23.75 -1.9999781847000122 1
endloop
endfacet
facet normal -1 0 0
outer loop
vertex 23.75 -1.9999781847000122 0
vertex 23.75 -8.999978065490723 1
vertex 23.75 -1.9999781847000122 1
endloop
endfacet
facet normal 0 1 0
outer loop
vertex 8.949999809265137 -8.999978065490723 0
vertex 8.25 -8.999978065490723 0
vertex 8.25 -8.999978065490723 1
endloop
endfacet
facet normal 0 1 0
outer loop
vertex 23.75 -8.999978065490723 0
vertex 23.049999237060547 -8.999978065490723 0
vertex 23.75 -8.999978065490723 1
endloop
endfacet
facet normal 0 1 0
outer loop
vertex 23.75 -8.999978065490723 1
vertex 23.049999237060547 -8.999978065490723 0
vertex 23.049999237060547 -8.999978065490723 1
endloop
endfacet
facet normal 0 0 -1
outer loop
vertex 23.75 -1.9999781847000122 1
vertex 23.049999237060547 -8.999978065490723 1
vertex 23.049999237060547 -1.9999781847000122 1
endloop
endfacet
facet normal 1 0 0
outer loop
vertex 8.25 -8.999978065490723 0
vertex 8.25 -1.9999781847000122 0
vertex 8.25 -1.9999781847000122 1
endloop
endfacet
facet normal 0 -1 0
outer loop
vertex 23.049999237060547 -1.9999781847000122 1
vertex 23.75 -1.9999781847000122 0
vertex 23.75 -1.9999781847000122 1
endloop
endfacet
facet normal 0 1 0
outer loop
vertex 8.949999809265137 -8.999978065490723 1
vertex 8.949999809265137 -8.999978065490723 0
vertex 8.25 -8.999978065490723 1
endloop
endfacet
facet normal 1 0 0
outer loop
vertex 8.25 -8.999978065490723 1
vertex 8.25 -8.999978065490723 0
vertex 8.25 -1.9999781847000122 1
endloop
endfacet
facet normal 0 -1 0
outer loop
vertex 8.25 -1.9999781847000122 1
vertex 8.949999809265137 -1.9999781847000122 0
vertex 8.949999809265137 -1.9999781847000122 1
endloop
endfacet
facet normal 0 0 -1
outer loop
vertex 8.949999809265137 -8.999978065490723 1
vertex 8.25 -8.999978065490723 1
vertex 8.949999809265137 -1.9999781847000122 1
endloop
endfacet
facet normal 1 0 0
outer loop
vertex -7.75 -8.999978065490723 1
vertex -7.75 -8.999978065490723 0
vertex -7.75 -1.9999781847000122 1
endloop
endfacet
facet normal 0 0 -1
outer loop
vertex 7.75 -1.9999781847000122 1
vertex 7.050000190734863 -8.999978065490723 1
vertex 7.050000190734863 -1.9999781847000122 1
endloop
endfacet
facet normal -1 0 0
outer loop
vertex 7.75 -1.9999781847000122 1
vertex 7.75 -1.9999781847000122 0
vertex 7.75 -8.999978065490723 1
endloop
endfacet
facet normal 0 -1 0
outer loop
vertex 7.050000190734863 -1.9999781847000122 1
vertex 7.050000190734863 -1.9999781847000122 0
vertex 7.75 -1.9999781847000122 1
endloop
endfacet
facet normal 0 0 -1
outer loop
vertex 7.75 -8.999978065490723 1
vertex 7.050000190734863 -8.999978065490723 1
vertex 7.75 -1.9999781847000122 1
endloop
endfacet
facet normal 0 1 0
outer loop
vertex 7.75 -8.999978065490723 1
vertex 7.050000190734863 -8.999978065490723 0
vertex 7.050000190734863 -8.999978065490723 1
endloop
endfacet
facet normal 0 0 -1
outer loop
vertex -7.050000190734863 -1.9999781847000122 1
vertex -7.75 -8.999978065490723 1
vertex -7.75 -1.9999781847000122 1
endloop
endfacet
facet normal 0 -1 0
outer loop
vertex -7.75 -1.9999781847000122 1
vertex -7.050000190734863 -1.9999781847000122 0
vertex -7.050000190734863 -1.9999781847000122 1
endloop
endfacet
facet normal 0 -1 0
outer loop
vertex -7.75 -1.9999781847000122 1
vertex -7.75 -1.9999781847000122 0
vertex -7.050000190734863 -1.9999781847000122 0
endloop
endfacet
facet normal -1 0 0
outer loop
vertex 7.75 -1.9999781847000122 0
vertex 7.75 -8.999978065490723 0
vertex 7.75 -8.999978065490723 1
endloop
endfacet
facet normal 0 -1 0
outer loop
vertex 7.75 -1.9999781847000122 0
vertex 7.75 -1.9999781847000122 1
vertex 7.050000190734863 -1.9999781847000122 0
endloop
endfacet
facet normal 1 0 0
outer loop
vertex -7.75 -8.999978065490723 0
vertex -7.75 -1.9999781847000122 0
vertex -7.75 -1.9999781847000122 1
endloop
endfacet
facet normal 0 1 0
outer loop
vertex -7.050000190734863 -8.999978065490723 0
vertex -7.75 -8.999978065490723 0
vertex -7.75 -8.999978065490723 1
endloop
endfacet
facet normal 0 1 0
outer loop
vertex 7.75 -8.999978065490723 0
vertex 7.050000190734863 -8.999978065490723 0
vertex 7.75 -8.999978065490723 1
endloop
endfacet
facet normal 0 0 -1
outer loop
vertex -7.050000190734863 -8.999978065490723 1
vertex -7.75 -8.999978065490723 1
vertex -7.050000190734863 -1.9999781847000122 1
endloop
endfacet
facet normal 0 1 0
outer loop
vertex -7.050000190734863 -8.999978065490723 1
vertex -7.050000190734863 -8.999978065490723 0
vertex -7.75 -8.999978065490723 1
endloop
endfacet
facet normal 0 0 -1
outer loop
vertex -8.25 -1.9999781847000122 1
vertex -8.949999809265137 -8.999978065490723 1
vertex -8.949999809265137 -1.9999781847000122 1
endloop
endfacet
facet normal 0 1 0
outer loop
vertex -8.25 -8.999978065490723 0
vertex -8.949999809265137 -8.999978065490723 0
vertex -8.25 -8.999978065490723 1
endloop
endfacet
facet normal 0 1 0
outer loop
vertex -23.049999237060547 -8.999978065490723 0
vertex -23.75 -8.999978065490723 0
vertex -23.049999237060547 -8.999978065490723 1
endloop
endfacet
facet normal 0 -1 0
outer loop
vertex -8.25 -1.9999781847000122 0
vertex -8.25 -1.9999781847000122 1
vertex -8.949999809265137 -1.9999781847000122 0
endloop
endfacet
facet normal 0 -1 0
outer loop
vertex -8.949999809265137 -1.9999781847000122 1
vertex -8.949999809265137 -1.9999781847000122 0
vertex -8.25 -1.9999781847000122 1
endloop
endfacet
facet normal 0 0 -1
outer loop
vertex -8.25 -8.999978065490723 1
vertex -8.949999809265137 -8.999978065490723 1
vertex -8.25 -1.9999781847000122 1
endloop
endfacet
facet normal 1 0 0
outer loop
vertex -23.75 -8.999978065490723 0
vertex -23.75 -1.9999781847000122 0
vertex -23.75 -1.9999781847000122 1
endloop
endfacet
facet normal 0 -1 0
outer loop
vertex -23.75 -1.9999781847000122 1
vertex -23.75 -1.9999781847000122 0
vertex -23.049999237060547 -1.9999781847000122 0
endloop
endfacet
facet normal -1 0 0
outer loop
vertex -8.25 -1.9999781847000122 0
vertex -8.25 -8.999978065490723 0
vertex -8.25 -8.999978065490723 1
endloop
endfacet
facet normal 0 -1 0
outer loop
vertex -23.75 -1.9999781847000122 1
vertex -23.049999237060547 -1.9999781847000122 0
vertex -23.049999237060547 -1.9999781847000122 1
endloop
endfacet
facet normal 0 0 -1
outer loop
vertex -23.049999237060547 -8.999978065490723 1
vertex -23.75 -8.999978065490723 1
vertex -23.049999237060547 -1.9999781847000122 1
endloop
endfacet
facet normal 0 1 0
outer loop
vertex -8.25 -8.999978065490723 1
vertex -8.949999809265137 -8.999978065490723 0
vertex -8.949999809265137 -8.999978065490723 1
endloop
endfacet
facet normal 0 0 -1
outer loop
vertex -23.049999237060547 -1.9999781847000122 1
vertex -23.75 -8.999978065490723 1
vertex -23.75 -1.9999781847000122 1
endloop
endfacet
facet normal 1 0 0
outer loop
vertex -23.75 -8.999978065490723 1
vertex -23.75 -8.999978065490723 0
vertex -23.75 -1.9999781847000122 1
endloop
endfacet
facet normal 0 1 0
outer loop
vertex -23.049999237060547 -8.999978065490723 1
vertex -23.75 -8.999978065490723 0
vertex -23.75 -8.999978065490723 1
endloop
endfacet
facet normal -1 0 0
outer loop
vertex -8.25 -1.9999781847000122 1
vertex -8.25 -1.9999781847000122 0
vertex -8.25 -8.999978065490723 1
endloop
endfacet
facet normal 0 -1 0
outer loop
vertex 39.04999923706055 6.000021934509277 0
vertex 39.75 6.000021934509277 0
vertex 39.75 6.000021934509277 1
endloop
endfacet
facet normal 0 0 -1
outer loop
vertex 39.75 -0.9999781847000122 1
vertex 39.04999923706055 -0.9999781847000122 1
vertex 39.75 6.000021934509277 1
endloop
endfacet
facet normal 0 1 0
outer loop
vertex 24.950000762939453 -0.9999781847000122 0
vertex 24.25 -0.9999781847000122 0
vertex 24.950000762939453 -0.9999781847000122 1
endloop
endfacet
facet normal 0 1 0
outer loop
vertex 39.75 -0.9999781847000122 1
vertex 39.04999923706055 -0.9999781847000122 0
vertex 39.04999923706055 -0.9999781847000122 1
endloop
endfacet
facet normal 0 0 -1
outer loop
vertex 24.950000762939453 -0.9999781847000122 1
vertex 24.25 -0.9999781847000122 1
vertex 24.950000762939453 6.000021934509277 1
endloop
endfacet
facet normal 1 0 0
outer loop
vertex 24.25 -0.9999781847000122 0
vertex 24.25 6.000021934509277 0
vertex 24.25 6.000021934509277 1
endloop
endfacet
facet normal 0 -1 0
outer loop
vertex 24.25 6.000021934509277 1
vertex 24.25 6.000021934509277 0
vertex 24.950000762939453 6.000021934509277 0
endloop
endfacet
facet normal 0 0 -1
outer loop
vertex 24.950000762939453 6.000021934509277 1
vertex 24.25 -0.9999781847000122 1
vertex 24.25 6.000021934509277 1
endloop
endfacet
facet normal 0 0 -1
outer loop
vertex 39.75 6.000021934509277 1
vertex 39.04999923706055 -0.9999781847000122 1
vertex 39.04999923706055 6.000021934509277 1
endloop
endfacet
facet normal 0 -1 0
outer loop
vertex 24.25 6.000021934509277 1
vertex 24.950000762939453 6.000021934509277 0
vertex 24.950000762939453 6.000021934509277 1
endloop
endfacet
facet normal -1 0 0
outer loop
vertex 39.75 -0.9999781847000122 0
vertex 39.75 -0.9999781847000122 1
vertex 39.75 6.000021934509277 0
endloop
endfacet
facet normal 0 1 0
outer loop
vertex 24.950000762939453 -0.9999781847000122 1
vertex 24.25 -0.9999781847000122 0
vertex 24.25 -0.9999781847000122 1
endloop
endfacet
facet normal -1 0 0
outer loop
vertex 39.75 6.000021934509277 0
vertex 39.75 -0.9999781847000122 1
vertex 39.75 6.000021934509277 1
endloop
endfacet
facet normal 0 1 0
outer loop
vertex 39.75 -0.9999781847000122 0
vertex 39.04999923706055 -0.9999781847000122 0
vertex 39.75 -0.9999781847000122 1
endloop
endfacet
facet normal 0 -1 0
outer loop
vertex 39.04999923706055 6.000021934509277 1
vertex 39.04999923706055 6.000021934509277 0
vertex 39.75 6.000021934509277 1
endloop
endfacet
facet normal 1 0 0
outer loop
vertex 24.25 -0.9999781847000122 1
vertex 24.25 -0.9999781847000122 0
vertex 24.25 6.000021934509277 1
endloop
endfacet
facet normal 1 0 0
outer loop
vertex -39.75 -0.9999781847000122 0
vertex -39.75 6.000021934509277 0
vertex -39.75 6.000021934509277 1
endloop
endfacet
facet normal 0 -1 0
outer loop
vertex -24.950000762939453 6.000021934509277 1
vertex -24.25 6.000021934509277 0
vertex -24.25 6.000021934509277 1
endloop
endfacet
facet normal 0 1 0
outer loop
vertex -24.25 -0.9999781847000122 1
vertex -24.950000762939453 -0.9999781847000122 0
vertex -24.950000762939453 -0.9999781847000122 1
endloop
endfacet
facet normal 0 -1 0
outer loop
vertex -39.75 6.000021934509277 1
vertex -39.75 6.000021934509277 0
vertex -39.04999923706055 6.000021934509277 0
endloop
endfacet
facet normal 0 0 -1
outer loop
vertex -24.25 6.000021934509277 1
vertex -24.950000762939453 -0.9999781847000122 1
vertex -24.950000762939453 6.000021934509277 1
endloop
endfacet
facet normal 0 1 0
outer loop
vertex -24.25 -0.9999781847000122 0
vertex -24.950000762939453 -0.9999781847000122 0
vertex -24.25 -0.9999781847000122 1
endloop
endfacet
facet normal 0 -1 0
outer loop
vertex -39.75 6.000021934509277 1
vertex -39.04999923706055 6.000021934509277 0
vertex -39.04999923706055 6.000021934509277 1
endloop
endfacet
facet normal 0 1 0
outer loop
vertex -39.04999923706055 -0.9999781847000122 0
vertex -39.75 -0.9999781847000122 0
vertex -39.75 -0.9999781847000122 1
endloop
endfacet
facet normal -1 0 0
outer loop
vertex -24.25 6.000021934509277 0
vertex -24.25 -0.9999781847000122 1
vertex -24.25 6.000021934509277 1
endloop
endfacet
facet normal 0 0 -1
outer loop
vertex -24.25 -0.9999781847000122 1
vertex -24.950000762939453 -0.9999781847000122 1
vertex -24.25 6.000021934509277 1
endloop
endfacet
facet normal 0 1 0
outer loop
vertex -39.04999923706055 -0.9999781847000122 1
vertex -39.04999923706055 -0.9999781847000122 0
vertex -39.75 -0.9999781847000122 1
endloop
endfacet
facet normal 0 0 -1
outer loop
vertex -39.04999923706055 6.000021934509277 1
vertex -39.75 -0.9999781847000122 1
vertex -39.75 6.000021934509277 1
endloop
endfacet
facet normal 0 -1 0
outer loop
vertex -24.950000762939453 6.000021934509277 1
vertex -24.950000762939453 6.000021934509277 0
vertex -24.25 6.000021934509277 0
endloop
endfacet
facet normal 1 0 0
outer loop
vertex -39.75 -0.9999781847000122 1
vertex -39.75 -0.9999781847000122 0
vertex -39.75 6.000021934509277 1
endloop
endfacet
facet normal 0 0 -1
outer loop
vertex -39.04999923706055 -0.9999781847000122 1
vertex -39.75 -0.9999781847000122 1
vertex -39.04999923706055 6.000021934509277 1
endloop
endfacet
facet normal -1 0 0
outer loop
vertex -24.25 -0.9999781847000122 0
vertex -24.25 -0.9999781847000122 1
vertex -24.25 6.000021934509277 0
endloop
endfacet
facet normal 0 0 -1
outer loop
vertex 23.75 7.000021934509277 1
vertex 23.049999237060547 7.000021934509277 1
vertex 23.75 14.000021934509277 1
endloop
endfacet
facet normal 0 0 -1
outer loop
vertex 8.949999809265137 7.000021934509277 1
vertex 8.25 7.000021934509277 1
vertex 8.949999809265137 14.000021934509277 1
endloop
endfacet
facet normal 0 1 0
outer loop
vertex 23.75 7.000021934509277 1
vertex 23.049999237060547 7.000021934509277 0
vertex 23.049999237060547 7.000021934509277 1
endloop
endfacet
facet normal 0 -1 0
outer loop
vertex 23.049999237060547 14.000021934509277 1
vertex 23.049999237060547 14.000021934509277 0
vertex 23.75 14.000021934509277 0
endloop
endfacet
facet normal 0 0 -1
outer loop
vertex 8.949999809265137 14.000021934509277 1
vertex 8.25 7.000021934509277 1
vertex 8.25 14.000021934509277 1
endloop
endfacet
facet normal -1 0 0
outer loop
vertex 23.75 14.000021934509277 0
vertex 23.75 7.000021934509277 0
vertex 23.75 7.000021934509277 1
endloop
endfacet
facet normal 1 0 0
outer loop
vertex 8.25 7.000021934509277 1
vertex 8.25 7.000021934509277 0
vertex 8.25 14.000021934509277 1
endloop
endfacet
facet normal 0 1 0
outer loop
vertex 8.949999809265137 7.000021934509277 1
vertex 8.949999809265137 7.000021934509277 0
vertex 8.25 7.000021934509277 1
endloop
endfacet
facet normal -1 0 0
outer loop
vertex 23.75 14.000021934509277 0
vertex 23.75 7.000021934509277 1
vertex 23.75 14.000021934509277 1
endloop
endfacet
facet normal 0 1 0
outer loop
vertex 23.75 7.000021934509277 0
vertex 23.049999237060547 7.000021934509277 0
vertex 23.75 7.000021934509277 1
endloop
endfacet
facet normal 0 -1 0
outer loop
vertex 8.25 14.000021934509277 1
vertex 8.25 14.000021934509277 0
vertex 8.949999809265137 14.000021934509277 0
endloop
endfacet
facet normal 0 -1 0
outer loop
vertex 8.25 14.000021934509277 1
vertex 8.949999809265137 14.000021934509277 0
vertex 8.949999809265137 14.000021934509277 1
endloop
endfacet
facet normal 0 0 -1
outer loop
vertex 23.75 14.000021934509277 1
vertex 23.049999237060547 7.000021934509277 1
vertex 23.049999237060547 14.000021934509277 1
endloop
endfacet
facet normal 0 -1 0
outer loop
vertex 23.049999237060547 14.000021934509277 1
vertex 23.75 14.000021934509277 0
vertex 23.75 14.000021934509277 1
endloop
endfacet
facet normal 1 0 0
outer loop
vertex 8.25 7.000021934509277 0
vertex 8.25 14.000021934509277 0
vertex 8.25 14.000021934509277 1
endloop
endfacet
facet normal 0 1 0
outer loop
vertex 8.949999809265137 7.000021934509277 0
vertex 8.25 7.000021934509277 0
vertex 8.25 7.000021934509277 1
endloop
endfacet
facet normal 0 -1 0
outer loop
vertex -7.75 14.000021934509277 1
vertex -7.75 14.000021934509277 0
vertex -7.050000190734863 14.000021934509277 0
endloop
endfacet
facet normal 1 0 0
outer loop
vertex -7.75 7.000021934509277 1
vertex -7.75 7.000021934509277 0
vertex -7.75 14.000021934509277 1
endloop
endfacet
facet normal 0 -1 0
outer loop
vertex 7.050000190734863 14.000021934509277 1
vertex 7.050000190734863 14.000021934509277 0
vertex 7.75 14.000021934509277 1
endloop
endfacet
facet normal 0 0 -1
outer loop
vertex -7.050000190734863 14.000021934509277 1
vertex -7.75 7.000021934509277 1
vertex -7.75 14.000021934509277 1
endloop
endfacet
facet normal 0 0 -1
outer loop
vertex 7.75 14.000021934509277 1
vertex 7.050000190734863 7.000021934509277 1
vertex 7.050000190734863 14.000021934509277 1
endloop
endfacet
facet normal -1 0 0
outer loop
vertex 7.75 14.000021934509277 1
vertex 7.75 14.000021934509277 0
vertex 7.75 7.000021934509277 1
endloop
endfacet
facet normal 0 0 -1
outer loop
vertex 7.75 7.000021934509277 1
vertex 7.050000190734863 7.000021934509277 1
vertex 7.75 14.000021934509277 1
endloop
endfacet
facet normal 0 1 0
outer loop
vertex 7.75 7.000021934509277 1
vertex 7.050000190734863 7.000021934509277 0
vertex 7.050000190734863 7.000021934509277 1
endloop
endfacet
facet normal 0 -1 0
outer loop
vertex -7.75 14.000021934509277 1
vertex -7.050000190734863 14.000021934509277 0
vertex -7.050000190734863 14.000021934509277 1
endloop
endfacet
facet normal 0 1 0
outer loop
vertex -7.050000190734863 7.000021934509277 1
vertex -7.050000190734863 7.000021934509277 0
vertex -7.75 7.000021934509277 1
endloop
endfacet
facet normal 0 1 0
outer loop
vertex -7.050000190734863 7.000021934509277 0
vertex -7.75 7.000021934509277 0
vertex -7.75 7.000021934509277 1
endloop
endfacet
facet normal 1 0 0
outer loop
vertex -7.75 7.000021934509277 0
vertex -7.75 14.000021934509277 0
vertex -7.75 14.000021934509277 1
endloop
endfacet
facet normal 0 1 0
outer loop
vertex 7.75 7.000021934509277 0
vertex 7.050000190734863 7.000021934509277 0
vertex 7.75 7.000021934509277 1
endloop
endfacet
facet normal -1 0 0
outer loop
vertex 7.75 14.000021934509277 0
vertex 7.75 7.000021934509277 0
vertex 7.75 7.000021934509277 1
endloop
endfacet
facet normal 0 -1 0
outer loop
vertex 7.75 14.000021934509277 0
vertex 7.75 14.000021934509277 1
vertex 7.050000190734863 14.000021934509277 0
endloop
endfacet
facet normal 0 0 -1
outer loop
vertex -7.050000190734863 7.000021934509277 1
vertex -7.75 7.000021934509277 1
vertex -7.050000190734863 14.000021934509277 1
endloop
endfacet
facet normal 0 0 -1
outer loop
vertex -23.049999237060547 14.000021934509277 1
vertex -23.75 7.000021934509277 1
vertex -23.75 14.000021934509277 1
endloop
endfacet
facet normal 0 -1 0
outer loop
vertex -23.75 14.000021934509277 1
vertex -23.049999237060547 14.000021934509277 0
vertex -23.049999237060547 14.000021934509277 1
endloop
endfacet
facet normal 0 -1 0
outer loop
vertex -23.75 14.000021934509277 1
vertex -23.75 14.000021934509277 0
vertex -23.049999237060547 14.000021934509277 0
endloop
endfacet
facet normal 0 1 0
outer loop
vertex -8.25 7.000021934509277 1
vertex -8.949999809265137 7.000021934509277 0
vertex -8.949999809265137 7.000021934509277 1
endloop
endfacet
facet normal 0 -1 0
outer loop
vertex -8.25 14.000021934509277 0
vertex -8.25 14.000021934509277 1
vertex -8.949999809265137 14.000021934509277 0
endloop
endfacet
facet normal 0 1 0
outer loop
vertex -23.049999237060547 7.000021934509277 0
vertex -23.75 7.000021934509277 0
vertex -23.049999237060547 7.000021934509277 1
endloop
endfacet
facet normal 0 1 0
outer loop
vertex -23.049999237060547 7.000021934509277 1
vertex -23.75 7.000021934509277 0
vertex -23.75 7.000021934509277 1
endloop
endfacet
facet normal -1 0 0
outer loop
vertex -8.25 14.000021934509277 0
vertex -8.25 7.000021934509277 0
vertex -8.25 7.000021934509277 1
endloop
endfacet
facet normal 0 -1 0
outer loop
vertex -8.949999809265137 14.000021934509277 1
vertex -8.949999809265137 14.000021934509277 0
vertex -8.25 14.000021934509277 1
endloop
endfacet
facet normal 0 0 -1
outer loop
vertex -23.049999237060547 7.000021934509277 1
vertex -23.75 7.000021934509277 1
vertex -23.049999237060547 14.000021934509277 1
endloop
endfacet
facet normal -1 0 0
outer loop
vertex -8.25 14.000021934509277 1
vertex -8.25 14.000021934509277 0
vertex -8.25 7.000021934509277 1
endloop
endfacet
facet normal 0 0 -1
outer loop
vertex -8.25 7.000021934509277 1
vertex -8.949999809265137 7.000021934509277 1
vertex -8.25 14.000021934509277 1
endloop
endfacet
facet normal 0 0 -1
outer loop
vertex -8.25 14.000021934509277 1
vertex -8.949999809265137 7.000021934509277 1
vertex -8.949999809265137 14.000021934509277 1
endloop
endfacet
facet normal 1 0 0
outer loop
vertex -23.75 7.000021934509277 1
vertex -23.75 7.000021934509277 0
vertex -23.75 14.000021934509277 1
endloop
endfacet
facet normal 0 1 0
outer loop
vertex -8.25 7.000021934509277 0
vertex -8.949999809265137 7.000021934509277 0
vertex -8.25 7.000021934509277 1
endloop
endfacet
facet normal 1 0 0
outer loop
vertex -23.75 7.000021934509277 0
vertex -23.75 14.000021934509277 0
vertex -23.75 14.000021934509277 1
endloop
endfacet
facet normal 0 1 0
outer loop
vertex 24.950000762939453 15.000021934509277 0
vertex 24.25 15.000021934509277 0
vertex 24.950000762939453 15.000021934509277 1
endloop
endfacet
facet normal 1 0 0
outer loop
vertex 24.25 15.000021934509277 0
vertex 24.25 22.00002098083496 0
vertex 24.25 22.00002098083496 1
endloop
endfacet
facet normal 0 0 -1
outer loop
vertex 39.75 15.000021934509277 1
vertex 39.04999923706055 15.000021934509277 1
vertex 39.75 22.00002098083496 1
endloop
endfacet
facet normal 0 1 0
outer loop
vertex 39.75 15.000021934509277 1
vertex 39.04999923706055 15.000021934509277 0
vertex 39.04999923706055 15.000021934509277 1
endloop
endfacet
facet normal 0 -1 0
outer loop
vertex 24.25 22.00002098083496 1
vertex 24.25 22.00002098083496 0
vertex 24.950000762939453 22.00002098083496 0
endloop
endfacet
facet normal 0 -1 0
outer loop
vertex 39.04999923706055 22.00002098083496 0
vertex 39.75 22.00002098083496 0
vertex 39.04999923706055 22.00002098083496 1
endloop
endfacet
facet normal 0 -1 0
outer loop
vertex 24.25 22.00002098083496 1
vertex 24.950000762939453 22.00002098083496 0
vertex 24.950000762939453 22.00002098083496 1
endloop
endfacet
facet normal 0 0 -1
outer loop
vertex 24.950000762939453 22.00002098083496 1
vertex 24.25 15.000021934509277 1
vertex 24.25 22.00002098083496 1
endloop
endfacet
facet normal 0 0 -1
outer loop
vertex 24.950000762939453 15.000021934509277 1
vertex 24.25 15.000021934509277 1
vertex 24.950000762939453 22.00002098083496 1
endloop
endfacet
facet normal 1 0 0
outer loop
vertex 24.25 15.000021934509277 1
vertex 24.25 15.000021934509277 0
vertex 24.25 22.00002098083496 1
endloop
endfacet
facet normal 0 1 0
outer loop
vertex 39.75 15.000021934509277 0
vertex 39.04999923706055 15.000021934509277 0
vertex 39.75 15.000021934509277 1
endloop
endfacet
facet normal 0 0 -1
outer loop
vertex 39.75 22.00002098083496 1
vertex 39.04999923706055 15.000021934509277 1
vertex 39.04999923706055 22.00002098083496 1
endloop
endfacet
facet normal -1 0 0
outer loop
vertex 39.75 22.00002098083496 0
vertex 39.75 15.000021934509277 1
vertex 39.75 22.00002098083496 1
endloop
endfacet
facet normal -1 0 0
outer loop
vertex 39.75 15.000021934509277 0
vertex 39.75 15.000021934509277 1
vertex 39.75 22.00002098083496 0
endloop
endfacet
facet normal 0 1 0
outer loop
vertex 24.950000762939453 15.000021934509277 1
vertex 24.25 15.000021934509277 0
vertex 24.25 15.000021934509277 1
endloop
endfacet
facet normal 0 -1 0
outer loop
vertex 39.04999923706055 22.00002098083496 1
vertex 39.75 22.00002098083496 0
vertex 39.75 22.00002098083496 1
endloop
endfacet
facet normal 0 -1 0
outer loop
vertex 23.049999237060547 30.00002098083496 0
vertex 23.75 30.00002098083496 0
vertex 23.049999237060547 30.00002098083496 1
endloop
endfacet
facet normal 0 1 0
outer loop
vertex 23.75 23.00002098083496 1
vertex 23.049999237060547 23.00002098083496 0
vertex 23.049999237060547 23.00002098083496 1
endloop
endfacet
facet normal 0 0 -1
outer loop
vertex 8.949999809265137 30.00002098083496 1
vertex 8.25 23.00002098083496 1
vertex 8.25 30.00002098083496 1
endloop
endfacet
facet normal 0 0 -1
outer loop
vertex 23.75 23.00002098083496 1
vertex 23.049999237060547 23.00002098083496 1
vertex 23.75 30.00002098083496 1
endloop
endfacet
facet normal -1 0 0
outer loop
vertex 23.75 30.00002098083496 0
vertex 23.75 23.00002098083496 1
vertex 23.75 30.00002098083496 1
endloop
endfacet
facet normal -1 0 0
outer loop
vertex 23.75 30.00002098083496 0
vertex 23.75 23.00002098083496 0
vertex 23.75 23.00002098083496 1
endloop
endfacet
facet normal 0 1 0
outer loop
vertex 23.75 23.00002098083496 0
vertex 23.049999237060547 23.00002098083496 0
vertex 23.75 23.00002098083496 1
endloop
endfacet
facet normal 0 -1 0
outer loop
vertex 8.25 30.00002098083496 1
vertex 8.949999809265137 30.00002098083496 0
vertex 8.949999809265137 30.00002098083496 1
endloop
endfacet
facet normal 0 0 -1
outer loop
vertex 8.949999809265137 23.00002098083496 1
vertex 8.25 23.00002098083496 1
vertex 8.949999809265137 30.00002098083496 1
endloop
endfacet
facet normal 1 0 0
outer loop
vertex 8.25 23.00002098083496 1
vertex 8.25 23.00002098083496 0
vertex 8.25 30.00002098083496 1
endloop
endfacet
facet normal 0 -1 0
outer loop
vertex 23.049999237060547 30.00002098083496 1
vertex 23.75 30.00002098083496 0
vertex 23.75 30.00002098083496 1
endloop
endfacet
facet normal 0 0 -1
outer loop
vertex 23.75 30.00002098083496 1
vertex 23.049999237060547 23.00002098083496 1
vertex 23.049999237060547 30.00002098083496 1
endloop
endfacet
facet normal 0 1 0
outer loop
vertex 8.949999809265137 23.00002098083496 1
vertex 8.949999809265137 23.00002098083496 0
vertex 8.25 23.00002098083496 1
endloop
endfacet
facet normal 0 1 0
outer loop
vertex 8.949999809265137 23.00002098083496 0
vertex 8.25 23.00002098083496 0
vertex 8.25 23.00002098083496 1
endloop
endfacet
facet normal 0 -1 0
outer loop
vertex 8.25 30.00002098083496 1
vertex 8.25 30.00002098083496 0
vertex 8.949999809265137 30.00002098083496 0
endloop
endfacet
facet normal 1 0 0
outer loop
vertex 8.25 23.00002098083496 0
vertex 8.25 30.00002098083496 0
vertex 8.25 30.00002098083496 1
endloop
endfacet
facet normal 0 1 0
outer loop
vertex -7.050000190734863 23.00002098083496 1
vertex -7.050000190734863 23.00002098083496 0
vertex -7.75 23.00002098083496 1
endloop
endfacet
facet normal 1 0 0
outer loop
vertex -7.75 23.00002098083496 1
vertex -7.75 23.00002098083496 0
vertex -7.75 30.00002098083496 1
endloop
endfacet
facet normal 0 -1 0
outer loop
vertex 7.75 30.00002098083496 0
vertex 7.75 30.00002098083496 1
vertex 7.050000190734863 30.00002098083496 0
endloop
endfacet
facet normal 0 1 0
outer loop
vertex -7.050000190734863 23.00002098083496 0
vertex -7.75 23.00002098083496 0
vertex -7.75 23.00002098083496 1
endloop
endfacet
facet normal 1 0 0
outer loop
vertex -7.75 23.00002098083496 0
vertex -7.75 30.00002098083496 0
vertex -7.75 30.00002098083496 1
endloop
endfacet
facet normal 0 -1 0
outer loop
vertex -7.75 30.00002098083496 1
vertex -7.75 30.00002098083496 0
vertex -7.050000190734863 30.00002098083496 0
endloop
endfacet
facet normal 0 1 0
outer loop
vertex 7.75 23.00002098083496 0
vertex 7.050000190734863 23.00002098083496 0
vertex 7.75 23.00002098083496 1
endloop
endfacet
facet normal -1 0 0
outer loop
vertex 7.75 30.00002098083496 1
vertex 7.75 30.00002098083496 0
vertex 7.75 23.00002098083496 1
endloop
endfacet
facet normal 0 -1 0
outer loop
vertex 7.050000190734863 30.00002098083496 1
vertex 7.050000190734863 30.00002098083496 0
vertex 7.75 30.00002098083496 1
endloop
endfacet
facet normal 0 0 -1
outer loop
vertex 7.75 23.00002098083496 1
vertex 7.050000190734863 23.00002098083496 1
vertex 7.75 30.00002098083496 1
endloop
endfacet
facet normal 0 1 0
outer loop
vertex 7.75 23.00002098083496 1
vertex 7.050000190734863 23.00002098083496 0
vertex 7.050000190734863 23.00002098083496 1
endloop
endfacet
facet normal -1 0 0
outer loop
vertex 7.75 30.00002098083496 0
vertex 7.75 23.00002098083496 0
vertex 7.75 23.00002098083496 1
endloop
endfacet
facet normal 0 0 -1
outer loop
vertex -7.050000190734863 30.00002098083496 1
vertex -7.75 23.00002098083496 1
vertex -7.75 30.00002098083496 1
endloop
endfacet
facet normal 0 -1 0
outer loop
vertex -7.75 30.00002098083496 1
vertex -7.050000190734863 30.00002098083496 0
vertex -7.050000190734863 30.00002098083496 1
endloop
endfacet
facet normal 0 0 -1
outer loop
vertex -7.050000190734863 23.00002098083496 1
vertex -7.75 23.00002098083496 1
vertex -7.050000190734863 30.00002098083496 1
endloop
endfacet
facet normal 0 0 -1
outer loop
vertex 7.75 30.00002098083496 1
vertex 7.050000190734863 23.00002098083496 1
vertex 7.050000190734863 30.00002098083496 1
endloop
endfacet
facet normal 0 1 0
outer loop
vertex -8.25 23.00002098083496 1
vertex -8.949999809265137 23.00002098083496 0
vertex -8.949999809265137 23.00002098083496 1
endloop
endfacet
facet normal 0 1 0
outer loop
vertex -23.049999237060547 23.00002098083496 1
vertex -23.049999237060547 23.00002098083496 0
vertex -23.75 23.00002098083496 1
endloop
endfacet
facet normal -1 0 0
outer loop
vertex -8.25 30.00002098083496 0
vertex -8.25 23.00002098083496 0
vertex -8.25 23.00002098083496 1
endloop
endfacet
facet normal 1 0 0
outer loop
vertex -23.75 23.00002098083496 1
vertex -23.75 23.00002098083496 0
vertex -23.75 30.00002098083496 1
endloop
endfacet
facet normal 0 -1 0
outer loop
vertex -23.75 30.00002098083496 1
vertex -23.049999237060547 30.00002098083496 0
vertex -23.049999237060547 30.00002098083496 1
endloop
endfacet
facet normal 0 -1 0
outer loop
vertex -8.25 30.00002098083496 0
vertex -8.25 30.00002098083496 1
vertex -8.949999809265137 30.00002098083496 0
endloop
endfacet
facet normal 0 0 -1
outer loop
vertex -23.049999237060547 30.00002098083496 1
vertex -23.75 23.00002098083496 1
vertex -23.75 30.00002098083496 1
endloop
endfacet
facet normal 0 1 0
outer loop
vertex -8.25 23.00002098083496 0
vertex -8.949999809265137 23.00002098083496 0
vertex -8.25 23.00002098083496 1
endloop
endfacet
facet normal 0 -1 0
outer loop
vertex -23.75 30.00002098083496 1
vertex -23.75 30.00002098083496 0
vertex -23.049999237060547 30.00002098083496 0
endloop
endfacet
facet normal 0 0 -1
outer loop
vertex -8.25 23.00002098083496 1
vertex -8.949999809265137 23.00002098083496 1
vertex -8.25 30.00002098083496 1
endloop
endfacet
facet normal 1 0 0
outer loop
vertex -23.75 23.00002098083496 0
vertex -23.75 30.00002098083496 0
vertex -23.75 30.00002098083496 1
endloop
endfacet
facet normal -1 0 0
outer loop
vertex -8.25 30.00002098083496 1
vertex -8.25 30.00002098083496 0
vertex -8.25 23.00002098083496 1
endloop
endfacet
facet normal 0 -1 0
outer loop
vertex -8.949999809265137 30.00002098083496 1
vertex -8.949999809265137 30.00002098083496 0
vertex -8.25 30.00002098083496 1
endloop
endfacet
facet normal 0 1 0
outer loop
vertex -23.049999237060547 23.00002098083496 0
vertex -23.75 23.00002098083496 0
vertex -23.75 23.00002098083496 1
endloop
endfacet
facet normal 0 0 -1
outer loop
vertex -23.049999237060547 23.00002098083496 1
vertex -23.75 23.00002098083496 1
vertex -23.049999237060547 30.00002098083496 1
endloop
endfacet
facet normal 0 0 -1
outer loop
vertex -8.25 30.00002098083496 1
vertex -8.949999809265137 23.00002098083496 1
vertex -8.949999809265137 30.00002098083496 1
endloop
endfacet
facet normal 0 -1 0
outer loop
vertex -39.75 30.00002098083496 1
vertex -39.04999923706055 30.00002098083496 0
vertex -39.04999923706055 30.00002098083496 1
endloop
endfacet
facet normal 0 0 -1
outer loop
vertex -39.04999923706055 30.00002098083496 1
vertex -39.75 23.00002098083496 1
vertex -39.75 30.00002098083496 1
endloop
endfacet
facet normal 0 -1 0
outer loop
vertex -39.75 30.00002098083496 1
vertex -39.75 30.00002098083496 0
vertex -39.04999923706055 30.00002098083496 0
endloop
endfacet
facet normal 0 1 0
outer loop
vertex -24.25 23.00002098083496 0
vertex -24.950000762939453 23.00002098083496 0
vertex -24.25 23.00002098083496 1
endloop
endfacet
facet normal 0 0 -1
outer loop
vertex -39.04999923706055 23.00002098083496 1
vertex -39.75 23.00002098083496 1
vertex -39.04999923706055 30.00002098083496 1
endloop
endfacet
facet normal -1 0 0
outer loop
vertex -24.25 30.00002098083496 0
vertex -24.25 23.00002098083496 0
vertex -24.25 23.00002098083496 1
endloop
endfacet
facet normal 1 0 0
outer loop
vertex -39.75 23.00002098083496 1
vertex -39.75 23.00002098083496 0
vertex -39.75 30.00002098083496 1
endloop
endfacet
facet normal 0 -1 0
outer loop
vertex -24.25 30.00002098083496 0
vertex -24.25 30.00002098083496 1
vertex -24.950000762939453 30.00002098083496 0
endloop
endfacet
facet normal 0 1 0
outer loop
vertex -39.04999923706055 23.00002098083496 1
vertex -39.75 23.00002098083496 0
vertex -39.75 23.00002098083496 1
endloop
endfacet
facet normal 0 0 -1
outer loop
vertex -24.25 23.00002098083496 1
vertex -24.950000762939453 23.00002098083496 1
vertex -24.25 30.00002098083496 1
endloop
endfacet
facet normal 0 0 -1
outer loop
vertex -24.25 30.00002098083496 1
vertex -24.950000762939453 23.00002098083496 1
vertex -24.950000762939453 30.00002098083496 1
endloop
endfacet
facet normal 1 0 0
outer loop
vertex -39.75 23.00002098083496 0
vertex -39.75 30.00002098083496 0
vertex -39.75 30.00002098083496 1
endloop
endfacet
facet normal 0 -1 0
outer loop
vertex -24.950000762939453 30.00002098083496 1
vertex -24.950000762939453 30.00002098083496 0
vertex -24.25 30.00002098083496 1
endloop
endfacet
facet normal 0 1 0
outer loop
vertex -39.04999923706055 23.00002098083496 0
vertex -39.75 23.00002098083496 0
vertex -39.04999923706055 23.00002098083496 1
endloop
endfacet
facet normal 0 1 0
outer loop
vertex -24.25 23.00002098083496 1
vertex -24.950000762939453 23.00002098083496 0
vertex -24.950000762939453 23.00002098083496 1
endloop
endfacet
facet normal -1 0 0
outer loop
vertex -24.25 30.00002098083496 1
vertex -24.25 30.00002098083496 0
vertex -24.25 23.00002098083496 1
endloop
endfacet
facet normal 0 0 -1
outer loop
vertex 7.999961853027344 -31.819978713989258 0
vertex 7.999961853027344 -31.44997787475586 0
vertex 8.17216968536377 -31.854232788085938 0
endloop
endfacet
facet normal 0 0 -1
outer loop
vertex 47 -41.499977111816406 0
vertex 40.70000076293945 -22.19997787475586 0
vertex 47 41.500022888183594 0
endloop
endfacet
facet normal 0 1 0
outer loop
vertex -25 -41.499977111816406 -4.949999809265137
vertex -25 -41.499977111816406 -5.699999809265137
vertex -41.70000076293945 -41.499977111816406 -1.9500000476837158
endloop
endfacet
facet normal 0 1 0
outer loop
vertex -25 -41.499977111816406 -5.699999809265137
vertex -47 -41.499977111816406 -5.699999809265137
vertex -41.70000076293945 -41.499977111816406 -1.9500000476837158
endloop
endfacet
facet normal 0 1 0
outer loop
vertex -24.885818481445312 -41.499977111816406 -4.375974655151367
vertex -25 -41.499977111816406 -4.949999809265137
vertex -41.70000076293945 -41.499977111816406 -1.9500000476837158
endloop
endfacet
facet normal 0 1 0
outer loop
vertex -4.5 -41.499977111816406 -3.450000047683716
vertex -33.70000076293945 -41.499977111816406 -1.9500000476837158
vertex -33.70000076293945 -41.499977111816406 -0.15000000596046448
endloop
endfacet
facet normal 0 0 -1
outer loop
vertex -47 -41.499977111816406 0
vertex -8.318198204040527 -33.858177185058594 0
vertex -8.172207832336426 -33.95572280883789 0
endloop
endfacet
facet normal 0 0 -1
outer loop
vertex -47 -41.499977111816406 0
vertex -8.172207832336426 -33.95572280883789 0
vertex -8 -33.9899787902832 0
endloop
endfacet
facet normal 0 0 -1
outer loop
vertex -47 -41.499977111816406 0
vertex -8 -33.9899787902832 0
vertex 7.999961853027344 -32.71997833251953 0
endloop
endfacet
facet normal 0 1 0
outer loop
vertex -24.560659408569336 -41.499977111816406 -3.8893399238586426
vertex -24.885818481445312 -41.499977111816406 -4.375974655151367
vertex -41.70000076293945 -41.499977111816406 -1.9500000476837158
endloop
endfacet
facet normal 0 1 0
outer loop
vertex -24.074024200439453 -41.499977111816406 -3.564180612564087
vertex -24.560659408569336 -41.499977111816406 -3.8893399238586426
vertex -41.70000076293945 -41.499977111816406 -1.9500000476837158
endloop
endfacet
facet normal 0 1 0
outer loop
vertex -23.5 -41.499977111816406 -3.450000047683716
vertex -24.074024200439453 -41.499977111816406 -3.564180612564087
vertex -41.70000076293945 -41.499977111816406 -1.9500000476837158
endloop
endfacet
facet normal 0 1 0
outer loop
vertex -41.70000076293945 -41.499977111816406 -1.9500000476837158
vertex -11.5 -41.499977111816406 -3.450000047683716
vertex -23.5 -41.499977111816406 -3.450000047683716
endloop
endfacet
facet normal 0 1 0
outer loop
vertex -47 -41.499977111816406 -5.699999809265137
vertex -47 -41.499977111816406 0
vertex -41.70000076293945 -41.499977111816406 -1.9500000476837158
endloop
endfacet
facet normal 0 1 0
outer loop
vertex -41.70000076293945 -41.499977111816406 -1.9500000476837158
vertex -47 -41.499977111816406 0
vertex -41.70000076293945 -41.499977111816406 -0.15000000596046448
endloop
endfacet
facet normal 0 1 0
outer loop
vertex -41.70000076293945 -41.499977111816406 -0.15000000596046448
vertex -47 -41.499977111816406 0
vertex -33.70000076293945 -41.499977111816406 -0.15000000596046448
endloop
endfacet
facet normal 0 0 -1
outer loop
vertex -40.70000076293945 -22.19997787475586 0
vertex -24.700000762939453 -30.19997787475586 0
vertex -47 -41.499977111816406 0
endloop
endfacet
facet normal 0 1 0
outer loop
vertex -5.0740251541137695 -41.499977111816406 -3.564180612564087
vertex -41.70000076293945 -41.499977111816406 -1.9500000476837158
vertex -33.70000076293945 -41.499977111816406 -1.9500000476837158
endloop
endfacet
facet normal 0 0 -1
outer loop
vertex 7.681764125823975 -32.58817672729492 0
vertex -7.681801795959473 -33.221778869628906 0
vertex -7.681548118591309 -32.58817672729492 0
endloop
endfacet
facet normal 0 0 -1
outer loop
vertex -7.681548118591309 -32.58817672729492 0
vertex -7.584000110626221 -32.44218444824219 0
vertex 7.584216117858887 -32.44218444824219 0
endloop
endfacet
facet normal 0 0 -1
outer loop
vertex -7.584000110626221 -32.44218444824219 0
vertex -7.549746036529541 -32.26997756958008 0
vertex 7.549962043762207 -32.26997756958008 0
endloop
endfacet
facet normal 0 0 -1
outer loop
vertex -7.549746036529541 -32.26997756958008 0
vertex -7.584000110626221 -32.09777069091797 0
vertex 7.584216117858887 -32.09777069091797 0
endloop
endfacet
facet normal 0 0 -1
outer loop
vertex -7.584000110626221 -32.09777069091797 0
vertex -7.681548118591309 -31.951780319213867 0
vertex 7.681764125823975 -31.951780319213867 0
endloop
endfacet
facet normal 0 0 -1
outer loop
vertex -7.681548118591309 -31.951780319213867 0
vertex -7.82753849029541 -31.41572380065918 0
vertex 7.681764125823975 -31.951780319213867 0
endloop
endfacet
facet normal 0 0 -1
outer loop
vertex 7.681764125823975 -31.951780319213867 0
vertex -7.82753849029541 -31.41572380065918 0
vertex -7.681548118591309 -31.31817626953125 0
endloop
endfacet
facet normal 0 0 -1
outer loop
vertex -7.681548118591309 -31.31817626953125 0
vertex -7.584000110626221 -31.17218589782715 0
vertex 7.584216117858887 -31.17218589782715 0
endloop
endfacet
facet normal 0 0 -1
outer loop
vertex -7.584000110626221 -31.17218589782715 0
vertex -7.549746036529541 -30.99997901916504 0
vertex 7.549962043762207 -30.99997901916504 0
endloop
endfacet
facet normal 0 0 -1
outer loop
vertex -7.549746036529541 -30.99997901916504 0
vertex -7.584000110626221 -30.827770233154297 0
vertex 7.584216117858887 -30.827770233154297 0
endloop
endfacet
facet normal 0 0 -1
outer loop
vertex -8.318198204040527 -33.858177185058594 0
vertex -24.700000762939453 -30.19997787475586 0
vertex -8.415745735168457 -33.71218490600586 0
endloop
endfacet
facet normal 0 0 -1
outer loop
vertex -8.415745735168457 -33.71218490600586 0
vertex -24.700000762939453 -30.19997787475586 0
vertex -8.449999809265137 -33.53997802734375 0
endloop
endfacet
facet normal 0 0 -1
outer loop
vertex -8.449999809265137 -33.53997802734375 0
vertex -24.700000762939453 -30.19997787475586 0
vertex -8.449746131896973 -32.26997756958008 0
endloop
endfacet
facet normal 0 0 -1
outer loop
vertex -8.449746131896973 -32.26997756958008 0
vertex -24.700000762939453 -30.19997787475586 0
vertex -8.415492057800293 -32.09777069091797 0
endloop
endfacet
facet normal 0 0 -1
outer loop
vertex -7.584000110626221 -30.827770233154297 0
vertex -7.681548118591309 -30.681779861450195 0
vertex 7.681764125823975 -30.681779861450195 0
endloop
endfacet
facet normal 0 0 -1
outer loop
vertex -7.82753849029541 -30.584232330322266 0
vertex 7.827754497528076 -30.584232330322266 0
vertex -7.681548118591309 -30.681779861450195 0
endloop
endfacet
facet normal 0 0 -1
outer loop
vertex -7.999745845794678 -30.549978256225586 0
vertex 7.999961853027344 -30.549978256225586 0
vertex -7.82753849029541 -30.584232330322266 0
endloop
endfacet
facet normal 0 0 -1
outer loop
vertex -8.415492057800293 -32.09777069091797 0
vertex -24.700000762939453 -30.19997787475586 0
vertex -8.317944526672363 -31.951780319213867 0
endloop
endfacet
facet normal 0 0 -1
outer loop
vertex -8.317944526672363 -31.951780319213867 0
vertex -24.700000762939453 -30.19997787475586 0
vertex -8.317944526672363 -31.31817626953125 0
endloop
endfacet
facet normal 0 0 -1
outer loop
vertex -47 -41.499977111816406 0
vertex -24.700000762939453 -30.19997787475586 0
vertex -8.318198204040527 -33.858177185058594 0
endloop
endfacet
facet normal 0 0 -1
outer loop
vertex -24.700000762939453 -30.19997787475586 0
vertex -8.449746131896973 -30.99997901916504 0
vertex -8.415492057800293 -31.17218589782715 0
endloop
endfacet
facet normal 0 0 -1
outer loop
vertex -24.700000762939453 -30.19997787475586 0
vertex -40.70000076293945 -22.19997787475586 0
vertex -24.700000762939453 -22.19997787475586 0
endloop
endfacet
facet normal 1 0 0
outer loop
vertex -47 -41.499977111816406 0
vertex -47 -41.499977111816406 -5.699999809265137
vertex -47 41.500022888183594 0
endloop
endfacet
facet normal 0 0 -1
outer loop
vertex -40.70000076293945 -22.19997787475586 0
vertex -47 -41.499977111816406 0
vertex -40.70000076293945 11.200021743774414 0
endloop
endfacet
facet normal 0 0 -1
outer loop
vertex -8.317944526672363 -31.31817626953125 0
vertex -24.700000762939453 -30.19997787475586 0
vertex -8.415492057800293 -31.17218589782715 0
endloop
endfacet
facet normal 0 -1 0
outer loop
vertex 47 41.500022888183594 0
vertex 35.900001525878906 41.500022888183594 -1.0499999523162842
vertex 39.5 41.500022888183594 -1.0499999523162842
endloop
endfacet
facet normal 0 0 -1
outer loop
vertex 47 41.500022888183594 0
vertex 40.70000076293945 27.200021743774414 0
vertex 24.700000762939453 35.20002365112305 0
endloop
endfacet
facet normal 0 0 -1
outer loop
vertex -8.449746131896973 -30.99997901916504 0
vertex -24.700000762939453 -30.19997787475586 0
vertex -8.415492057800293 -30.827770233154297 0
endloop
endfacet
facet normal 0 -1 0
outer loop
vertex 39.5 41.500022888183594 -1.0499999523162842
vertex 39.5 41.500022888183594 -2.8499999046325684
vertex 47 41.500022888183594 0
endloop
endfacet
facet normal 0 0 -1
outer loop
vertex -8.415492057800293 -30.827770233154297 0
vertex -24.700000762939453 -30.19997787475586 0
vertex -8.317944526672363 -30.681779861450195 0
endloop
endfacet
facet normal 0 0 -1
outer loop
vertex -8.317944526672363 -30.681779861450195 0
vertex -24.700000762939453 -30.19997787475586 0
vertex -8.171953201293945 -30.584232330322266 0
endloop
endfacet
facet normal 0 0 -1
outer loop
vertex 24.700000762939453 27.200021743774414 0
vertex 24.700000762939453 35.20002365112305 0
vertex 40.70000076293945 27.200021743774414 0
endloop
endfacet
facet normal 0 -1 0
outer loop
vertex 39.5 41.500022888183594 -2.8499999046325684
vertex 47 41.500022888183594 -5.699999809265137
vertex 47 41.500022888183594 0
endloop
endfacet
facet normal 0 1 0
outer loop
vertex -5.0740251541137695 -41.499977111816406 -3.564180612564087
vertex -5.560660362243652 -41.499977111816406 -3.8893399238586426
vertex -10.92597484588623 -41.499977111816406 -3.564180612564087
endloop
endfacet
facet normal 0 -1 0
outer loop
vertex 35.900001525878906 41.500022888183594 -2.8499999046325684
vertex 47 41.500022888183594 -5.699999809265137
vertex 39.5 41.500022888183594 -2.8499999046325684
endloop
endfacet
facet normal 0 0 -1
outer loop
vertex 47 41.500022888183594 0
vertex 40.70000076293945 -22.19997787475586 0
vertex 40.70000076293945 27.200021743774414 0
endloop
endfacet
facet normal -1 0 0
outer loop
vertex 47 41.500022888183594 -5.699999809265137
vertex 47 -41.499977111816406 0
vertex 47 41.500022888183594 0
endloop
endfacet
facet normal 0 0 -1
outer loop
vertex 24.700000762939453 35.20002365112305 0
vertex -47 41.500022888183594 0
vertex 47 41.500022888183594 0
endloop
endfacet
facet normal 0 -1 0
outer loop
vertex 47 41.500022888183594 0
vertex -47 41.500022888183594 -5.699999809265137
vertex 35.900001525878906 41.500022888183594 -1.0499999523162842
endloop
endfacet
facet normal 0 -1 0
outer loop
vertex -47 41.500022888183594 -5.699999809265137
vertex 35.900001525878906 41.500022888183594 -2.8499999046325684
vertex 35.900001525878906 41.500022888183594 -1.0499999523162842
endloop
endfacet
facet normal 0 -1 0
outer loop
vertex -47 41.500022888183594 -5.699999809265137
vertex 47 41.500022888183594 -5.699999809265137
vertex 35.900001525878906 41.500022888183594 -2.8499999046325684
endloop
endfacet
facet normal 0 1 0
outer loop
vertex -41.70000076293945 -41.499977111816406 -1.9500000476837158
vertex -5.0740251541137695 -41.499977111816406 -3.564180612564087
vertex -11.5 -41.499977111816406 -3.450000047683716
endloop
endfacet
facet normal 0 1 0
outer loop
vertex -5.0740251541137695 -41.499977111816406 -3.564180612564087
vertex -33.70000076293945 -41.499977111816406 -1.9500000476837158
vertex -4.5 -41.499977111816406 -3.450000047683716
endloop
endfacet
facet normal 0 1 0
outer loop
vertex -6 -41.499977111816406 -5.699999809265137
vertex -10 -41.499977111816406 -5.699999809265137
vertex -10 -41.499977111816406 -4.949999809265137
endloop
endfacet
facet normal 0 1 0
outer loop
vertex -6 -41.499977111816406 -4.949999809265137
vertex -6 -41.499977111816406 -5.699999809265137
vertex -10 -41.499977111816406 -4.949999809265137
endloop
endfacet
facet normal 0 1 0
outer loop
vertex -6 -41.499977111816406 -4.949999809265137
vertex -10 -41.499977111816406 -4.949999809265137
vertex -10.114180564880371 -41.499977111816406 -4.375974655151367
endloop
endfacet
facet normal 0 1 0
outer loop
vertex -5.885819435119629 -41.499977111816406 -4.375974655151367
vertex -6 -41.499977111816406 -4.949999809265137
vertex -10.114180564880371 -41.499977111816406 -4.375974655151367
endloop
endfacet
facet normal 0 1 0
outer loop
vertex -5.885819435119629 -41.499977111816406 -4.375974655151367
vertex -10.114180564880371 -41.499977111816406 -4.375974655151367
vertex -10.439339637756348 -41.499977111816406 -3.8893399238586426
endloop
endfacet
facet normal 0 0 -1
outer loop
vertex 8.17216968536377 -31.854232788085938 0
vertex 8.17216968536377 -31.41572380065918 0
vertex 8.318160057067871 -31.951780319213867 0
endloop
endfacet
facet normal 0 1 0
outer loop
vertex 33.70000076293945 -41.499977111816406 -0.15000000596046448
vertex -33.70000076293945 -41.499977111816406 -0.15000000596046448
vertex 47 -41.499977111816406 0
endloop
endfacet
facet normal 0 0 -1
outer loop
vertex -8.171953201293945 -30.584232330322266 0
vertex -24.700000762939453 -30.19997787475586 0
vertex -7.999745845794678 -30.549978256225586 0
endloop
endfacet
facet normal 0 0 -1
outer loop
vertex 47 -41.499977111816406 0
vertex 7.999961853027344 -33.9899787902832 0
vertex 8.17216968536377 -33.95572280883789 0
endloop
endfacet
facet normal 0 0 -1
outer loop
vertex 8.17216968536377 -33.95572280883789 0
vertex 8.318160057067871 -33.858177185058594 0
vertex 24.700000762939453 -30.19997787475586 0
endloop
endfacet
facet normal 0 0 -1
outer loop
vertex 24.700000762939453 -30.19997787475586 0
vertex 8.318160057067871 -33.858177185058594 0
vertex 8.4157075881958 -33.71218490600586 0
endloop
endfacet
facet normal 0 0 -1
outer loop
vertex 24.700000762939453 -30.19997787475586 0
vertex 8.4157075881958 -33.71218490600586 0
vertex 8.44996166229248 -33.53997802734375 0
endloop
endfacet
facet normal 0 0 -1
outer loop
vertex 24.700000762939453 -30.19997787475586 0
vertex 8.44996166229248 -33.53997802734375 0
vertex 8.4157075881958 -33.36777114868164 0
endloop
endfacet
facet normal 0 0 -1
outer loop
vertex 7.999961853027344 -33.0899772644043 0
vertex 24.700000762939453 -30.19997787475586 0
vertex 8.17216968536377 -33.12423324584961 0
endloop
endfacet
facet normal 0 0 -1
outer loop
vertex 24.700000762939453 -30.19997787475586 0
vertex 8.4157075881958 -33.36777114868164 0
vertex 8.318160057067871 -33.221778869628906 0
endloop
endfacet
facet normal 0 0 -1
outer loop
vertex 24.700000762939453 -30.19997787475586 0
vertex 8.318160057067871 -33.221778869628906 0
vertex 8.17216968536377 -33.12423324584961 0
endloop
endfacet
facet normal 0 0 -1
outer loop
vertex 24.700000762939453 -30.19997787475586 0
vertex 7.999961853027344 -32.71997833251953 0
vertex 8.17216968536377 -32.68572235107422 0
endloop
endfacet
facet normal 0 1 0
outer loop
vertex -5.0740251541137695 -41.499977111816406 -3.564180612564087
vertex -10.92597484588623 -41.499977111816406 -3.564180612564087
vertex -11.5 -41.499977111816406 -3.450000047683716
endloop
endfacet
facet normal 0 0 -1
outer loop
vertex 24.700000762939453 -30.19997787475586 0
vertex 8.17216968536377 -32.68572235107422 0
vertex 8.318160057067871 -32.58817672729492 0
endloop
endfacet
facet normal 0 0 -1
outer loop
vertex 24.700000762939453 -30.19997787475586 0
vertex 8.318160057067871 -32.58817672729492 0
vertex 8.4157075881958 -32.44218444824219 0
endloop
endfacet
facet normal 0 0 -1
outer loop
vertex 24.700000762939453 -30.19997787475586 0
vertex 8.4157075881958 -32.44218444824219 0
vertex 8.44996166229248 -32.26997756958008 0
endloop
endfacet
facet normal 0 0 -1
outer loop
vertex 24.700000762939453 -30.19997787475586 0
vertex 8.44996166229248 -32.26997756958008 0
vertex 8.44996166229248 -30.99997901916504 0
endloop
endfacet
facet normal 0 0 -1
outer loop
vertex 24.700000762939453 -30.19997787475586 0
vertex 8.44996166229248 -30.99997901916504 0
vertex 8.4157075881958 -30.827770233154297 0
endloop
endfacet
facet normal 0 0 -1
outer loop
vertex 7.999961853027344 -30.549978256225586 0
vertex 24.700000762939453 -30.19997787475586 0
vertex 8.17216968536377 -30.584232330322266 0
endloop
endfacet
facet normal 0 0 -1
outer loop
vertex 7.999961853027344 -30.549978256225586 0
vertex 7.999961853027344 -30.179977416992188 0
vertex 24.700000762939453 -30.19997787475586 0
endloop
endfacet
facet normal 0 0 -1
outer loop
vertex 24.700000762939453 -30.19997787475586 0
vertex 8.4157075881958 -30.827770233154297 0
vertex 8.318160057067871 -30.681779861450195 0
endloop
endfacet
facet normal 0 0 -1
outer loop
vertex 24.700000762939453 -30.19997787475586 0
vertex 8.318160057067871 -30.681779861450195 0
vertex 8.17216968536377 -30.584232330322266 0
endloop
endfacet
facet normal 0 0 -1
outer loop
vertex -7.999745845794678 -31.819978713989258 0
vertex -7.999745845794678 -31.44997787475586 0
vertex -7.82753849029541 -31.854232788085938 0
endloop
endfacet
facet normal 0 0 -1
outer loop
vertex -7.82753849029541 -31.854232788085938 0
vertex -7.82753849029541 -31.41572380065918 0
vertex -7.681548118591309 -31.951780319213867 0
endloop
endfacet
facet normal 0 0 -1
outer loop
vertex -8.171953201293945 -31.41572380065918 0
vertex -8.171953201293945 -31.854232788085938 0
vertex -8.317944526672363 -31.31817626953125 0
endloop
endfacet
facet normal 0 1 0
outer loop
vertex -33.70000076293945 -41.499977111816406 -0.15000000596046448
vertex 47 -41.499977111816406 -5.699999809265137
vertex 7.5 -41.499977111816406 -3.450000047683716
endloop
endfacet
facet normal 0 1 0
outer loop
vertex 9 -41.499977111816406 -4.949999809265137
vertex 8.885819435119629 -41.499977111816406 -4.375974655151367
vertex 47 -41.499977111816406 -5.699999809265137
endloop
endfacet
facet normal 0 1 0
outer loop
vertex -5.560660362243652 -41.499977111816406 -3.8893399238586426
vertex -10.439339637756348 -41.499977111816406 -3.8893399238586426
vertex -10.92597484588623 -41.499977111816406 -3.564180612564087
endloop
endfacet
facet normal 0 0 -1
outer loop
vertex -7.999745845794678 -31.44997787475586 0
vertex -7.999745845794678 -31.819978713989258 0
vertex -8.171953201293945 -31.41572380065918 0
endloop
endfacet
facet normal 0 1 0
outer loop
vertex 47 -41.499977111816406 -5.699999809265137
vertex 9 -41.499977111816406 -5.699999809265137
vertex 9 -41.499977111816406 -4.949999809265137
endloop
endfacet
facet normal 0 1 0
outer loop
vertex 8.885819435119629 -41.499977111816406 -4.375974655151367
vertex 8.560660362243652 -41.499977111816406 -3.8893399238586426
vertex 47 -41.499977111816406 -5.699999809265137
endloop
endfacet
facet normal 0 1 0
outer loop
vertex 47 -41.499977111816406 -5.699999809265137
vertex 8.560660362243652 -41.499977111816406 -3.8893399238586426
vertex 8.07402515411377 -41.499977111816406 -3.564180612564087
endloop
endfacet
facet normal 0 1 0
outer loop
vertex 47 -41.499977111816406 -5.699999809265137
vertex 8.07402515411377 -41.499977111816406 -3.564180612564087
vertex 7.5 -41.499977111816406 -3.450000047683716
endloop
endfacet
facet normal 0 0 -1
outer loop
vertex -7.82753849029541 -31.41572380065918 0
vertex -7.82753849029541 -31.854232788085938 0
vertex -7.999745845794678 -31.44997787475586 0
endloop
endfacet
facet normal 0 0 -1
outer loop
vertex -7.999745845794678 -30.549978256225586 0
vertex -24.700000762939453 -30.19997787475586 0
vertex 7.999961853027344 -30.549978256225586 0
endloop
endfacet
facet normal 0 0 -1
outer loop
vertex -24.700000762939453 -30.19997787475586 0
vertex -7.999745845794678 -30.179977416992188 0
vertex 7.999961853027344 -30.549978256225586 0
endloop
endfacet
facet normal 0 0 -1
outer loop
vertex -7.681801795959473 -33.221778869628906 0
vertex -7.82753849029541 -32.68572235107422 0
vertex -7.681548118591309 -32.58817672729492 0
endloop
endfacet
facet normal 0 1 0
outer loop
vertex -5.560660362243652 -41.499977111816406 -3.8893399238586426
vertex -5.885819435119629 -41.499977111816406 -4.375974655151367
vertex -10.439339637756348 -41.499977111816406 -3.8893399238586426
endloop
endfacet
facet normal 0 1 0
outer loop
vertex 33.70000076293945 -41.499977111816406 -1.9500000476837158
vertex 41.70000076293945 -41.499977111816406 -1.9500000476837158
vertex 47 -41.499977111816406 -5.699999809265137
endloop
endfacet
facet normal 0 0 -1
outer loop
vertex 47 -41.499977111816406 0
vertex -47 -41.499977111816406 0
vertex 7.999961853027344 -33.9899787902832 0
endloop
endfacet
facet normal 0 0 -1
outer loop
vertex 7.827754497528076 -32.68572235107422 0
vertex -7.681801795959473 -33.858177185058594 0
vertex 7.681764125823975 -32.58817672729492 0
endloop
endfacet
facet normal 0 0 -1
outer loop
vertex 7.999961853027344 -32.71997833251953 0
vertex -7.827792644500732 -33.95572280883789 0
vertex 7.827754497528076 -32.68572235107422 0
endloop
endfacet
facet normal 0 1 0
outer loop
vertex -33.70000076293945 -41.499977111816406 -0.15000000596046448
vertex 33.70000076293945 -41.499977111816406 -0.15000000596046448
vertex 33.70000076293945 -41.499977111816406 -1.9500000476837158
endloop
endfacet
facet normal 0 0 -1
outer loop
vertex 7.681764125823975 -32.58817672729492 0
vertex -7.681548118591309 -32.58817672729492 0
vertex 7.584216117858887 -32.44218444824219 0
endloop
endfacet
facet normal 0 0 -1
outer loop
vertex 7.584216117858887 -32.44218444824219 0
vertex -7.584000110626221 -32.44218444824219 0
vertex 7.549962043762207 -32.26997756958008 0
endloop
endfacet
facet normal 0 0 -1
outer loop
vertex 7.549962043762207 -32.26997756958008 0
vertex -7.549746036529541 -32.26997756958008 0
vertex 7.584216117858887 -32.09777069091797 0
endloop
endfacet
facet normal 0 0 -1
outer loop
vertex 7.584216117858887 -32.09777069091797 0
vertex -7.584000110626221 -32.09777069091797 0
vertex 7.681764125823975 -31.951780319213867 0
endloop
endfacet
facet normal 0 0 -1
outer loop
vertex 7.681764125823975 -31.951780319213867 0
vertex -7.681548118591309 -31.31817626953125 0
vertex 7.681764125823975 -31.31817626953125 0
endloop
endfacet
facet normal 0 1 0
outer loop
vertex 47 -41.499977111816406 -5.699999809265137
vertex -33.70000076293945 -41.499977111816406 -0.15000000596046448
vertex 33.70000076293945 -41.499977111816406 -1.9500000476837158
endloop
endfacet
facet normal 0 0 -1
outer loop
vertex 7.584216117858887 -31.17218589782715 0
vertex -7.584000110626221 -31.17218589782715 0
vertex 7.549962043762207 -30.99997901916504 0
endloop
endfacet
facet normal 0 0 -1
outer loop
vertex 7.549962043762207 -30.99997901916504 0
vertex -7.549746036529541 -30.99997901916504 0
vertex 7.584216117858887 -30.827770233154297 0
endloop
endfacet
facet normal 0 0 -1
outer loop
vertex 7.584216117858887 -30.827770233154297 0
vertex -7.584000110626221 -30.827770233154297 0
vertex 7.681764125823975 -30.681779861450195 0
endloop
endfacet
facet normal 0 0 -1
outer loop
vertex 7.681764125823975 -30.681779861450195 0
vertex -7.681548118591309 -30.681779861450195 0
vertex 7.827754497528076 -30.584232330322266 0
endloop
endfacet
facet normal 0 0 -1
outer loop
vertex 7.827754497528076 -30.584232330322266 0
vertex -7.82753849029541 -30.584232330322266 0
vertex 7.999961853027344 -30.549978256225586 0
endloop
endfacet
facet normal 0 0 -1
outer loop
vertex 7.999961853027344 -30.549978256225586 0
vertex -7.999745845794678 -30.179977416992188 0
vertex 7.999961853027344 -30.179977416992188 0
endloop
endfacet
facet normal 0 0 -1
outer loop
vertex 47 -41.499977111816406 0
vertex 8.17216968536377 -33.95572280883789 0
vertex 24.700000762939453 -30.19997787475586 0
endloop
endfacet
facet normal 0 0 -1
outer loop
vertex 47 -41.499977111816406 0
vertex 24.700000762939453 -30.19997787475586 0
vertex 24.700000762939453 -22.19997787475586 0
endloop
endfacet
facet normal 0 1 0
outer loop
vertex 41.70000076293945 -41.499977111816406 -1.9500000476837158
vertex 47 -41.499977111816406 0
vertex 47 -41.499977111816406 -5.699999809265137
endloop
endfacet
facet normal 0 0 -1
outer loop
vertex -8.171953201293945 -31.854232788085938 0
vertex -8.171953201293945 -31.41572380065918 0
vertex -7.999745845794678 -31.819978713989258 0
endloop
endfacet
facet normal 0 1 0
outer loop
vertex 41.70000076293945 -41.499977111816406 -0.15000000596046448
vertex 33.70000076293945 -41.499977111816406 -0.15000000596046448
vertex 47 -41.499977111816406 0
endloop
endfacet
facet normal 1 0 0
outer loop
vertex -47 41.500022888183594 0
vertex -47 -41.499977111816406 -5.699999809265137
vertex -47 41.500022888183594 -5.699999809265137
endloop
endfacet
facet normal 0 0 -1
outer loop
vertex -40.70000076293945 11.200021743774414 0
vertex -47 -41.499977111816406 0
vertex -47 41.500022888183594 0
endloop
endfacet
facet normal 0 0 -1
outer loop
vertex -8.317944526672363 -31.951780319213867 0
vertex -8.317944526672363 -31.31817626953125 0
vertex -8.171953201293945 -31.854232788085938 0
endloop
endfacet
facet normal 0 -1 0
outer loop
vertex -47 41.500022888183594 0
vertex -47 41.500022888183594 -5.699999809265137
vertex -39.5 41.500022888183594 -2.8499999046325684
endloop
endfacet
facet normal 0 1 0
outer loop
vertex -4.5 -41.499977111816406 -3.450000047683716
vertex -33.70000076293945 -41.499977111816406 -0.15000000596046448
vertex 7.5 -41.499977111816406 -3.450000047683716
endloop
endfacet
facet normal 0 0 -1
outer loop
vertex 7.681764125823975 -31.951780319213867 0
vertex 7.681764125823975 -31.31817626953125 0
vertex 7.827754497528076 -31.854232788085938 0
endloop
endfacet
facet normal 0 0 -1
outer loop
vertex 7.827754497528076 -31.854232788085938 0
vertex 7.827754497528076 -31.41572380065918 0
vertex 7.999961853027344 -31.819978713989258 0
endloop
endfacet
facet normal 0 1 0
outer loop
vertex -33.70000076293945 -41.499977111816406 -0.15000000596046448
vertex -47 -41.499977111816406 0
vertex 47 -41.499977111816406 0
endloop
endfacet
facet normal 0 0 -1
outer loop
vertex -47 -41.499977111816406 0
vertex 7.681764125823975 -33.858177185058594 0
vertex 7.827754497528076 -33.95572280883789 0
endloop
endfacet
facet normal 0 0 -1
outer loop
vertex 8.44996166229248 -32.26997756958008 0
vertex 8.4157075881958 -32.09777069091797 0
vertex 8.4157075881958 -31.17218589782715 0
endloop
endfacet
facet normal 0 0 -1
outer loop
vertex 8.4157075881958 -32.09777069091797 0
vertex 8.318160057067871 -31.951780319213867 0
vertex 8.318160057067871 -31.31817626953125 0
endloop
endfacet
facet normal 0 0 -1
outer loop
vertex 7.827754497528076 -31.854232788085938 0
vertex 7.681764125823975 -31.31817626953125 0
vertex 7.827754497528076 -31.41572380065918 0
endloop
endfacet
facet normal 0 0 -1
outer loop
vertex 7.999961853027344 -31.44997787475586 0
vertex 7.999961853027344 -31.819978713989258 0
vertex 7.827754497528076 -31.41572380065918 0
endloop
endfacet
facet normal 0 0 -1
outer loop
vertex 8.17216968536377 -31.41572380065918 0
vertex 8.17216968536377 -31.854232788085938 0
vertex 7.999961853027344 -31.44997787475586 0
endloop
endfacet
facet normal 0 0 -1
outer loop
vertex 8.318160057067871 -31.31817626953125 0
vertex 8.318160057067871 -31.951780319213867 0
vertex 8.17216968536377 -31.41572380065918 0
endloop
endfacet
facet normal 0 0 -1
outer loop
vertex 8.4157075881958 -31.17218589782715 0
vertex 8.4157075881958 -32.09777069091797 0
vertex 8.318160057067871 -31.31817626953125 0
endloop
endfacet
facet normal 0 0 -1
outer loop
vertex 8.44996166229248 -32.26997756958008 0
vertex 8.4157075881958 -31.17218589782715 0
vertex 8.44996166229248 -30.99997901916504 0
endloop
endfacet
facet normal 0 0 -1
outer loop
vertex -47 -41.499977111816406 0
vertex 7.827754497528076 -33.95572280883789 0
vertex 7.999961853027344 -33.9899787902832 0
endloop
endfacet
facet normal 0 0 -1
outer loop
vertex 7.681764125823975 -33.858177185058594 0
vertex -47 -41.499977111816406 0
vertex 7.584216117858887 -33.71218490600586 0
endloop
endfacet
facet normal 0 0 -1
outer loop
vertex 7.584216117858887 -33.71218490600586 0
vertex -47 -41.499977111816406 0
vertex 7.549962043762207 -33.53997802734375 0
endloop
endfacet
facet normal 0 0 -1
outer loop
vertex 7.549962043762207 -33.53997802734375 0
vertex -47 -41.499977111816406 0
vertex 7.584216117858887 -33.36777114868164 0
endloop
endfacet
facet normal 0 0 -1
outer loop
vertex 7.584216117858887 -33.36777114868164 0
vertex -47 -41.499977111816406 0
vertex 7.681764125823975 -33.221778869628906 0
endloop
endfacet
facet normal 0 0 -1
outer loop
vertex 7.681764125823975 -33.221778869628906 0
vertex -47 -41.499977111816406 0
vertex 7.827754497528076 -33.12423324584961 0
endloop
endfacet
facet normal 0 0 -1
outer loop
vertex 7.827754497528076 -33.12423324584961 0
vertex -47 -41.499977111816406 0
vertex 7.999961853027344 -33.0899772644043 0
endloop
endfacet
facet normal 0 0 -1
outer loop
vertex -8.449999809265137 -33.53997802734375 0
vertex -8.449746131896973 -32.26997756958008 0
vertex -8.415745735168457 -33.36777114868164 0
endloop
endfacet
facet normal 0 0 -1
outer loop
vertex -8.415745735168457 -33.36777114868164 0
vertex -8.415492057800293 -32.44218444824219 0
vertex -8.318198204040527 -33.221778869628906 0
endloop
endfacet
facet normal 0 0 -1
outer loop
vertex -7.827792644500732 -33.12423324584961 0
vertex -7.82753849029541 -32.68572235107422 0
vertex -7.681801795959473 -33.221778869628906 0
endloop
endfacet
facet normal 0 0 -1
outer loop
vertex 7.999961853027344 -33.0899772644043 0
vertex -47 -41.499977111816406 0
vertex 24.700000762939453 -30.19997787475586 0
endloop
endfacet
facet normal 0 0 -1
outer loop
vertex 24.700000762939453 -30.19997787475586 0
vertex -47 -41.499977111816406 0
vertex 7.999961853027344 -32.71997833251953 0
endloop
endfacet
facet normal 0 0 -1
outer loop
vertex 7.999961853027344 -32.71997833251953 0
vertex -8 -33.9899787902832 0
vertex -7.827792644500732 -33.95572280883789 0
endloop
endfacet
facet normal 0 0 -1
outer loop
vertex -7.827792644500732 -33.95572280883789 0
vertex -7.681801795959473 -33.858177185058594 0
vertex 7.827754497528076 -32.68572235107422 0
endloop
endfacet
facet normal 0 0 -1
outer loop
vertex -7.681801795959473 -33.858177185058594 0
vertex -7.584254264831543 -33.71218490600586 0
vertex 7.681764125823975 -32.58817672729492 0
endloop
endfacet
facet normal 0 0 -1
outer loop
vertex -7.584254264831543 -33.36777114868164 0
vertex -7.681801795959473 -33.221778869628906 0
vertex 7.681764125823975 -32.58817672729492 0
endloop
endfacet
facet normal 0 0 -1
outer loop
vertex 7.681764125823975 -32.58817672729492 0
vertex -7.584254264831543 -33.71218490600586 0
vertex -7.550000190734863 -33.53997802734375 0
endloop
endfacet
facet normal 0 0 -1
outer loop
vertex 7.681764125823975 -32.58817672729492 0
vertex -7.550000190734863 -33.53997802734375 0
vertex -7.584254264831543 -33.36777114868164 0
endloop
endfacet
facet normal 0 0 -1
outer loop
vertex -8.415492057800293 -32.44218444824219 0
vertex -8.415745735168457 -33.36777114868164 0
vertex -8.449746131896973 -32.26997756958008 0
endloop
endfacet
facet normal 0 0 -1
outer loop
vertex -8.318198204040527 -33.221778869628906 0
vertex -8.415492057800293 -32.44218444824219 0
vertex -8.317944526672363 -32.58817672729492 0
endloop
endfacet
facet normal 0 0 -1
outer loop
vertex -8.318198204040527 -33.221778869628906 0
vertex -8.317944526672363 -32.58817672729492 0
vertex -8.172207832336426 -33.12423324584961 0
endloop
endfacet
facet normal 0 -1 0
outer loop
vertex -39.5 41.500022888183594 -2.8499999046325684
vertex -47 41.500022888183594 -5.699999809265137
vertex -35.900001525878906 41.500022888183594 -2.8499999046325684
endloop
endfacet
facet normal 0 0 -1
outer loop
vertex -8.172207832336426 -33.12423324584961 0
vertex -8.317944526672363 -32.58817672729492 0
vertex -8.171953201293945 -32.68572235107422 0
endloop
endfacet
facet normal 0 1 0
outer loop
vertex 47 -41.499977111816406 0
vertex 41.70000076293945 -41.499977111816406 -1.9500000476837158
vertex 41.70000076293945 -41.499977111816406 -0.15000000596046448
endloop
endfacet
facet normal 0 0 -1
outer loop
vertex -8.172207832336426 -33.12423324584961 0
vertex -8.171953201293945 -32.68572235107422 0
vertex -8 -33.0899772644043 0
endloop
endfacet
facet normal 0 0 -1
outer loop
vertex -8 -33.0899772644043 0
vertex -8.171953201293945 -32.68572235107422 0
vertex -7.999745845794678 -32.71997833251953 0
endloop
endfacet
facet normal 0 -1 0
outer loop
vertex 47 41.500022888183594 0
vertex -39.5 41.500022888183594 -1.0499999523162842
vertex -35.900001525878906 41.500022888183594 -1.0499999523162842
endloop
endfacet
facet normal 0 -1 0
outer loop
vertex -35.900001525878906 41.500022888183594 -1.0499999523162842
vertex -35.900001525878906 41.500022888183594 -2.8499999046325684
vertex 47 41.500022888183594 0
endloop
endfacet
facet normal 0 -1 0
outer loop
vertex -47 41.500022888183594 0
vertex -39.5 41.500022888183594 -1.0499999523162842
vertex 47 41.500022888183594 0
endloop
endfacet
facet normal 0 0 -1
outer loop
vertex -8 -33.0899772644043 0
vertex -7.999745845794678 -32.71997833251953 0
vertex -7.827792644500732 -33.12423324584961 0
endloop
endfacet
facet normal 0 0 -1
outer loop
vertex -40.70000076293945 35.20002365112305 0
vertex -47 41.500022888183594 0
vertex 24.700000762939453 35.20002365112305 0
endloop
endfacet
facet normal 0 -1 0
outer loop
vertex -35.900001525878906 41.500022888183594 -2.8499999046325684
vertex -47 41.500022888183594 -5.699999809265137
vertex 47 41.500022888183594 0
endloop
endfacet
facet normal 0 0 -1
outer loop
vertex 47 -41.499977111816406 0
vertex 24.700000762939453 -22.19997787475586 0
vertex 40.70000076293945 -22.19997787475586 0
endloop
endfacet
facet normal 0 0 -1
outer loop
vertex -7.82753849029541 -32.68572235107422 0
vertex -7.827792644500732 -33.12423324584961 0
vertex -7.999745845794678 -32.71997833251953 0
endloop
endfacet
facet normal 0 0 -1
outer loop
vertex -40.70000076293945 35.20002365112305 0
vertex -40.70000076293945 11.200021743774414 0
vertex -47 41.500022888183594 0
endloop
endfacet
facet normal -1 0 0
outer loop
vertex 47 41.500022888183594 -5.699999809265137
vertex 47 -41.499977111816406 -5.699999809265137
vertex 47 -41.499977111816406 0
endloop
endfacet
facet normal 0 -1 0
outer loop
vertex -47 41.500022888183594 0
vertex -39.5 41.500022888183594 -2.8499999046325684
vertex -39.5 41.500022888183594 -1.0499999523162842
endloop
endfacet
facet normal 0 0 -1
outer loop
vertex 7.681764125823975 -31.31817626953125 0
vertex -7.681548118591309 -31.31817626953125 0
vertex 7.584216117858887 -31.17218589782715 0
endloop
endfacet
facet normal 0.8314686645124185 0.5555716514851484 0
outer loop
vertex 7.681764125823975 -28.778175354003906 0
vertex 7.584216117858887 -28.632184982299805 0
vertex 7.584216117858887 -28.632184982299805 1.7000000476837158
endloop
endfacet
facet normal 0.5555772839934787 0.8314649009491799 0
outer loop
vertex 7.827754497528076 -28.87572479248047 0
vertex 7.681764125823975 -28.778175354003906 0
vertex 7.681764125823975 -28.778175354003906 1.7000000476837158
endloop
endfacet
facet normal 0.9807852845629332 0.19509030110388895 0
outer loop
vertex 7.584216117858887 -28.632184982299805 0
vertex 7.549962043762207 -28.459978103637695 0
vertex 7.549962043762207 -28.459978103637695 1.7000000476837158
endloop
endfacet
facet normal 0.9807852845629332 -0.19509030110388895 0
outer loop
vertex 7.549962043762207 -28.459978103637695 0
vertex 7.584216117858887 -28.287771224975586 0
vertex 7.584216117858887 -28.287771224975586 1.7000000476837158
endloop
endfacet
facet normal 0.8314686645124185 -0.5555716514851484 0
outer loop
vertex 7.584216117858887 -28.287771224975586 0
vertex 7.681764125823975 -28.141780853271484 0
vertex 7.681764125823975 -28.141780853271484 1.7000000476837158
endloop
endfacet
facet normal 0.19508978146454767 0.9807853879254701 0
outer loop
vertex 7.999961853027344 -28.90997886657715 0
vertex 7.827754497528076 -28.87572479248047 0
vertex 7.827754497528076 -28.87572479248047 1.7000000476837158
endloop
endfacet
facet normal -0.19508926182791986 0.9807854912871812 0
outer loop
vertex 8.17216968536377 -28.87572479248047 0
vertex 7.999961853027344 -28.90997886657715 0
vertex 7.999961853027344 -28.90997886657715 1.7000000476837158
endloop
endfacet
facet normal -0.5555772839934787 0.8314649009491799 0
outer loop
vertex 8.318160057067871 -28.778175354003906 0
vertex 8.17216968536377 -28.87572479248047 0
vertex 8.17216968536377 -28.87572479248047 1.7000000476837158
endloop
endfacet
facet normal -0.8314699190325903 0.555569773965375 0
outer loop
vertex 8.4157075881958 -28.632184982299805 0
vertex 8.318160057067871 -28.778175354003906 0
vertex 8.318160057067871 -28.778175354003906 1.7000000476837158
endloop
endfacet
facet normal -0.9807852845629332 0.19509030110388895 0
outer loop
vertex 8.44996166229248 -28.459978103637695 0
vertex 8.4157075881958 -28.632184982299805 0
vertex 8.4157075881958 -28.632184982299805 1.7000000476837158
endloop
endfacet
facet normal -0.9807852845629332 -0.19509030110388895 0
outer loop
vertex 8.4157075881958 -28.287771224975586 0
vertex 8.44996166229248 -28.459978103637695 0
vertex 8.44996166229248 -28.459978103637695 1.7000000476837158
endloop
endfacet
facet normal -0.8314699190325903 -0.555569773965375 0
outer loop
vertex 8.318160057067871 -28.141780853271484 0
vertex 8.4157075881958 -28.287771224975586 0
vertex 8.4157075881958 -28.287771224975586 1.7000000476837158
endloop
endfacet
facet normal 0.555569773965375 -0.8314699190325903 0
outer loop
vertex 7.681764125823975 -28.141780853271484 0
vertex 7.827754497528076 -28.044233322143555 0
vertex 7.827754497528076 -28.044233322143555 1.7000000476837158
endloop
endfacet
facet normal 0.19510023104767313 -0.9807833093222704 0
outer loop
vertex 7.827754497528076 -28.044233322143555 0
vertex 7.999961853027344 -28.009977340698242 0
vertex 7.999961853027344 -28.009977340698242 1.7000000476837158
endloop
endfacet
facet normal -0.19509971138541468 -0.9807834126948354 0
outer loop
vertex 7.999961853027344 -28.009977340698242 0
vertex 8.17216968536377 -28.044233322143555 0
vertex 8.17216968536377 -28.044233322143555 1.7000000476837158
endloop
endfacet
facet normal -0.555569773965375 -0.8314699190325903 0
outer loop
vertex 8.17216968536377 -28.044233322143555 0
vertex 8.318160057067871 -28.141780853271484 0
vertex 8.318160057067871 -28.141780853271484 1.7000000476837158
endloop
endfacet
facet normal 0.8314686645124185 0.5555716514851484 0
outer loop
vertex 7.681764125823975 -28.778175354003906 1.7000000476837158
vertex 7.681764125823975 -28.778175354003906 0
vertex 7.584216117858887 -28.632184982299805 1.7000000476837158
endloop
endfacet
facet normal 0.9807852845629332 0.19509030110388895 0
outer loop
vertex 7.584216117858887 -28.632184982299805 1.7000000476837158
vertex 7.584216117858887 -28.632184982299805 0
vertex 7.549962043762207 -28.459978103637695 1.7000000476837158
endloop
endfacet
facet normal 0.9807852845629332 -0.19509030110388895 0
outer loop
vertex 7.549962043762207 -28.459978103637695 1.7000000476837158
vertex 7.549962043762207 -28.459978103637695 0
vertex 7.584216117858887 -28.287771224975586 1.7000000476837158
endloop
endfacet
facet normal 0.8314686645124185 -0.5555716514851484 0
outer loop
vertex 7.584216117858887 -28.287771224975586 1.7000000476837158
vertex 7.584216117858887 -28.287771224975586 0
vertex 7.681764125823975 -28.141780853271484 1.7000000476837158
endloop
endfacet
facet normal 0.555569773965375 -0.8314699190325903 0
outer loop
vertex 7.681764125823975 -28.141780853271484 1.7000000476837158
vertex 7.681764125823975 -28.141780853271484 0
vertex 7.827754497528076 -28.044233322143555 1.7000000476837158
endloop
endfacet
facet normal 0.19508978146454767 0.9807853879254701 0
outer loop
vertex 7.999961853027344 -28.90997886657715 1.7000000476837158
vertex 7.999961853027344 -28.90997886657715 0
vertex 7.827754497528076 -28.87572479248047 1.7000000476837158
endloop
endfacet
facet normal -0.19508926182791986 0.9807854912871812 0
outer loop
vertex 8.17216968536377 -28.87572479248047 1.7000000476837158
vertex 8.17216968536377 -28.87572479248047 0
vertex 7.999961853027344 -28.90997886657715 1.7000000476837158
endloop
endfacet
facet normal 0.5555772839934787 0.8314649009491799 0
outer loop
vertex 7.827754497528076 -28.87572479248047 1.7000000476837158
vertex 7.827754497528076 -28.87572479248047 0
vertex 7.681764125823975 -28.778175354003906 1.7000000476837158
endloop
endfacet
facet normal -0.5555772839934787 0.8314649009491799 0
outer loop
vertex 8.318160057067871 -28.778175354003906 1.7000000476837158
vertex 8.318160057067871 -28.778175354003906 0
vertex 8.17216968536377 -28.87572479248047 1.7000000476837158
endloop
endfacet
facet normal -0.8314699190325903 0.555569773965375 0
outer loop
vertex 8.4157075881958 -28.632184982299805 1.7000000476837158
vertex 8.4157075881958 -28.632184982299805 0
vertex 8.318160057067871 -28.778175354003906 1.7000000476837158
endloop
endfacet
facet normal -0.9807852845629332 0.19509030110388895 0
outer loop
vertex 8.44996166229248 -28.459978103637695 1.7000000476837158
vertex 8.44996166229248 -28.459978103637695 0
vertex 8.4157075881958 -28.632184982299805 1.7000000476837158
endloop
endfacet
facet normal -0.8314699190325903 -0.555569773965375 0
outer loop
vertex 8.318160057067871 -28.141780853271484 1.7000000476837158
vertex 8.318160057067871 -28.141780853271484 0
vertex 8.4157075881958 -28.287771224975586 1.7000000476837158
endloop
endfacet
facet normal -0.9807852845629332 -0.19509030110388895 0
outer loop
vertex 8.4157075881958 -28.287771224975586 1.7000000476837158
vertex 8.4157075881958 -28.287771224975586 0
vertex 8.44996166229248 -28.459978103637695 1.7000000476837158
endloop
endfacet
facet normal 0.19510023104767313 -0.9807833093222704 0
outer loop
vertex 7.827754497528076 -28.044233322143555 1.7000000476837158
vertex 7.827754497528076 -28.044233322143555 0
vertex 7.999961853027344 -28.009977340698242 1.7000000476837158
endloop
endfacet
facet normal -0.19509971138541468 -0.9807834126948354 0
outer loop
vertex 7.999961853027344 -28.009977340698242 1.7000000476837158
vertex 7.999961853027344 -28.009977340698242 0
vertex 8.17216968536377 -28.044233322143555 1.7000000476837158
endloop
endfacet
facet normal -0.555569773965375 -0.8314699190325903 0
outer loop
vertex 8.17216968536377 -28.044233322143555 1.7000000476837158
vertex 8.17216968536377 -28.044233322143555 0
vertex 8.318160057067871 -28.141780853271484 1.7000000476837158
endloop
endfacet
facet normal 0 0 -1
outer loop
vertex 7.584216117858887 -28.632184982299805 1.7000000476837158
vertex 7.549962043762207 -28.459978103637695 1.7000000476837158
vertex 7.584216117858887 -28.287771224975586 1.7000000476837158
endloop
endfacet
facet normal 0 0 -1
outer loop
vertex 7.681764125823975 -28.778175354003906 1.7000000476837158
vertex 7.584216117858887 -28.632184982299805 1.7000000476837158
vertex 7.681764125823975 -28.141780853271484 1.7000000476837158
endloop
endfacet
facet normal 0 0 -1
outer loop
vertex 7.681764125823975 -28.141780853271484 1.7000000476837158
vertex 7.584216117858887 -28.632184982299805 1.7000000476837158
vertex 7.584216117858887 -28.287771224975586 1.7000000476837158
endloop
endfacet
facet normal 0 0 -1
outer loop
vertex 7.681764125823975 -28.141780853271484 1.7000000476837158
vertex 7.827754497528076 -28.044233322143555 1.7000000476837158
vertex 7.681764125823975 -28.778175354003906 1.7000000476837158
endloop
endfacet
facet normal 0 0 -1
outer loop
vertex 7.827754497528076 -28.87572479248047 1.7000000476837158
vertex 7.681764125823975 -28.778175354003906 1.7000000476837158
vertex 7.827754497528076 -28.044233322143555 1.7000000476837158
endloop
endfacet
facet normal 0 0 -1
outer loop
vertex 7.999961853027344 -28.90997886657715 1.7000000476837158
vertex 7.827754497528076 -28.87572479248047 1.7000000476837158
vertex 7.999961853027344 -28.009977340698242 1.7000000476837158
endloop
endfacet
facet normal 0 0 -1
outer loop
vertex 8.17216968536377 -28.87572479248047 1.7000000476837158
vertex 7.999961853027344 -28.90997886657715 1.7000000476837158
vertex 8.17216968536377 -28.044233322143555 1.7000000476837158
endloop
endfacet
facet normal 0 0 -1
outer loop
vertex 7.999961853027344 -28.009977340698242 1.7000000476837158
vertex 7.827754497528076 -28.87572479248047 1.7000000476837158
vertex 7.827754497528076 -28.044233322143555 1.7000000476837158
endloop
endfacet
facet normal 0 0 -1
outer loop
vertex 8.17216968536377 -28.044233322143555 1.7000000476837158
vertex 7.999961853027344 -28.90997886657715 1.7000000476837158
vertex 7.999961853027344 -28.009977340698242 1.7000000476837158
endloop
endfacet
facet normal 0 0 -1
outer loop
vertex 8.318160057067871 -28.778175354003906 1.7000000476837158
vertex 8.17216968536377 -28.87572479248047 1.7000000476837158
vertex 8.318160057067871 -28.141780853271484 1.7000000476837158
endloop
endfacet
facet normal 0 0 -1
outer loop
vertex 8.4157075881958 -28.632184982299805 1.7000000476837158
vertex 8.318160057067871 -28.778175354003906 1.7000000476837158
vertex 8.4157075881958 -28.287771224975586 1.7000000476837158
endloop
endfacet
facet normal 0 0 -1
outer loop
vertex 8.318160057067871 -28.141780853271484 1.7000000476837158
vertex 8.17216968536377 -28.87572479248047 1.7000000476837158
vertex 8.17216968536377 -28.044233322143555 1.7000000476837158
endloop
endfacet
facet normal 0 0 -1
outer loop
vertex 8.318160057067871 -28.141780853271484 1.7000000476837158
vertex 8.4157075881958 -28.287771224975586 1.7000000476837158
vertex 8.318160057067871 -28.778175354003906 1.7000000476837158
endloop
endfacet
facet normal 0 0 -1
outer loop
vertex 8.44996166229248 -28.459978103637695 1.7000000476837158
vertex 8.4157075881958 -28.632184982299805 1.7000000476837158
vertex 8.4157075881958 -28.287771224975586 1.7000000476837158
endloop
endfacet
facet normal 0 0 -1
outer loop
vertex 7.999961853027344 -27.639978408813477 1.7000000476837158
vertex 7.827754497528076 -27.605724334716797 1.7000000476837158
vertex 7.999961853027344 -26.739978790283203 1.7000000476837158
endloop
endfacet
facet normal -0.9807856980081253 0.19508822256280442 0
outer loop
vertex 8.44996166229248 -27.189977645874023 1.7000000476837158
vertex 8.44996166229248 -27.189977645874023 0
vertex 8.4157075881958 -27.362186431884766 1.7000000476837158
endloop
endfacet
facet normal 0 0 -1
outer loop
vertex 7.584216117858887 -27.362186431884766 1.7000000476837158
vertex 7.549962043762207 -27.189977645874023 1.7000000476837158
vertex 7.584216117858887 -27.017770767211914 1.7000000476837158
endloop
endfacet
facet normal 0 0 -1
outer loop
vertex 7.681764125823975 -26.871780395507812 1.7000000476837158
vertex 7.584216117858887 -27.362186431884766 1.7000000476837158
vertex 7.584216117858887 -27.017770767211914 1.7000000476837158
endloop
endfacet
facet normal -0.19508926182791986 0.9807854912871812 0
outer loop
vertex 8.17216968536377 -27.605724334716797 1.7000000476837158
vertex 8.17216968536377 -27.605724334716797 0
vertex 7.999961853027344 -27.639978408813477 1.7000000476837158
endloop
endfacet
facet normal 0.555569773965375 0.8314699190325903 0
outer loop
vertex 7.827754497528076 -27.605724334716797 0
vertex 7.681764125823975 -27.508176803588867 0
vertex 7.681764125823975 -27.508176803588867 1.7000000476837158
endloop
endfacet
facet normal 0.555569773965375 0.8314699190325903 0
outer loop
vertex 7.827754497528076 -27.605724334716797 1.7000000476837158
vertex 7.827754497528076 -27.605724334716797 0
vertex 7.681764125823975 -27.508176803588867 1.7000000476837158
endloop
endfacet
facet normal -0.555569773965375 0.8314699190325903 0
outer loop
vertex 8.318160057067871 -27.508176803588867 0
vertex 8.17216968536377 -27.605724334716797 1.7000000476837158
vertex 8.318160057067871 -27.508176803588867 1.7000000476837158
endloop
endfacet
facet normal 0 0 -1
outer loop
vertex 8.318160057067871 -26.871780395507812 1.7000000476837158
vertex 8.4157075881958 -27.017770767211914 1.7000000476837158
vertex 8.318160057067871 -27.508176803588867 1.7000000476837158
endloop
endfacet
facet normal 0 0 -1
outer loop
vertex 8.17216968536377 -26.774232864379883 1.7000000476837158
vertex 8.318160057067871 -26.871780395507812 1.7000000476837158
vertex 8.17216968536377 -27.605724334716797 1.7000000476837158
endloop
endfacet
facet normal 0 0 -1
outer loop
vertex 8.44996166229248 -27.189977645874023 1.7000000476837158
vertex 8.4157075881958 -27.362186431884766 1.7000000476837158
vertex 8.4157075881958 -27.017770767211914 1.7000000476837158
endloop
endfacet
facet normal 0 0 -1
outer loop
vertex 8.4157075881958 -27.362186431884766 1.7000000476837158
vertex 8.318160057067871 -27.508176803588867 1.7000000476837158
vertex 8.4157075881958 -27.017770767211914 1.7000000476837158
endloop
endfacet
facet normal 0 0 -1
outer loop
vertex 8.318160057067871 -27.508176803588867 1.7000000476837158
vertex 8.17216968536377 -27.605724334716797 1.7000000476837158
vertex 8.318160057067871 -26.871780395507812 1.7000000476837158
endloop
endfacet
facet normal 0 0 -1
outer loop
vertex 8.17216968536377 -26.774232864379883 1.7000000476837158
vertex 7.999961853027344 -27.639978408813477 1.7000000476837158
vertex 7.999961853027344 -26.739978790283203 1.7000000476837158
endloop
endfacet
facet normal 0 0 -1
outer loop
vertex 7.999961853027344 -26.739978790283203 1.7000000476837158
vertex 7.827754497528076 -27.605724334716797 1.7000000476837158
vertex 7.827754497528076 -26.774232864379883 1.7000000476837158
endloop
endfacet
facet normal 0 0 -1
outer loop
vertex 8.17216968536377 -27.605724334716797 1.7000000476837158
vertex 7.999961853027344 -27.639978408813477 1.7000000476837158
vertex 8.17216968536377 -26.774232864379883 1.7000000476837158
endloop
endfacet
facet normal 0 0 -1
outer loop
vertex 7.827754497528076 -27.605724334716797 1.7000000476837158
vertex 7.681764125823975 -27.508176803588867 1.7000000476837158
vertex 7.827754497528076 -26.774232864379883 1.7000000476837158
endloop
endfacet
facet normal 0 0 -1
outer loop
vertex 7.681764125823975 -27.508176803588867 1.7000000476837158
vertex 7.681764125823975 -26.871780395507812 1.7000000476837158
vertex 7.827754497528076 -26.774232864379883 1.7000000476837158
endloop
endfacet
facet normal 0 0 -1
outer loop
vertex 7.681764125823975 -27.508176803588867 1.7000000476837158
vertex 7.584216117858887 -27.362186431884766 1.7000000476837158
vertex 7.681764125823975 -26.871780395507812 1.7000000476837158
endloop
endfacet
facet normal -0.555569773965375 0.8314699190325903 0
outer loop
vertex 8.318160057067871 -27.508176803588867 0
vertex 8.17216968536377 -27.605724334716797 0
vertex 8.17216968536377 -27.605724334716797 1.7000000476837158
endloop
endfacet
facet normal 0.8314686645124185 0.5555716514851484 0
outer loop
vertex 7.681764125823975 -27.508176803588867 0
vertex 7.584216117858887 -27.362186431884766 0
vertex 7.584216117858887 -27.362186431884766 1.7000000476837158
endloop
endfacet
facet normal 0.19508978146454767 0.9807853879254701 0
outer loop
vertex 7.999961853027344 -27.639978408813477 0
vertex 7.827754497528076 -27.605724334716797 0
vertex 7.827754497528076 -27.605724334716797 1.7000000476837158
endloop
endfacet
facet normal -0.19508926182791986 0.9807854912871812 0
outer loop
vertex 8.17216968536377 -27.605724334716797 0
vertex 7.999961853027344 -27.639978408813477 0
vertex 7.999961853027344 -27.639978408813477 1.7000000476837158
endloop
endfacet
facet normal 0.9807856980081253 0.19508822256280442 0
outer loop
vertex 7.584216117858887 -27.362186431884766 0
vertex 7.549962043762207 -27.189977645874023 0
vertex 7.549962043762207 -27.189977645874023 1.7000000476837158
endloop
endfacet
facet normal 0.9807852845629332 -0.19509030110388895 0
outer loop
vertex 7.549962043762207 -27.189977645874023 0
vertex 7.584216117858887 -27.017770767211914 0
vertex 7.584216117858887 -27.017770767211914 1.7000000476837158
endloop
endfacet
facet normal 0.8314686645124185 -0.5555716514851484 0
outer loop
vertex 7.584216117858887 -27.017770767211914 0
vertex 7.681764125823975 -26.871780395507812 0
vertex 7.681764125823975 -26.871780395507812 1.7000000476837158
endloop
endfacet
facet normal -0.8314699190325903 0.555569773965375 0
outer loop
vertex 8.4157075881958 -27.362186431884766 0
vertex 8.318160057067871 -27.508176803588867 0
vertex 8.318160057067871 -27.508176803588867 1.7000000476837158
endloop
endfacet
facet normal -0.9807856980081253 0.19508822256280442 0
outer loop
vertex 8.44996166229248 -27.189977645874023 0
vertex 8.4157075881958 -27.362186431884766 0
vertex 8.4157075881958 -27.362186431884766 1.7000000476837158
endloop
endfacet
facet normal -0.555569773965375 -0.8314699190325903 0
outer loop
vertex 8.17216968536377 -26.774232864379883 0
vertex 8.318160057067871 -26.871780395507812 0
vertex 8.318160057067871 -26.871780395507812 1.7000000476837158
endloop
endfacet
facet normal -0.9807852845629332 -0.19509030110388895 0
outer loop
vertex 8.4157075881958 -27.017770767211914 0
vertex 8.44996166229248 -27.189977645874023 0
vertex 8.44996166229248 -27.189977645874023 1.7000000476837158
endloop
endfacet
facet normal 0.19508978146454767 0.9807853879254701 0
outer loop
vertex 7.999961853027344 -27.639978408813477 1.7000000476837158
vertex 7.999961853027344 -27.639978408813477 0
vertex 7.827754497528076 -27.605724334716797 1.7000000476837158
endloop
endfacet
facet normal 0.555569773965375 -0.8314699190325903 0
outer loop
vertex 7.681764125823975 -26.871780395507812 0
vertex 7.827754497528076 -26.774232864379883 0
vertex 7.827754497528076 -26.774232864379883 1.7000000476837158
endloop
endfacet
facet normal 0.19508978146454767 -0.9807853879254701 0
outer loop
vertex 7.827754497528076 -26.774232864379883 0
vertex 7.999961853027344 -26.739978790283203 0
vertex 7.999961853027344 -26.739978790283203 1.7000000476837158
endloop
endfacet
facet normal -0.19508926182791986 -0.9807854912871812 0
outer loop
vertex 7.999961853027344 -26.739978790283203 0
vertex 8.17216968536377 -26.774232864379883 0
vertex 8.17216968536377 -26.774232864379883 1.7000000476837158
endloop
endfacet
facet normal 0.8314686645124185 0.5555716514851484 0
outer loop
vertex 7.681764125823975 -27.508176803588867 1.7000000476837158
vertex 7.681764125823975 -27.508176803588867 0
vertex 7.584216117858887 -27.362186431884766 1.7000000476837158
endloop
endfacet
facet normal 0.9807856980081253 0.19508822256280442 0
outer loop
vertex 7.584216117858887 -27.362186431884766 1.7000000476837158
vertex 7.584216117858887 -27.362186431884766 0
vertex 7.549962043762207 -27.189977645874023 1.7000000476837158
endloop
endfacet
facet normal 0.9807852845629332 -0.19509030110388895 0
outer loop
vertex 7.549962043762207 -27.189977645874023 1.7000000476837158
vertex 7.549962043762207 -27.189977645874023 0
vertex 7.584216117858887 -27.017770767211914 1.7000000476837158
endloop
endfacet
facet normal -0.555569773965375 -0.8314699190325903 0
outer loop
vertex 8.17216968536377 -26.774232864379883 1.7000000476837158
vertex 8.17216968536377 -26.774232864379883 0
vertex 8.318160057067871 -26.871780395507812 1.7000000476837158
endloop
endfacet
facet normal 0.8314686645124185 -0.5555716514851484 0
outer loop
vertex 7.584216117858887 -27.017770767211914 1.7000000476837158
vertex 7.584216117858887 -27.017770767211914 0
vertex 7.681764125823975 -26.871780395507812 1.7000000476837158
endloop
endfacet
facet normal 0.555569773965375 -0.8314699190325903 0
outer loop
vertex 7.681764125823975 -26.871780395507812 1.7000000476837158
vertex 7.681764125823975 -26.871780395507812 0
vertex 7.827754497528076 -26.774232864379883 1.7000000476837158
endloop
endfacet
facet normal -0.8314699190325903 0.555569773965375 0
outer loop
vertex 8.4157075881958 -27.362186431884766 1.7000000476837158
vertex 8.4157075881958 -27.362186431884766 0
vertex 8.318160057067871 -27.508176803588867 1.7000000476837158
endloop
endfacet
facet normal -0.19508926182791986 -0.9807854912871812 0
outer loop
vertex 7.999961853027344 -26.739978790283203 1.7000000476837158
vertex 7.999961853027344 -26.739978790283203 0
vertex 8.17216968536377 -26.774232864379883 1.7000000476837158
endloop
endfacet
facet normal 0.19508978146454767 -0.9807853879254701 0
outer loop
vertex 7.827754497528076 -26.774232864379883 1.7000000476837158
vertex 7.827754497528076 -26.774232864379883 0
vertex 7.999961853027344 -26.739978790283203 1.7000000476837158
endloop
endfacet
facet normal -0.8314699190325903 -0.555569773965375 0
outer loop
vertex 8.318160057067871 -26.871780395507812 1.7000000476837158
vertex 8.318160057067871 -26.871780395507812 0
vertex 8.4157075881958 -27.017770767211914 1.7000000476837158
endloop
endfacet
facet normal -0.9807852845629332 -0.19509030110388895 0
outer loop
vertex 8.4157075881958 -27.017770767211914 1.7000000476837158
vertex 8.4157075881958 -27.017770767211914 0
vertex 8.44996166229248 -27.189977645874023 1.7000000476837158
endloop
endfacet
facet normal -0.8314699190325903 -0.555569773965375 0
outer loop
vertex 8.318160057067871 -26.871780395507812 0
vertex 8.4157075881958 -27.017770767211914 0
vertex 8.4157075881958 -27.017770767211914 1.7000000476837158
endloop
endfacet
facet normal 0.555569773965375 0.8314699190325903 0
outer loop
vertex 7.827754497528076 -26.335723876953125 1.7000000476837158
vertex 7.827754497528076 -26.335723876953125 0
vertex 7.681764125823975 -26.238176345825195 1.7000000476837158
endloop
endfacet
facet normal 0.555569773965375 -0.8314699190325903 0
outer loop
vertex 7.681764125823975 -25.60177993774414 1.7000000476837158
vertex 7.681764125823975 -25.60177993774414 0
vertex 7.827754497528076 -25.50423240661621 1.7000000476837158
endloop
endfacet
facet normal 0.8314686645124185 -0.5555716514851484 0
outer loop
vertex 7.584216117858887 -25.747770309448242 1.7000000476837158
vertex 7.584216117858887 -25.747770309448242 0
vertex 7.681764125823975 -25.60177993774414 1.7000000476837158
endloop
endfacet
facet normal 0.9807856980081253 -0.19508822256280442 0
outer loop
vertex 7.549962043762207 -25.919979095458984 1.7000000476837158
vertex 7.549962043762207 -25.919979095458984 0
vertex 7.584216117858887 -25.747770309448242 1.7000000476837158
endloop
endfacet
facet normal 0.9807852845629332 0.19509030110388895 0
outer loop
vertex 7.584216117858887 -26.092185974121094 1.7000000476837158
vertex 7.584216117858887 -26.092185974121094 0
vertex 7.549962043762207 -25.919979095458984 1.7000000476837158
endloop
endfacet
facet normal 0.8314686645124185 0.5555716514851484 0
outer loop
vertex 7.681764125823975 -26.238176345825195 1.7000000476837158
vertex 7.681764125823975 -26.238176345825195 0
vertex 7.584216117858887 -26.092185974121094 1.7000000476837158
endloop
endfacet
facet normal 0.19508978146454767 0.9807853879254701 0
outer loop
vertex 7.999961853027344 -26.369977951049805 1.7000000476837158
vertex 7.999961853027344 -26.369977951049805 0
vertex 7.827754497528076 -26.335723876953125 1.7000000476837158
endloop
endfacet
facet normal -0.19508926182791986 0.9807854912871812 0
outer loop
vertex 8.17216968536377 -26.335723876953125 1.7000000476837158
vertex 8.17216968536377 -26.335723876953125 0
vertex 7.999961853027344 -26.369977951049805 1.7000000476837158
endloop
endfacet
facet normal -0.555569773965375 0.8314699190325903 0
outer loop
vertex 8.318160057067871 -26.238176345825195 1.7000000476837158
vertex 8.318160057067871 -26.238176345825195 0
vertex 8.17216968536377 -26.335723876953125 1.7000000476837158
endloop
endfacet
facet normal -0.8314699190325903 0.555569773965375 0
outer loop
vertex 8.4157075881958 -26.092185974121094 1.7000000476837158
vertex 8.4157075881958 -26.092185974121094 0
vertex 8.318160057067871 -26.238176345825195 1.7000000476837158
endloop
endfacet
facet normal 0 0 -1
outer loop
vertex 8.44996166229248 -25.919979095458984 1.7000000476837158
vertex 8.4157075881958 -26.092185974121094 1.7000000476837158
vertex 8.4157075881958 -25.747770309448242 1.7000000476837158
endloop
endfacet
facet normal 0 0 -1
outer loop
vertex 8.318160057067871 -25.60177993774414 1.7000000476837158
vertex 8.4157075881958 -25.747770309448242 1.7000000476837158
vertex 8.318160057067871 -26.238176345825195 1.7000000476837158
endloop
endfacet
facet normal 0 0 -1
outer loop
vertex 8.4157075881958 -26.092185974121094 1.7000000476837158
vertex 8.318160057067871 -26.238176345825195 1.7000000476837158
vertex 8.4157075881958 -25.747770309448242 1.7000000476837158
endloop
endfacet
facet normal -0.8314699190325903 -0.555569773965375 0
outer loop
vertex 8.318160057067871 -25.60177993774414 0
vertex 8.4157075881958 -25.747770309448242 0
vertex 8.4157075881958 -25.747770309448242 1.7000000476837158
endloop
endfacet
facet normal -0.555569773965375 -0.8314699190325903 0
outer loop
vertex 8.17216968536377 -25.50423240661621 0
vertex 8.318160057067871 -25.60177993774414 0
vertex 8.318160057067871 -25.60177993774414 1.7000000476837158
endloop
endfacet
facet normal -0.9807856980081253 -0.19508822256280442 0
outer loop
vertex 8.4157075881958 -25.747770309448242 0
vertex 8.44996166229248 -25.919979095458984 0
vertex 8.44996166229248 -25.919979095458984 1.7000000476837158
endloop
endfacet
facet normal -0.9807852845629332 0.19509030110388895 0
outer loop
vertex 8.44996166229248 -25.919979095458984 0
vertex 8.4157075881958 -26.092185974121094 0
vertex 8.4157075881958 -26.092185974121094 1.7000000476837158
endloop
endfacet
facet normal -0.19508926182791986 -0.9807854912871812 0
outer loop
vertex 7.999961853027344 -25.46997833251953 0
vertex 8.17216968536377 -25.50423240661621 0
vertex 8.17216968536377 -25.50423240661621 1.7000000476837158
endloop
endfacet
facet normal 0.19508978146454767 -0.9807853879254701 0
outer loop
vertex 7.827754497528076 -25.50423240661621 0
vertex 7.999961853027344 -25.46997833251953 0
vertex 7.999961853027344 -25.46997833251953 1.7000000476837158
endloop
endfacet
facet normal 0.555569773965375 -0.8314699190325903 0
outer loop
vertex 7.681764125823975 -25.60177993774414 0
vertex 7.827754497528076 -25.50423240661621 0
vertex 7.827754497528076 -25.50423240661621 1.7000000476837158
endloop
endfacet
facet normal -0.8314699190325903 0.555569773965375 0
outer loop
vertex 8.4157075881958 -26.092185974121094 0
vertex 8.318160057067871 -26.238176345825195 0
vertex 8.318160057067871 -26.238176345825195 1.7000000476837158
endloop
endfacet
facet normal -0.555569773965375 0.8314699190325903 0
outer loop
vertex 8.318160057067871 -26.238176345825195 0
vertex 8.17216968536377 -26.335723876953125 0
vertex 8.17216968536377 -26.335723876953125 1.7000000476837158
endloop
endfacet
facet normal -0.19508926182791986 0.9807854912871812 0
outer loop
vertex 8.17216968536377 -26.335723876953125 0
vertex 7.999961853027344 -26.369977951049805 0
vertex 7.999961853027344 -26.369977951049805 1.7000000476837158
endloop
endfacet
facet normal 0.19508978146454767 0.9807853879254701 0
outer loop
vertex 7.999961853027344 -26.369977951049805 0
vertex 7.827754497528076 -26.335723876953125 0
vertex 7.827754497528076 -26.335723876953125 1.7000000476837158
endloop
endfacet
facet normal 0 0 -1
outer loop
vertex 8.318160057067871 -25.60177993774414 1.7000000476837158
vertex 8.17216968536377 -26.335723876953125 1.7000000476837158
vertex 8.17216968536377 -25.50423240661621 1.7000000476837158
endloop
endfacet
facet normal 0.19508978146454767 -0.9807853879254701 0
outer loop
vertex 7.827754497528076 -25.50423240661621 1.7000000476837158
vertex 7.827754497528076 -25.50423240661621 0
vertex 7.999961853027344 -25.46997833251953 1.7000000476837158
endloop
endfacet
facet normal -0.19508926182791986 -0.9807854912871812 0
outer loop
vertex 7.999961853027344 -25.46997833251953 1.7000000476837158
vertex 7.999961853027344 -25.46997833251953 0
vertex 8.17216968536377 -25.50423240661621 1.7000000476837158
endloop
endfacet
facet normal -0.9807852845629332 0.19509030110388895 0
outer loop
vertex 8.44996166229248 -25.919979095458984 1.7000000476837158
vertex 8.44996166229248 -25.919979095458984 0
vertex 8.4157075881958 -26.092185974121094 1.7000000476837158
endloop
endfacet
facet normal -0.9807856980081253 -0.19508822256280442 0
outer loop
vertex 8.4157075881958 -25.747770309448242 1.7000000476837158
vertex 8.4157075881958 -25.747770309448242 0
vertex 8.44996166229248 -25.919979095458984 1.7000000476837158
endloop
endfacet
facet normal -0.555569773965375 -0.8314699190325903 0
outer loop
vertex 8.17216968536377 -25.50423240661621 1.7000000476837158
vertex 8.17216968536377 -25.50423240661621 0
vertex 8.318160057067871 -25.60177993774414 1.7000000476837158
endloop
endfacet
facet normal -0.8314699190325903 -0.555569773965375 0
outer loop
vertex 8.318160057067871 -25.60177993774414 1.7000000476837158
vertex 8.318160057067871 -25.60177993774414 0
vertex 8.4157075881958 -25.747770309448242 1.7000000476837158
endloop
endfacet
facet normal 0 0 -1
outer loop
vertex 8.318160057067871 -26.238176345825195 1.7000000476837158
vertex 8.17216968536377 -26.335723876953125 1.7000000476837158
vertex 8.318160057067871 -25.60177993774414 1.7000000476837158
endloop
endfacet
facet normal 0 0 -1
outer loop
vertex 7.999961853027344 -25.46997833251953 1.7000000476837158
vertex 7.827754497528076 -26.335723876953125 1.7000000476837158
vertex 7.827754497528076 -25.50423240661621 1.7000000476837158
endloop
endfacet
facet normal 0.8314686645124185 -0.5555716514851484 0
outer loop
vertex 7.584216117858887 -25.747770309448242 0
vertex 7.681764125823975 -25.60177993774414 0
vertex 7.681764125823975 -25.60177993774414 1.7000000476837158
endloop
endfacet
facet normal 0.9807856980081253 -0.19508822256280442 0
outer loop
vertex 7.549962043762207 -25.919979095458984 0
vertex 7.584216117858887 -25.747770309448242 0
vertex 7.584216117858887 -25.747770309448242 1.7000000476837158
endloop
endfacet
facet normal 0 0 -1
outer loop
vertex 8.17216968536377 -25.50423240661621 1.7000000476837158
vertex 7.999961853027344 -26.369977951049805 1.7000000476837158
vertex 7.999961853027344 -25.46997833251953 1.7000000476837158
endloop
endfacet
facet normal 0.9807852845629332 0.19509030110388895 0
outer loop
vertex 7.584216117858887 -26.092185974121094 0
vertex 7.549962043762207 -25.919979095458984 0
vertex 7.549962043762207 -25.919979095458984 1.7000000476837158
endloop
endfacet
facet normal 0.555569773965375 0.8314699190325903 0
outer loop
vertex 7.827754497528076 -26.335723876953125 0
vertex 7.681764125823975 -26.238176345825195 0
vertex 7.681764125823975 -26.238176345825195 1.7000000476837158
endloop
endfacet
facet normal 0.8314686645124185 0.5555716514851484 0
outer loop
vertex 7.681764125823975 -26.238176345825195 0
vertex 7.584216117858887 -26.092185974121094 0
vertex 7.584216117858887 -26.092185974121094 1.7000000476837158
endloop
endfacet
facet normal 0 0 -1
outer loop
vertex 8.17216968536377 -26.335723876953125 1.7000000476837158
vertex 7.999961853027344 -26.369977951049805 1.7000000476837158
vertex 8.17216968536377 -25.50423240661621 1.7000000476837158
endloop
endfacet
facet normal 0 0 -1
outer loop
vertex 7.999961853027344 -26.369977951049805 1.7000000476837158
vertex 7.827754497528076 -26.335723876953125 1.7000000476837158
vertex 7.999961853027344 -25.46997833251953 1.7000000476837158
endloop
endfacet
facet normal 0 0 -1
outer loop
vertex 7.827754497528076 -26.335723876953125 1.7000000476837158
vertex 7.681764125823975 -26.238176345825195 1.7000000476837158
vertex 7.827754497528076 -25.50423240661621 1.7000000476837158
endloop
endfacet
facet normal 0 0 -1
outer loop
vertex 7.681764125823975 -25.60177993774414 1.7000000476837158
vertex 7.827754497528076 -25.50423240661621 1.7000000476837158
vertex 7.681764125823975 -26.238176345825195 1.7000000476837158
endloop
endfacet
facet normal 0 0 -1
outer loop
vertex 7.681764125823975 -25.60177993774414 1.7000000476837158
vertex 7.584216117858887 -26.092185974121094 1.7000000476837158
vertex 7.584216117858887 -25.747770309448242 1.7000000476837158
endloop
endfacet
facet normal 0 0 -1
outer loop
vertex 7.584216117858887 -26.092185974121094 1.7000000476837158
vertex 7.549962043762207 -25.919979095458984 1.7000000476837158
vertex 7.584216117858887 -25.747770309448242 1.7000000476837158
endloop
endfacet
facet normal 0 0 -1
outer loop
vertex 7.681764125823975 -26.238176345825195 1.7000000476837158
vertex 7.584216117858887 -26.092185974121094 1.7000000476837158
vertex 7.681764125823975 -25.60177993774414 1.7000000476837158
endloop
endfacet
facet normal 0.5555697739648193 0.8314699190317586 -0.0000014143678639727694
outer loop
vertex 7.827754497528076 -25.065723419189453 1.7000000476837158
vertex 7.729359149932861 -24.99997901916504 1
vertex 7.681764125823975 -24.968175888061523 1.7000000476837158
endloop
endfacet
facet normal 0 0 -1
outer loop
vertex 8.44996166229248 -24.649978637695312 1.7000000476837158
vertex 8.4157075881958 -24.822185516357422 1.7000000476837158
vertex 8.4157075881958 -24.47776985168457 1.7000000476837158
endloop
endfacet
facet normal -0.8314699190325903 0.555569773965375 0
outer loop
vertex 8.4157075881958 -24.822185516357422 1
vertex 8.318160057067871 -24.968175888061523 1
vertex 8.318160057067871 -24.968175888061523 1.7000000476837158
endloop
endfacet
facet normal -0.9807852845629332 0.19509030110388895 0
outer loop
vertex 8.44996166229248 -24.649978637695312 1
vertex 8.4157075881958 -24.822185516357422 1
vertex 8.4157075881958 -24.822185516357422 1.7000000476837158
endloop
endfacet
facet normal 0.8314686645124185 0.5555716514851484 0
outer loop
vertex 7.681764125823975 -24.968175888061523 1.7000000476837158
vertex 7.681764125823975 -24.968175888061523 1
vertex 7.584216117858887 -24.822185516357422 1.7000000476837158
endloop
endfacet
facet normal -0.5555697739648193 0.8314699190317586 -0.0000014143678639727694
outer loop
vertex 8.318160057067871 -24.968175888061523 1.7000000476837158
vertex 8.270565032958984 -24.99997901916504 1
vertex 8.17216968536377 -25.065723419189453 1.7000000476837158
endloop
endfacet
facet normal -0.8314699190325903 0.555569773965375 0
outer loop
vertex 8.4157075881958 -24.822185516357422 1.7000000476837158
vertex 8.4157075881958 -24.822185516357422 1
vertex 8.318160057067871 -24.968175888061523 1.7000000476837158
endloop
endfacet
facet normal 0 0 -1
outer loop
vertex 7.681764125823975 -24.968175888061523 1.7000000476837158
vertex 7.584216117858887 -24.822185516357422 1.7000000476837158
vertex 7.681764125823975 -24.33177947998047 1.7000000476837158
endloop
endfacet
facet normal 0.5555730065139016 -0.8314677591062111 0
outer loop
vertex 7.75 -24.28618621826172 1
vertex 7.827754497528076 -24.23423194885254 0
vertex 7.827754497528076 -24.23423194885254 1.7000000476837158
endloop
endfacet
facet normal -0.5555697739647365 -0.8314699190316347 0.0000015160717571702046
outer loop
vertex 8.17216968536377 -24.23423194885254 1.7000000476837158
vertex 8.25 -24.286237716674805 1
vertex 8.318160057067871 -24.33177947998047 1.7000000476837158
endloop
endfacet
facet normal -0.5555792006111888 -0.831463620279464 0
outer loop
vertex 8.17216968536377 -24.23423194885254 1.7000000476837158
vertex 8.17216968536377 -24.23423194885254 0
vertex 8.25 -24.286237716674805 1
endloop
endfacet
facet normal 0.9807852845629332 0.19509030110388895 0
outer loop
vertex 7.584216117858887 -24.822185516357422 1.7000000476837158
vertex 7.584216117858887 -24.822185516357422 1
vertex 7.549962043762207 -24.649978637695312 1.7000000476837158
endloop
endfacet
facet normal 0.8314686645124185 0.5555716514851484 0
outer loop
vertex 7.681764125823975 -24.968175888061523 1
vertex 7.584216117858887 -24.822185516357422 1
vertex 7.584216117858887 -24.822185516357422 1.7000000476837158
endloop
endfacet
facet normal 0.5555841548119782 0.8314603098896903 0
outer loop
vertex 7.681764125823975 -24.968175888061523 1.7000000476837158
vertex 7.729359149932861 -24.99997901916504 1
vertex 7.681764125823975 -24.968175888061523 1
endloop
endfacet
facet normal 0 0 -1
outer loop
vertex 7.681764125823975 -24.33177947998047 1.7000000476837158
vertex 7.584216117858887 -24.822185516357422 1.7000000476837158
vertex 7.584216117858887 -24.47776985168457 1.7000000476837158
endloop
endfacet
facet normal 0 0 -1
outer loop
vertex 7.827754497528076 -24.23423194885254 1.7000000476837158
vertex 7.681764125823975 -24.968175888061523 1.7000000476837158
vertex 7.681764125823975 -24.33177947998047 1.7000000476837158
endloop
endfacet
facet normal 0.19508978146454767 -0.9807853879254701 0
outer loop
vertex 7.827754497528076 -24.23423194885254 1.7000000476837158
vertex 7.827754497528076 -24.23423194885254 0
vertex 7.999961853027344 -24.19997787475586 1.7000000476837158
endloop
endfacet
facet normal 0.5555730065139016 -0.8314677591062111 0
outer loop
vertex 7.75 -24.28618621826172 0
vertex 7.827754497528076 -24.23423194885254 0
vertex 7.75 -24.28618621826172 1
endloop
endfacet
facet normal -0.19508926182791986 -0.9807854912871812 0
outer loop
vertex 7.999961853027344 -24.19997787475586 1.7000000476837158
vertex 7.999961853027344 -24.19997787475586 0
vertex 8.17216968536377 -24.23423194885254 1.7000000476837158
endloop
endfacet
facet normal -0.5555792006111887 -0.8314636202794639 0
outer loop
vertex 8.17216968536377 -24.23423194885254 0
vertex 8.25 -24.286237716674805 0
vertex 8.25 -24.286237716674805 1
endloop
endfacet
facet normal 0 0 -1
outer loop
vertex 7.584216117858887 -24.822185516357422 1.7000000476837158
vertex 7.549962043762207 -24.649978637695312 1.7000000476837158
vertex 7.584216117858887 -24.47776985168457 1.7000000476837158
endloop
endfacet
facet normal 0 0 -1
outer loop
vertex 7.999961853027344 -24.19997787475586 1.7000000476837158
vertex 7.827754497528076 -25.065723419189453 1.7000000476837158
vertex 7.827754497528076 -24.23423194885254 1.7000000476837158
endloop
endfacet
facet normal 0 0 -1
outer loop
vertex 8.17216968536377 -24.23423194885254 1.7000000476837158
vertex 7.999961853027344 -25.099977493286133 1.7000000476837158
vertex 7.999961853027344 -24.19997787475586 1.7000000476837158
endloop
endfacet
facet normal -0.19508926182791986 -0.9807854912871812 0
outer loop
vertex 7.999961853027344 -24.19997787475586 0
vertex 8.17216968536377 -24.23423194885254 0
vertex 8.17216968536377 -24.23423194885254 1.7000000476837158
endloop
endfacet
facet normal 0.19508978146454767 -0.9807853879254701 0
outer loop
vertex 7.827754497528076 -24.23423194885254 0
vertex 7.999961853027344 -24.19997787475586 0
vertex 7.999961853027344 -24.19997787475586 1.7000000476837158
endloop
endfacet
facet normal -0.19508926182791986 0.9807854912871812 0
outer loop
vertex 8.17216968536377 -25.065723419189453 1.7000000476837158
vertex 8.17216968536377 -25.065723419189453 0
vertex 7.999961853027344 -25.099977493286133 1.7000000476837158
endloop
endfacet
facet normal 0.5555628175963769 0.8314745670821055 0
outer loop
vertex 7.827754497528076 -25.065723419189453 0
vertex 7.729359149932861 -24.99997901916504 0
vertex 7.729359149932861 -24.99997901916504 1
endloop
endfacet
facet normal 0.19508978146454767 0.9807853879254701 0
outer loop
vertex 7.999961853027344 -25.099977493286133 1.7000000476837158
vertex 7.999961853027344 -25.099977493286133 0
vertex 7.827754497528076 -25.065723419189453 1.7000000476837158
endloop
endfacet
facet normal -0.5555628175963769 0.8314745670821055 0
outer loop
vertex 8.270565032958984 -24.99997901916504 0
vertex 8.17216968536377 -25.065723419189453 0
vertex 8.270565032958984 -24.99997901916504 1
endloop
endfacet
facet normal -0.5555628175963769 0.8314745670821054 0
outer loop
vertex 8.270565032958984 -24.99997901916504 1
vertex 8.17216968536377 -25.065723419189453 0
vertex 8.17216968536377 -25.065723419189453 1.7000000476837158
endloop
endfacet
facet normal 0.19508978146454767 0.9807853879254701 0
outer loop
vertex 7.999961853027344 -25.099977493286133 0
vertex 7.827754497528076 -25.065723419189453 0
vertex 7.827754497528076 -25.065723419189453 1.7000000476837158
endloop
endfacet
facet normal -0.19508926182791986 0.9807854912871812 0
outer loop
vertex 8.17216968536377 -25.065723419189453 0
vertex 7.999961853027344 -25.099977493286133 0
vertex 7.999961853027344 -25.099977493286133 1.7000000476837158
endloop
endfacet
facet normal 0.5555628175963769 0.8314745670821054 0
outer loop
vertex 7.729359149932861 -24.99997901916504 1
vertex 7.827754497528076 -25.065723419189453 1.7000000476837158
vertex 7.827754497528076 -25.065723419189453 0
endloop
endfacet
facet normal 0 0 -1
outer loop
vertex 7.827754497528076 -25.065723419189453 1.7000000476837158
vertex 7.681764125823975 -24.968175888061523 1.7000000476837158
vertex 7.827754497528076 -24.23423194885254 1.7000000476837158
endloop
endfacet
facet normal 0 0 -1
outer loop
vertex 7.999961853027344 -25.099977493286133 1.7000000476837158
vertex 7.827754497528076 -25.065723419189453 1.7000000476837158
vertex 7.999961853027344 -24.19997787475586 1.7000000476837158
endloop
endfacet
facet normal 0 0 -1
outer loop
vertex 8.17216968536377 -25.065723419189453 1.7000000476837158
vertex 7.999961853027344 -25.099977493286133 1.7000000476837158
vertex 8.17216968536377 -24.23423194885254 1.7000000476837158
endloop
endfacet
facet normal 0 0 -1
outer loop
vertex 8.318160057067871 -24.968175888061523 1.7000000476837158
vertex 8.17216968536377 -25.065723419189453 1.7000000476837158
vertex 8.318160057067871 -24.33177947998047 1.7000000476837158
endloop
endfacet
facet normal 0 0 -1
outer loop
vertex 8.4157075881958 -24.822185516357422 1.7000000476837158
vertex 8.318160057067871 -24.968175888061523 1.7000000476837158
vertex 8.4157075881958 -24.47776985168457 1.7000000476837158
endloop
endfacet
facet normal 0.9807852845629332 0.19509030110388895 0
outer loop
vertex 7.549962043762207 -24.649978637695312 1.7000000476837158
vertex 7.584216117858887 -24.822185516357422 1
vertex 7.549962043762207 -24.649978637695312 1
endloop
endfacet
facet normal 0.9807856980081253 -0.19508822256280442 0
outer loop
vertex 7.549962043762207 -24.649978637695312 1
vertex 7.584216117858887 -24.47776985168457 1
vertex 7.584216117858887 -24.47776985168457 1.7000000476837158
endloop
endfacet
facet normal 0.8314686645124185 -0.5555716514851484 0
outer loop
vertex 7.584216117858887 -24.47776985168457 1
vertex 7.681764125823975 -24.33177947998047 1
vertex 7.681764125823975 -24.33177947998047 1.7000000476837158
endloop
endfacet
facet normal 0.555566090458937 -0.8314723802581612 0
outer loop
vertex 7.681764125823975 -24.33177947998047 1.7000000476837158
vertex 7.681764125823975 -24.33177947998047 1
vertex 7.75 -24.28618621826172 1
endloop
endfacet
facet normal -0.9807856980081253 -0.19508822256280442 0
outer loop
vertex 8.4157075881958 -24.47776985168457 1.7000000476837158
vertex 8.4157075881958 -24.47776985168457 1
vertex 8.44996166229248 -24.649978637695312 1.7000000476837158
endloop
endfacet
facet normal -0.8314699190325903 -0.555569773965375 0
outer loop
vertex 8.318160057067871 -24.33177947998047 1.7000000476837158
vertex 8.4157075881958 -24.47776985168457 1
vertex 8.4157075881958 -24.47776985168457 1.7000000476837158
endloop
endfacet
facet normal -0.9807852845629332 0.19509030110388895 0
outer loop
vertex 8.44996166229248 -24.649978637695312 1.7000000476837158
vertex 8.44996166229248 -24.649978637695312 1
vertex 8.4157075881958 -24.822185516357422 1.7000000476837158
endloop
endfacet
facet normal 0.9807856980081253 -0.19508822256280442 0
outer loop
vertex 7.549962043762207 -24.649978637695312 1.7000000476837158
vertex 7.549962043762207 -24.649978637695312 1
vertex 7.584216117858887 -24.47776985168457 1.7000000476837158
endloop
endfacet
facet normal 0.8314686645124185 -0.5555716514851484 0
outer loop
vertex 7.584216117858887 -24.47776985168457 1.7000000476837158
vertex 7.584216117858887 -24.47776985168457 1
vertex 7.681764125823975 -24.33177947998047 1.7000000476837158
endloop
endfacet
facet normal 0.5555697739652999 -0.831469919032478 5.193750838089647e-7
outer loop
vertex 7.681764125823975 -24.33177947998047 1.7000000476837158
vertex 7.75 -24.28618621826172 1
vertex 7.827754497528076 -24.23423194885254 1.7000000476837158
endloop
endfacet
facet normal -0.8314699190325903 -0.555569773965375 0
outer loop
vertex 8.318160057067871 -24.33177947998047 1
vertex 8.4157075881958 -24.47776985168457 1
vertex 8.318160057067871 -24.33177947998047 1.7000000476837158
endloop
endfacet
facet normal -0.5555590096453604 -0.8314771114118934 0
outer loop
vertex 8.25 -24.286237716674805 1
vertex 8.318160057067871 -24.33177947998047 1
vertex 8.318160057067871 -24.33177947998047 1.7000000476837158
endloop
endfacet
facet normal -0.9807856980081253 -0.19508822256280442 0
outer loop
vertex 8.4157075881958 -24.47776985168457 1
vertex 8.44996166229248 -24.649978637695312 1
vertex 8.44996166229248 -24.649978637695312 1.7000000476837158
endloop
endfacet
facet normal 0 0 -1
outer loop
vertex 8.318160057067871 -24.33177947998047 1.7000000476837158
vertex 8.17216968536377 -25.065723419189453 1.7000000476837158
vertex 8.17216968536377 -24.23423194885254 1.7000000476837158
endloop
endfacet
facet normal 0 0 -1
outer loop
vertex 8.4157075881958 -24.47776985168457 1.7000000476837158
vertex 8.318160057067871 -24.968175888061523 1.7000000476837158
vertex 8.318160057067871 -24.33177947998047 1.7000000476837158
endloop
endfacet
facet normal -0.5555841548119782 0.8314603098896903 0
outer loop
vertex 8.318160057067871 -24.968175888061523 1
vertex 8.270565032958984 -24.99997901916504 1
vertex 8.318160057067871 -24.968175888061523 1.7000000476837158
endloop
endfacet
facet normal -0.5555792006111888 -0.831463620279464 0
outer loop
vertex 8.17216968536377 -22.964231491088867 1.7000000476837158
vertex 8.17216968536377 -22.964231491088867 0
vertex 8.25 -23.016237258911133 1
endloop
endfacet
facet normal 0.19508978146454767 -0.9807853879254701 0
outer loop
vertex 7.827754497528076 -22.964231491088867 1.7000000476837158
vertex 7.827754497528076 -22.964231491088867 0
vertex 7.999961853027344 -22.929977416992188 1.7000000476837158
endloop
endfacet
facet normal 0.9807852845629332 -0.19509030110388895 0
outer loop
vertex 7.549962043762207 -23.37997817993164 1.7000000476837158
vertex 7.549962043762207 -23.37997817993164 1
vertex 7.584216117858887 -23.20777130126953 1.7000000476837158
endloop
endfacet
facet normal 0.8314686645124185 -0.5555716514851484 0
outer loop
vertex 7.584216117858887 -23.20777130126953 1.7000000476837158
vertex 7.584216117858887 -23.20777130126953 1
vertex 7.681764125823975 -23.06178092956543 1.7000000476837158
endloop
endfacet
facet normal 0.8314686645124185 -0.5555716514851484 0
outer loop
vertex 7.584216117858887 -23.20777130126953 1
vertex 7.681764125823975 -23.06178092956543 1
vertex 7.681764125823975 -23.06178092956543 1.7000000476837158
endloop
endfacet
facet normal 0.9807852845629332 -0.19509030110388895 0
outer loop
vertex 7.549962043762207 -23.37997817993164 1
vertex 7.584216117858887 -23.20777130126953 1
vertex 7.584216117858887 -23.20777130126953 1.7000000476837158
endloop
endfacet
facet normal 0.9807852845629332 0.19509030110388895 0
outer loop
vertex 7.584216117858887 -23.55218505859375 1.7000000476837158
vertex 7.584216117858887 -23.55218505859375 1
vertex 7.549962043762207 -23.37997817993164 1.7000000476837158
endloop
endfacet
facet normal -0.5555750954434098 0.831466363314263 0
outer loop
vertex 8.318160057067871 -23.69817543029785 1
vertex 8.25 -23.74371910095215 1
vertex 8.318160057067871 -23.69817543029785 1.7000000476837158
endloop
endfacet
facet normal -0.8314699190325903 0.555569773965375 0
outer loop
vertex 8.4157075881958 -23.55218505859375 1
vertex 8.318160057067871 -23.69817543029785 1
vertex 8.318160057067871 -23.69817543029785 1.7000000476837158
endloop
endfacet
facet normal -0.9807852845629332 0.19509030110388895 0
outer loop
vertex 8.44996166229248 -23.37997817993164 1
vertex 8.4157075881958 -23.55218505859375 1
vertex 8.4157075881958 -23.55218505859375 1.7000000476837158
endloop
endfacet
facet normal 0.8314686645124185 0.5555716514851484 0
outer loop
vertex 7.681764125823975 -23.69817543029785 1.7000000476837158
vertex 7.681764125823975 -23.69817543029785 1
vertex 7.584216117858887 -23.55218505859375 1.7000000476837158
endloop
endfacet
facet normal 0.9807852845629332 0.19509030110388895 0
outer loop
vertex 7.584216117858887 -23.55218505859375 1
vertex 7.549962043762207 -23.37997817993164 1
vertex 7.549962043762207 -23.37997817993164 1.7000000476837158
endloop
endfacet
facet normal 0.5555821581100655 0.8314616440881456 0
outer loop
vertex 7.75 -23.743770599365234 1
vertex 7.681764125823975 -23.69817543029785 1
vertex 7.681764125823975 -23.69817543029785 1.7000000476837158
endloop
endfacet
facet normal 0.8314686645124185 0.5555716514851484 0
outer loop
vertex 7.681764125823975 -23.69817543029785 1
vertex 7.584216117858887 -23.55218505859375 1
vertex 7.584216117858887 -23.55218505859375 1.7000000476837158
endloop
endfacet
facet normal 0.5555730065139016 -0.8314677591062111 0
outer loop
vertex 7.75 -23.016185760498047 0
vertex 7.827754497528076 -22.964231491088867 0
vertex 7.75 -23.016185760498047 1
endloop
endfacet
facet normal 0.5555772839933475 0.8314649009489835 -6.872667183555158e-7
outer loop
vertex 7.827754497528076 -23.795724868774414 1.7000000476837158
vertex 7.75 -23.743770599365234 1
vertex 7.681764125823975 -23.69817543029785 1.7000000476837158
endloop
endfacet
facet normal -0.5555772839934524 0.8314649009491404 3.082473665944137e-7
outer loop
vertex 8.318160057067871 -23.69817543029785 1.7000000476837158
vertex 8.25 -23.74371910095215 1
vertex 8.17216968536377 -23.795724868774414 1.7000000476837158
endloop
endfacet
facet normal -0.8314699190325903 0.555569773965375 0
outer loop
vertex 8.4157075881958 -23.55218505859375 1.7000000476837158
vertex 8.4157075881958 -23.55218505859375 1
vertex 8.318160057067871 -23.69817543029785 1.7000000476837158
endloop
endfacet
facet normal -0.9807852845629332 0.19509030110388895 0
outer loop
vertex 8.44996166229248 -23.37997817993164 1
vertex 8.4157075881958 -23.55218505859375 1.7000000476837158
vertex 8.44996166229248 -23.37997817993164 1.7000000476837158
endloop
endfacet
facet normal -0.5555750954434098 -0.831466363314263 0
outer loop
vertex 8.25 -23.016237258911133 1
vertex 8.318160057067871 -23.06178092956543 1
vertex 8.318160057067871 -23.06178092956543 1.7000000476837158
endloop
endfacet
facet normal -0.9807852845629332 -0.19509030110388895 0
outer loop
vertex 8.44996166229248 -23.37997817993164 1
vertex 8.44996166229248 -23.37997817993164 1.7000000476837158
vertex 8.4157075881958 -23.20777130126953 1
endloop
endfacet
facet normal -0.8314699190325903 -0.555569773965375 0
outer loop
vertex 8.318160057067871 -23.06178092956543 1
vertex 8.4157075881958 -23.20777130126953 1
vertex 8.4157075881958 -23.20777130126953 1.7000000476837158
endloop
endfacet
facet normal 0.5555772839933475 -0.8314649009489835 -6.872667183555158e-7
outer loop
vertex 7.681764125823975 -23.06178092956543 1.7000000476837158
vertex 7.75 -23.016185760498047 1
vertex 7.827754497528076 -22.964231491088867 1.7000000476837158
endloop
endfacet
facet normal -0.5555792006111887 0.8314636202794639 0
outer loop
vertex 8.25 -23.74371910095215 0
vertex 8.17216968536377 -23.795724868774414 0
vertex 8.25 -23.74371910095215 1
endloop
endfacet
facet normal -0.9807852845629332 -0.19509030110388895 0
outer loop
vertex 8.4157075881958 -23.20777130126953 1.7000000476837158
vertex 8.4157075881958 -23.20777130126953 1
vertex 8.44996166229248 -23.37997817993164 1.7000000476837158
endloop
endfacet
facet normal 0.19508978146454767 0.9807853879254701 0
outer loop
vertex 7.999961853027344 -23.829978942871094 0
vertex 7.827754497528076 -23.795724868774414 0
vertex 7.827754497528076 -23.795724868774414 1.7000000476837158
endloop
endfacet
facet normal -0.19508926182791986 0.9807854912871812 0
outer loop
vertex 8.17216968536377 -23.795724868774414 0
vertex 7.999961853027344 -23.829978942871094 0
vertex 7.999961853027344 -23.829978942871094 1.7000000476837158
endloop
endfacet
facet normal -0.8314699190325903 -0.555569773965375 0
outer loop
vertex 8.318160057067871 -23.06178092956543 1.7000000476837158
vertex 8.318160057067871 -23.06178092956543 1
vertex 8.4157075881958 -23.20777130126953 1.7000000476837158
endloop
endfacet
facet normal -0.5555772839934524 -0.8314649009491404 3.082473665944137e-7
outer loop
vertex 8.17216968536377 -22.964231491088867 1.7000000476837158
vertex 8.25 -23.016237258911133 1
vertex 8.318160057067871 -23.06178092956543 1.7000000476837158
endloop
endfacet
facet normal 0.19508978146454767 -0.9807853879254701 0
outer loop
vertex 7.827754497528076 -22.964231491088867 0
vertex 7.999961853027344 -22.929977416992188 0
vertex 7.999961853027344 -22.929977416992188 1.7000000476837158
endloop
endfacet
facet normal -0.19508926182791986 -0.9807854912871812 0
outer loop
vertex 7.999961853027344 -22.929977416992188 0
vertex 8.17216968536377 -22.964231491088867 0
vertex 8.17216968536377 -22.964231491088867 1.7000000476837158
endloop
endfacet
facet normal 0.5555730065139016 0.8314677591062111 0
outer loop
vertex 7.827754497528076 -23.795724868774414 1.7000000476837158
vertex 7.827754497528076 -23.795724868774414 0
vertex 7.75 -23.743770599365234 1
endloop
endfacet
facet normal -0.5555792006111888 0.831463620279464 0
outer loop
vertex 8.25 -23.74371910095215 1
vertex 8.17216968536377 -23.795724868774414 0
vertex 8.17216968536377 -23.795724868774414 1.7000000476837158
endloop
endfacet
facet normal 0 0 -1
outer loop
vertex 7.584216117858887 -23.55218505859375 1.7000000476837158
vertex 7.549962043762207 -23.37997817993164 1.7000000476837158
vertex 7.584216117858887 -23.20777130126953 1.7000000476837158
endloop
endfacet
facet normal 0 0 -1
outer loop
vertex 7.681764125823975 -23.69817543029785 1.7000000476837158
vertex 7.584216117858887 -23.55218505859375 1.7000000476837158
vertex 7.681764125823975 -23.06178092956543 1.7000000476837158
endloop
endfacet
facet normal 0 0 -1
outer loop
vertex 7.681764125823975 -23.06178092956543 1.7000000476837158
vertex 7.584216117858887 -23.55218505859375 1.7000000476837158
vertex 7.584216117858887 -23.20777130126953 1.7000000476837158
endloop
endfacet
facet normal 0 0 -1
outer loop
vertex 7.681764125823975 -23.06178092956543 1.7000000476837158
vertex 7.827754497528076 -22.964231491088867 1.7000000476837158
vertex 7.681764125823975 -23.69817543029785 1.7000000476837158
endloop
endfacet
facet normal 0.5555730065139016 0.8314677591062111 0
outer loop
vertex 7.827754497528076 -23.795724868774414 0
vertex 7.75 -23.743770599365234 0
vertex 7.75 -23.743770599365234 1
endloop
endfacet
facet normal -0.19508926182791986 -0.9807854912871812 0
outer loop
vertex 7.999961853027344 -22.929977416992188 1.7000000476837158
vertex 7.999961853027344 -22.929977416992188 0
vertex 8.17216968536377 -22.964231491088867 1.7000000476837158
endloop
endfacet
facet normal 0.19508978146454767 0.9807853879254701 0
outer loop
vertex 7.999961853027344 -23.829978942871094 1.7000000476837158
vertex 7.999961853027344 -23.829978942871094 0
vertex 7.827754497528076 -23.795724868774414 1.7000000476837158
endloop
endfacet
facet normal -0.19508926182791986 0.9807854912871812 0
outer loop
vertex 8.17216968536377 -23.795724868774414 1.7000000476837158
vertex 8.17216968536377 -23.795724868774414 0
vertex 7.999961853027344 -23.829978942871094 1.7000000476837158
endloop
endfacet
facet normal -0.5555792006111887 -0.8314636202794639 0
outer loop
vertex 8.17216968536377 -22.964231491088867 0
vertex 8.25 -23.016237258911133 0
vertex 8.25 -23.016237258911133 1
endloop
endfacet
facet normal 0.5555730065139016 -0.8314677591062111 0
outer loop
vertex 7.75 -23.016185760498047 1
vertex 7.827754497528076 -22.964231491088867 0
vertex 7.827754497528076 -22.964231491088867 1.7000000476837158
endloop
endfacet
facet normal 0 0 -1
outer loop
vertex 7.827754497528076 -23.795724868774414 1.7000000476837158
vertex 7.681764125823975 -23.69817543029785 1.7000000476837158
vertex 7.827754497528076 -22.964231491088867 1.7000000476837158
endloop
endfacet
facet normal 0 0 -1
outer loop
vertex 7.999961853027344 -23.829978942871094 1.7000000476837158
vertex 7.827754497528076 -23.795724868774414 1.7000000476837158
vertex 7.999961853027344 -22.929977416992188 1.7000000476837158
endloop
endfacet
facet normal 0 0 -1
outer loop
vertex 8.17216968536377 -23.795724868774414 1.7000000476837158
vertex 7.999961853027344 -23.829978942871094 1.7000000476837158
vertex 8.17216968536377 -22.964231491088867 1.7000000476837158
endloop
endfacet
facet normal 0 0 -1
outer loop
vertex 8.318160057067871 -23.69817543029785 1.7000000476837158
vertex 8.17216968536377 -23.795724868774414 1.7000000476837158
vertex 8.318160057067871 -23.06178092956543 1.7000000476837158
endloop
endfacet
facet normal 0 0 -1
outer loop
vertex 8.4157075881958 -23.55218505859375 1.7000000476837158
vertex 8.318160057067871 -23.69817543029785 1.7000000476837158
vertex 8.4157075881958 -23.20777130126953 1.7000000476837158
endloop
endfacet
facet normal 0 0 -1
outer loop
vertex 8.44996166229248 -23.37997817993164 1.7000000476837158
vertex 8.4157075881958 -23.55218505859375 1.7000000476837158
vertex 8.4157075881958 -23.20777130126953 1.7000000476837158
endloop
endfacet
facet normal 0 0 -1
outer loop
vertex 7.999961853027344 -22.929977416992188 1.7000000476837158
vertex 7.827754497528076 -23.795724868774414 1.7000000476837158
vertex 7.827754497528076 -22.964231491088867 1.7000000476837158
endloop
endfacet
facet normal 0 0 -1
outer loop
vertex 8.17216968536377 -22.964231491088867 1.7000000476837158
vertex 7.999961853027344 -23.829978942871094 1.7000000476837158
vertex 7.999961853027344 -22.929977416992188 1.7000000476837158
endloop
endfacet
facet normal 0 0 -1
outer loop
vertex 8.17216968536377 -22.964231491088867 1.7000000476837158
vertex 8.318160057067871 -23.06178092956543 1.7000000476837158
vertex 8.17216968536377 -23.795724868774414 1.7000000476837158
endloop
endfacet
facet normal 0 0 -1
outer loop
vertex 8.318160057067871 -23.06178092956543 1.7000000476837158
vertex 8.4157075881958 -23.20777130126953 1.7000000476837158
vertex 8.318160057067871 -23.69817543029785 1.7000000476837158
endloop
endfacet
facet normal 0.5555821581100655 -0.8314616440881456 0
outer loop
vertex 7.681764125823975 -23.06178092956543 1.7000000476837158
vertex 7.681764125823975 -23.06178092956543 1
vertex 7.75 -23.016185760498047 1
endloop
endfacet
facet normal 0.5555730065139016 0.8314677591062111 0
outer loop
vertex 7.827754497528076 -22.525724411010742 1.7000000476837158
vertex 7.827754497528076 -22.525724411010742 0
vertex 7.75 -22.473770141601562 1
endloop
endfacet
facet normal 0.9807852845629332 -0.19509030110388895 0
outer loop
vertex 7.549962043762207 -22.10997772216797 1.7000000476837158
vertex 7.549962043762207 -22.10997772216797 1
vertex 7.584216117858887 -21.93777084350586 1.7000000476837158
endloop
endfacet
facet normal -0.5555697739647365 0.8314699190316347 0.0000015160717571702046
outer loop
vertex 8.318160057067871 -22.428176879882812 1.7000000476837158
vertex 8.25 -22.473718643188477 1
vertex 8.17216968536377 -22.525724411010742 1.7000000476837158
endloop
endfacet
facet normal -0.8314699190325903 0.555569773965375 0
outer loop
vertex 8.4157075881958 -22.28218650817871 1.7000000476837158
vertex 8.4157075881958 -22.28218650817871 1
vertex 8.318160057067871 -22.428176879882812 1.7000000476837158
endloop
endfacet
facet normal -0.9807856980081253 0.19508822256280442 0
outer loop
vertex 8.44996166229248 -22.10997772216797 1.7000000476837158
vertex 8.44996166229248 -22.10997772216797 1
vertex 8.4157075881958 -22.28218650817871 1.7000000476837158
endloop
endfacet
facet normal 0 0 -1
outer loop
vertex 8.17216968536377 -21.694232940673828 1.7000000476837158
vertex 7.999961853027344 -22.559978485107422 1.7000000476837158
vertex 7.999961853027344 -21.65997886657715 1.7000000476837158
endloop
endfacet
facet normal -0.8314699190325903 -0.555569773965375 0
outer loop
vertex 8.318160057067871 -21.791780471801758 1
vertex 8.4157075881958 -21.93777084350586 1
vertex 8.4157075881958 -21.93777084350586 1.7000000476837158
endloop
endfacet
facet normal -0.5555750954434098 -0.831466363314263 0
outer loop
vertex 8.318160057067871 -21.791780471801758 1
vertex 8.318160057067871 -21.791780471801758 1.7000000476837158
vertex 8.25 -21.74623680114746 1
endloop
endfacet
facet normal 0 0 -1
outer loop
vertex 7.999961853027344 -21.65997886657715 1.7000000476837158
vertex 7.827754497528076 -22.525724411010742 1.7000000476837158
vertex 7.827754497528076 -21.694232940673828 1.7000000476837158
endloop
endfacet
facet normal 0 0 -1
outer loop
vertex 7.584216117858887 -22.28218650817871 1.7000000476837158
vertex 7.549962043762207 -22.10997772216797 1.7000000476837158
vertex 7.584216117858887 -21.93777084350586 1.7000000476837158
endloop
endfacet
facet normal 0 0 -1
outer loop
vertex 7.584216117858887 -21.93777084350586 1.7000000476837158
vertex 7.681764125823975 -21.791780471801758 1.7000000476837158
vertex 7.584216117858887 -22.28218650817871 1.7000000476837158
endloop
endfacet
facet normal 0 0 -1
outer loop
vertex 7.681764125823975 -22.428176879882812 1.7000000476837158
vertex 7.584216117858887 -22.28218650817871 1.7000000476837158
vertex 7.681764125823975 -21.791780471801758 1.7000000476837158
endloop
endfacet
facet normal 0 0 -1
outer loop
vertex 7.827754497528076 -21.694232940673828 1.7000000476837158
vertex 7.681764125823975 -22.428176879882812 1.7000000476837158
vertex 7.681764125823975 -21.791780471801758 1.7000000476837158
endloop
endfacet
facet normal -0.9807852845629332 -0.19509030110388895 0
outer loop
vertex 8.4157075881958 -21.93777084350586 1
vertex 8.44996166229248 -22.10997772216797 1.7000000476837158
vertex 8.4157075881958 -21.93777084350586 1.7000000476837158
endloop
endfacet
facet normal 0.5555730065139016 0.8314677591062111 0
outer loop
vertex 7.827754497528076 -22.525724411010742 0
vertex 7.75 -22.473770141601562 0
vertex 7.75 -22.473770141601562 1
endloop
endfacet
facet normal 0.8314686645124185 -0.5555716514851484 0
outer loop
vertex 7.681764125823975 -21.791780471801758 1.7000000476837158
vertex 7.584216117858887 -21.93777084350586 1.7000000476837158
vertex 7.584216117858887 -21.93777084350586 1
endloop
endfacet
facet normal 0 0 -1
outer loop
vertex 7.827754497528076 -22.525724411010742 1.7000000476837158
vertex 7.681764125823975 -22.428176879882812 1.7000000476837158
vertex 7.827754497528076 -21.694232940673828 1.7000000476837158
endloop
endfacet
facet normal 0 0 -1
outer loop
vertex 7.999961853027344 -22.559978485107422 1.7000000476837158
vertex 7.827754497528076 -22.525724411010742 1.7000000476837158
vertex 7.999961853027344 -21.65997886657715 1.7000000476837158
endloop
endfacet
facet normal 0 0 -1
outer loop
vertex 8.17216968536377 -22.525724411010742 1.7000000476837158
vertex 7.999961853027344 -22.559978485107422 1.7000000476837158
vertex 8.17216968536377 -21.694232940673828 1.7000000476837158
endloop
endfacet
facet normal 0 0 -1
outer loop
vertex 8.318160057067871 -22.428176879882812 1.7000000476837158
vertex 8.17216968536377 -22.525724411010742 1.7000000476837158
vertex 8.318160057067871 -21.791780471801758 1.7000000476837158
endloop
endfacet
facet normal 0.5555821581100655 -0.8314616440881456 0
outer loop
vertex 7.681764125823975 -21.791780471801758 1.7000000476837158
vertex 7.681764125823975 -21.791780471801758 1
vertex 7.75 -21.746185302734375 1
endloop
endfacet
facet normal 0.8314686645124185 -0.5555716514851484 0
outer loop
vertex 7.584216117858887 -21.93777084350586 1
vertex 7.681764125823975 -21.791780471801758 1
vertex 7.681764125823975 -21.791780471801758 1.7000000476837158
endloop
endfacet
facet normal 0.9807852845629332 -0.19509030110388895 0
outer loop
vertex 7.584216117858887 -21.93777084350586 1.7000000476837158
vertex 7.549962043762207 -22.10997772216797 1
vertex 7.584216117858887 -21.93777084350586 1
endloop
endfacet
facet normal -0.5555792006111887 0.8314636202794639 0
outer loop
vertex 8.25 -22.473718643188477 0
vertex 8.17216968536377 -22.525724411010742 0
vertex 8.25 -22.473718643188477 1
endloop
endfacet
facet normal 0.19508978146454767 0.9807853879254701 0
outer loop
vertex 7.999961853027344 -22.559978485107422 1.7000000476837158
vertex 7.999961853027344 -22.559978485107422 0
vertex 7.827754497528076 -22.525724411010742 1.7000000476837158
endloop
endfacet
facet normal -0.19508926182791986 0.9807854912871812 0
outer loop
vertex 8.17216968536377 -22.525724411010742 1.7000000476837158
vertex 8.17216968536377 -22.525724411010742 0
vertex 7.999961853027344 -22.559978485107422 1.7000000476837158
endloop
endfacet
facet normal -0.19508926182791986 0.9807854912871812 0
outer loop
vertex 8.17216968536377 -22.525724411010742 0
vertex 7.999961853027344 -22.559978485107422 0
vertex 7.999961853027344 -22.559978485107422 1.7000000476837158
endloop
endfacet
facet normal 0.19508978146454767 0.9807853879254701 0
outer loop
vertex 7.999961853027344 -22.559978485107422 0
vertex 7.827754497528076 -22.525724411010742 0
vertex 7.827754497528076 -22.525724411010742 1.7000000476837158
endloop
endfacet
facet normal 0.5555589055699532 -0.8314771809508159 0
outer loop
vertex 7.75 -21.746185302734375 0
vertex 7.827754497528076 -21.694232940673828 0
vertex 7.75 -21.746185302734375 1
endloop
endfacet
facet normal -0.5555651136140387 -0.8314730329571852 0
outer loop
vertex 8.17216968536377 -21.694232940673828 0
vertex 8.25 -21.74623680114746 0
vertex 8.25 -21.74623680114746 1
endloop
endfacet
facet normal 0 0 -1
outer loop
vertex 8.318160057067871 -21.791780471801758 1.7000000476837158
vertex 8.17216968536377 -22.525724411010742 1.7000000476837158
vertex 8.17216968536377 -21.694232940673828 1.7000000476837158
endloop
endfacet
facet normal 0 0 -1
outer loop
vertex 8.4157075881958 -22.28218650817871 1.7000000476837158
vertex 8.318160057067871 -22.428176879882812 1.7000000476837158
vertex 8.4157075881958 -21.93777084350586 1.7000000476837158
endloop
endfacet
facet normal 0 0 -1
outer loop
vertex 8.4157075881958 -21.93777084350586 1.7000000476837158
vertex 8.318160057067871 -22.428176879882812 1.7000000476837158
vertex 8.318160057067871 -21.791780471801758 1.7000000476837158
endloop
endfacet
facet normal 0 0 -1
outer loop
vertex 8.44996166229248 -22.10997772216797 1.7000000476837158
vertex 8.4157075881958 -22.28218650817871 1.7000000476837158
vertex 8.4157075881958 -21.93777084350586 1.7000000476837158
endloop
endfacet
facet normal 0.19508978146454767 -0.9807853879254701 0
outer loop
vertex 7.827754497528076 -21.694232940673828 0
vertex 7.999961853027344 -21.65997886657715 0
vertex 7.999961853027344 -21.65997886657715 1.7000000476837158
endloop
endfacet
facet normal -0.19508926182791986 -0.9807854912871812 0
outer loop
vertex 7.999961853027344 -21.65997886657715 0
vertex 8.17216968536377 -21.694232940673828 0
vertex 8.17216968536377 -21.694232940673828 1.7000000476837158
endloop
endfacet
facet normal -0.5555792006111888 0.831463620279464 0
outer loop
vertex 8.25 -22.473718643188477 1
vertex 8.17216968536377 -22.525724411010742 0
vertex 8.17216968536377 -22.525724411010742 1.7000000476837158
endloop
endfacet
facet normal -0.8314699190325903 -0.555569773965375 0
outer loop
vertex 8.318160057067871 -21.791780471801758 1.7000000476837158
vertex 8.318160057067871 -21.791780471801758 1
vertex 8.4157075881958 -21.93777084350586 1.7000000476837158
endloop
endfacet
facet normal 0.5555697739645279 -0.8314699190313225 -0.00000174620049513183
outer loop
vertex 7.681764125823975 -21.791780471801758 1.7000000476837158
vertex 7.75 -21.746185302734375 1
vertex 7.827754497528076 -21.694232940673828 1.7000000476837158
endloop
endfacet
facet normal -0.5555697739652189 -0.8314699190323567 -7.495038217713697e-7
outer loop
vertex 8.318160057067871 -21.791780471801758 1.7000000476837158
vertex 8.17216968536377 -21.694232940673828 1.7000000476837158
vertex 8.25 -21.74623680114746 1
endloop
endfacet
facet normal -0.9807852845629332 -0.19509030110388895 0
outer loop
vertex 8.44996166229248 -22.10997772216797 1.7000000476837158
vertex 8.4157075881958 -21.93777084350586 1
vertex 8.44996166229248 -22.10997772216797 1
endloop
endfacet
facet normal -0.9807856980081253 0.19508822256280442 0
outer loop
vertex 8.44996166229248 -22.10997772216797 1
vertex 8.4157075881958 -22.28218650817871 1
vertex 8.4157075881958 -22.28218650817871 1.7000000476837158
endloop
endfacet
facet normal -0.19508926182791986 -0.9807854912871812 0
outer loop
vertex 7.999961853027344 -21.65997886657715 1.7000000476837158
vertex 7.999961853027344 -21.65997886657715 0
vertex 8.17216968536377 -21.694232940673828 1.7000000476837158
endloop
endfacet
facet normal 0.19508978146454767 -0.9807853879254701 0
outer loop
vertex 7.827754497528076 -21.694232940673828 1.7000000476837158
vertex 7.827754497528076 -21.694232940673828 0
vertex 7.999961853027344 -21.65997886657715 1.7000000476837158
endloop
endfacet
facet normal 0.555566090458937 0.8314723802581612 0
outer loop
vertex 7.75 -22.473770141601562 1
vertex 7.681764125823975 -22.428176879882812 1
vertex 7.681764125823975 -22.428176879882812 1.7000000476837158
endloop
endfacet
facet normal 0.8314686645124185 0.5555716514851484 0
outer loop
vertex 7.681764125823975 -22.428176879882812 1
vertex 7.584216117858887 -22.28218650817871 1
vertex 7.584216117858887 -22.28218650817871 1.7000000476837158
endloop
endfacet
facet normal 0.9807856980081253 0.19508822256280442 0
outer loop
vertex 7.584216117858887 -22.28218650817871 1
vertex 7.549962043762207 -22.10997772216797 1
vertex 7.549962043762207 -22.10997772216797 1.7000000476837158
endloop
endfacet
facet normal 0.8314686645124185 0.5555716514851484 0
outer loop
vertex 7.681764125823975 -22.428176879882812 1.7000000476837158
vertex 7.681764125823975 -22.428176879882812 1
vertex 7.584216117858887 -22.28218650817871 1.7000000476837158
endloop
endfacet
facet normal 0.9807856980081253 0.19508822256280442 0
outer loop
vertex 7.584216117858887 -22.28218650817871 1.7000000476837158
vertex 7.584216117858887 -22.28218650817871 1
vertex 7.549962043762207 -22.10997772216797 1.7000000476837158
endloop
endfacet
facet normal -0.8314699190325903 0.555569773965375 0
outer loop
vertex 8.4157075881958 -22.28218650817871 1
vertex 8.318160057067871 -22.428176879882812 1
vertex 8.318160057067871 -22.428176879882812 1.7000000476837158
endloop
endfacet
facet normal -0.5555590096453604 0.8314771114118934 0
outer loop
vertex 8.318160057067871 -22.428176879882812 1
vertex 8.25 -22.473718643188477 1
vertex 8.318160057067871 -22.428176879882812 1.7000000476837158
endloop
endfacet
facet normal -0.5555651136140387 -0.8314730329571852 0
outer loop
vertex 8.17216968536377 -21.694232940673828 1.7000000476837158
vertex 8.17216968536377 -21.694232940673828 0
vertex 8.25 -21.74623680114746 1
endloop
endfacet
facet normal 0.5555589055699532 -0.8314771809508159 0
outer loop
vertex 7.75 -21.746185302734375 1
vertex 7.827754497528076 -21.694232940673828 0
vertex 7.827754497528076 -21.694232940673828 1.7000000476837158
endloop
endfacet
facet normal 0.5555697739652999 0.831469919032478 5.193750838089647e-7
outer loop
vertex 7.827754497528076 -22.525724411010742 1.7000000476837158
vertex 7.75 -22.473770141601562 1
vertex 7.681764125823975 -22.428176879882812 1.7000000476837158
endloop
endfacet
facet normal 0.5555730065139016 0.8314677591062111 0
outer loop
vertex 7.827754497528076 -21.25572395324707 1.7000000476837158
vertex 7.827754497528076 -21.25572395324707 0
vertex 7.75 -21.20376968383789 1
endloop
endfacet
facet normal -0.5555651136140387 0.8314730329571852 0
outer loop
vertex 8.25 -21.203720092773438 1
vertex 8.17216968536377 -21.25572395324707 0
vertex 8.17216968536377 -21.25572395324707 1.7000000476837158
endloop
endfacet
facet normal -0.19508926182791986 -0.9807854912871812 0
outer loop
vertex 7.999961853027344 -20.389978408813477 0
vertex 8.17216968536377 -20.424232482910156 0
vertex 8.17216968536377 -20.424232482910156 1.7000000476837158
endloop
endfacet
facet normal 0.19508978146454767 0.9807853879254701 0
outer loop
vertex 7.999961853027344 -21.28997802734375 1.7000000476837158
vertex 7.999961853027344 -21.28997802734375 0
vertex 7.827754497528076 -21.25572395324707 1.7000000476837158
endloop
endfacet
facet normal 0 0 -1
outer loop
vertex 8.318160057067871 -20.521780014038086 1.7000000476837158
vertex 8.4157075881958 -20.667770385742188 1.7000000476837158
vertex 8.318160057067871 -21.15817642211914 1.7000000476837158
endloop
endfacet
facet normal 0 0 -1
outer loop
vertex 8.44996166229248 -20.839977264404297 1.7000000476837158
vertex 8.4157075881958 -21.01218605041504 1.7000000476837158
vertex 8.4157075881958 -20.667770385742188 1.7000000476837158
endloop
endfacet
facet normal 0 0 -1
outer loop
vertex 8.4157075881958 -21.01218605041504 1.7000000476837158
vertex 8.318160057067871 -21.15817642211914 1.7000000476837158
vertex 8.4157075881958 -20.667770385742188 1.7000000476837158
endloop
endfacet
facet normal -0.19508926182791986 0.9807854912871812 0
outer loop
vertex 8.17216968536377 -21.25572395324707 1.7000000476837158
vertex 8.17216968536377 -21.25572395324707 0
vertex 7.999961853027344 -21.28997802734375 1.7000000476837158
endloop
endfacet
facet normal -0.5555651136140387 -0.8314730329571852 0
outer loop
vertex 8.17216968536377 -20.424232482910156 0
vertex 8.25 -20.47623634338379 0
vertex 8.25 -20.47623634338379 1
endloop
endfacet
facet normal 0.5555730065139016 -0.8314677591062111 0
outer loop
vertex 7.75 -20.476186752319336 0
vertex 7.827754497528076 -20.424232482910156 0
vertex 7.75 -20.476186752319336 1
endloop
endfacet
facet normal 0.19508978146454767 -0.9807853879254701 0
outer loop
vertex 7.827754497528076 -20.424232482910156 0
vertex 7.999961853027344 -20.389978408813477 0
vertex 7.999961853027344 -20.389978408813477 1.7000000476837158
endloop
endfacet
facet normal -0.19508926182791986 0.9807854912871812 0
outer loop
vertex 8.17216968536377 -21.25572395324707 0
vertex 7.999961853027344 -21.28997802734375 0
vertex 7.999961853027344 -21.28997802734375 1.7000000476837158
endloop
endfacet
facet normal 0.19508978146454767 0.9807853879254701 0
outer loop
vertex 7.999961853027344 -21.28997802734375 0
vertex 7.827754497528076 -21.25572395324707 0
vertex 7.827754497528076 -21.25572395324707 1.7000000476837158
endloop
endfacet
facet normal 0.5555730065139016 -0.8314677591062111 0
outer loop
vertex 7.75 -20.476186752319336 1
vertex 7.827754497528076 -20.424232482910156 0
vertex 7.827754497528076 -20.424232482910156 1.7000000476837158
endloop
endfacet
facet normal -0.5555651136140387 -0.8314730329571852 0
outer loop
vertex 8.17216968536377 -20.424232482910156 1.7000000476837158
vertex 8.17216968536377 -20.424232482910156 0
vertex 8.25 -20.47623634338379 1
endloop
endfacet
facet normal 0 0 -1
outer loop
vertex 8.318160057067871 -20.521780014038086 1.7000000476837158
vertex 8.17216968536377 -21.25572395324707 1.7000000476837158
vertex 8.17216968536377 -20.424232482910156 1.7000000476837158
endloop
endfacet
facet normal 0.19508978146454767 -0.9807853879254701 0
outer loop
vertex 7.827754497528076 -20.424232482910156 1.7000000476837158
vertex 7.827754497528076 -20.424232482910156 0
vertex 7.999961853027344 -20.389978408813477 1.7000000476837158
endloop
endfacet
facet normal -0.19508926182791986 -0.9807854912871812 0
outer loop
vertex 7.999961853027344 -20.389978408813477 1.7000000476837158
vertex 7.999961853027344 -20.389978408813477 0
vertex 8.17216968536377 -20.424232482910156 1.7000000476837158
endloop
endfacet
facet normal -0.5555651136140387 0.8314730329571852 0
outer loop
vertex 8.25 -21.203720092773438 0
vertex 8.17216968536377 -21.25572395324707 0
vertex 8.25 -21.203720092773438 1
endloop
endfacet
facet normal 0.5555730065139016 0.8314677591062111 0
outer loop
vertex 7.827754497528076 -21.25572395324707 0
vertex 7.75 -21.20376968383789 0
vertex 7.75 -21.20376968383789 1
endloop
endfacet
facet normal 0.555566090458937 0.8314723802581612 0
outer loop
vertex 7.75 -21.20376968383789 1
vertex 7.681764125823975 -21.15817642211914 1
vertex 7.681764125823975 -21.15817642211914 1.7000000476837158
endloop
endfacet
facet normal 0.8314686645124185 0.5555716514851484 0
outer loop
vertex 7.681764125823975 -21.15817642211914 1
vertex 7.584216117858887 -21.01218605041504 1
vertex 7.584216117858887 -21.01218605041504 1.7000000476837158
endloop
endfacet
facet normal 0.9807856980081253 0.19508822256280442 0
outer loop
vertex 7.584216117858887 -21.01218605041504 1
vertex 7.549962043762207 -20.839977264404297 1
vertex 7.549962043762207 -20.839977264404297 1.7000000476837158
endloop
endfacet
facet normal 0.9807852845629332 -0.19509030110388895 0
outer loop
vertex 7.549962043762207 -20.839977264404297 1
vertex 7.584216117858887 -20.667770385742188 1
vertex 7.584216117858887 -20.667770385742188 1.7000000476837158
endloop
endfacet
facet normal 0.8314686645124185 0.5555716514851484 0
outer loop
vertex 7.681764125823975 -21.15817642211914 1.7000000476837158
vertex 7.681764125823975 -21.15817642211914 1
vertex 7.584216117858887 -21.01218605041504 1.7000000476837158
endloop
endfacet
facet normal 0.5555697739652999 0.831469919032478 5.193750838089647e-7
outer loop
vertex 7.827754497528076 -21.25572395324707 1.7000000476837158
vertex 7.75 -21.20376968383789 1
vertex 7.681764125823975 -21.15817642211914 1.7000000476837158
endloop
endfacet
facet normal -0.5555697739652189 0.8314699190323567 -7.495038217713697e-7
outer loop
vertex 8.318160057067871 -21.15817642211914 1.7000000476837158
vertex 8.25 -21.203720092773438 1
vertex 8.17216968536377 -21.25572395324707 1.7000000476837158
endloop
endfacet
facet normal -0.8314699190325903 0.555569773965375 0
outer loop
vertex 8.4157075881958 -21.01218605041504 1.7000000476837158
vertex 8.4157075881958 -21.01218605041504 1
vertex 8.318160057067871 -21.15817642211914 1.7000000476837158
endloop
endfacet
facet normal -0.9807856980081253 0.19508822256280442 0
outer loop
vertex 8.44996166229248 -20.839977264404297 1.7000000476837158
vertex 8.44996166229248 -20.839977264404297 1
vertex 8.4157075881958 -21.01218605041504 1.7000000476837158
endloop
endfacet
facet normal -0.9807852845629332 -0.19509030110388895 0
outer loop
vertex 8.4157075881958 -20.667770385742188 1
vertex 8.44996166229248 -20.839977264404297 1.7000000476837158
vertex 8.4157075881958 -20.667770385742188 1.7000000476837158
endloop
endfacet
facet normal -0.5555750954434098 -0.831466363314263 0
outer loop
vertex 8.318160057067871 -20.521780014038086 1
vertex 8.318160057067871 -20.521780014038086 1.7000000476837158
vertex 8.25 -20.47623634338379 1
endloop
endfacet
facet normal -0.8314699190325903 -0.555569773965375 0
outer loop
vertex 8.318160057067871 -20.521780014038086 1
vertex 8.4157075881958 -20.667770385742188 1
vertex 8.4157075881958 -20.667770385742188 1.7000000476837158
endloop
endfacet
facet normal 0.5555697739652999 -0.831469919032478 5.193750838089647e-7
outer loop
vertex 7.681764125823975 -20.521780014038086 1.7000000476837158
vertex 7.75 -20.476186752319336 1
vertex 7.827754497528076 -20.424232482910156 1.7000000476837158
endloop
endfacet
facet normal -0.5555697739652189 -0.8314699190323567 -7.495038217713697e-7
outer loop
vertex 8.17216968536377 -20.424232482910156 1.7000000476837158
vertex 8.25 -20.47623634338379 1
vertex 8.318160057067871 -20.521780014038086 1.7000000476837158
endloop
endfacet
facet normal -0.8314699190325903 -0.555569773965375 0
outer loop
vertex 8.318160057067871 -20.521780014038086 1.7000000476837158
vertex 8.318160057067871 -20.521780014038086 1
vertex 8.4157075881958 -20.667770385742188 1.7000000476837158
endloop
endfacet
facet normal 0.9807856980081253 0.19508822256280442 0
outer loop
vertex 7.584216117858887 -21.01218605041504 1.7000000476837158
vertex 7.584216117858887 -21.01218605041504 1
vertex 7.549962043762207 -20.839977264404297 1.7000000476837158
endloop
endfacet
facet normal 0 0 -1
outer loop
vertex 7.584216117858887 -21.01218605041504 1.7000000476837158
vertex 7.549962043762207 -20.839977264404297 1.7000000476837158
vertex 7.584216117858887 -20.667770385742188 1.7000000476837158
endloop
endfacet
facet normal 0 0 -1
outer loop
vertex 7.681764125823975 -21.15817642211914 1.7000000476837158
vertex 7.584216117858887 -21.01218605041504 1.7000000476837158
vertex 7.681764125823975 -20.521780014038086 1.7000000476837158
endloop
endfacet
facet normal 0 0 -1
outer loop
vertex 7.681764125823975 -20.521780014038086 1.7000000476837158
vertex 7.584216117858887 -21.01218605041504 1.7000000476837158
vertex 7.584216117858887 -20.667770385742188 1.7000000476837158
endloop
endfacet
facet normal 0 0 -1
outer loop
vertex 7.681764125823975 -20.521780014038086 1.7000000476837158
vertex 7.827754497528076 -20.424232482910156 1.7000000476837158
vertex 7.681764125823975 -21.15817642211914 1.7000000476837158
endloop
endfacet
facet normal 0.9807852845629332 -0.19509030110388895 0
outer loop
vertex 7.549962043762207 -20.839977264404297 1.7000000476837158
vertex 7.549962043762207 -20.839977264404297 1
vertex 7.584216117858887 -20.667770385742188 1.7000000476837158
endloop
endfacet
facet normal 0.8314686645124185 -0.5555716514851484 0
outer loop
vertex 7.584216117858887 -20.667770385742188 1
vertex 7.681764125823975 -20.521780014038086 1
vertex 7.681764125823975 -20.521780014038086 1.7000000476837158
endloop
endfacet
facet normal 0.555566090458937 -0.8314723802581612 0
outer loop
vertex 7.681764125823975 -20.521780014038086 1.7000000476837158
vertex 7.681764125823975 -20.521780014038086 1
vertex 7.75 -20.476186752319336 1
endloop
endfacet
facet normal 0.8314686645124185 -0.5555716514851484 0
outer loop
vertex 7.584216117858887 -20.667770385742188 1.7000000476837158
vertex 7.584216117858887 -20.667770385742188 1
vertex 7.681764125823975 -20.521780014038086 1.7000000476837158
endloop
endfacet
facet normal -0.5555750954434098 0.831466363314263 0
outer loop
vertex 8.318160057067871 -21.15817642211914 1
vertex 8.25 -21.203720092773438 1
vertex 8.318160057067871 -21.15817642211914 1.7000000476837158
endloop
endfacet
facet normal 0 0 -1
outer loop
vertex 7.999961853027344 -21.28997802734375 1.7000000476837158
vertex 7.827754497528076 -21.25572395324707 1.7000000476837158
vertex 7.999961853027344 -20.389978408813477 1.7000000476837158
endloop
endfacet
facet normal 0 0 -1
outer loop
vertex 8.17216968536377 -21.25572395324707 1.7000000476837158
vertex 7.999961853027344 -21.28997802734375 1.7000000476837158
vertex 8.17216968536377 -20.424232482910156 1.7000000476837158
endloop
endfacet
facet normal 0 0 -1
outer loop
vertex 7.827754497528076 -21.25572395324707 1.7000000476837158
vertex 7.681764125823975 -21.15817642211914 1.7000000476837158
vertex 7.827754497528076 -20.424232482910156 1.7000000476837158
endloop
endfacet
facet normal 0 0 -1
outer loop
vertex 7.999961853027344 -20.389978408813477 1.7000000476837158
vertex 7.827754497528076 -21.25572395324707 1.7000000476837158
vertex 7.827754497528076 -20.424232482910156 1.7000000476837158
endloop
endfacet
facet normal 0 0 -1
outer loop
vertex 8.17216968536377 -20.424232482910156 1.7000000476837158
vertex 7.999961853027344 -21.28997802734375 1.7000000476837158
vertex 7.999961853027344 -20.389978408813477 1.7000000476837158
endloop
endfacet
facet normal 0 0 -1
outer loop
vertex 8.318160057067871 -21.15817642211914 1.7000000476837158
vertex 8.17216968536377 -21.25572395324707 1.7000000476837158
vertex 8.318160057067871 -20.521780014038086 1.7000000476837158
endloop
endfacet
facet normal -0.8314699190325903 0.555569773965375 0
outer loop
vertex 8.4157075881958 -21.01218605041504 1
vertex 8.318160057067871 -21.15817642211914 1
vertex 8.318160057067871 -21.15817642211914 1.7000000476837158
endloop
endfacet
facet normal -0.9807856980081253 0.19508822256280442 0
outer loop
vertex 8.44996166229248 -20.839977264404297 1
vertex 8.4157075881958 -21.01218605041504 1
vertex 8.4157075881958 -21.01218605041504 1.7000000476837158
endloop
endfacet
facet normal -0.9807852845629332 -0.19509030110388895 0
outer loop
vertex 8.4157075881958 -20.667770385742188 1
vertex 8.44996166229248 -20.839977264404297 1
vertex 8.44996166229248 -20.839977264404297 1.7000000476837158
endloop
endfacet
facet normal 0 0 -1
outer loop
vertex -7.584254264831543 -21.01218605041504 1.7000000476837158
vertex -7.681801795959473 -21.15817642211914 1.7000000476837158
vertex -7.584254264831543 -20.667770385742188 1.7000000476837158
endloop
endfacet
facet normal 0 0 -1
outer loop
vertex -7.681801795959473 -21.15817642211914 1.7000000476837158
vertex -7.827792644500732 -21.25572395324707 1.7000000476837158
vertex -7.681801795959473 -20.521780014038086 1.7000000476837158
endloop
endfacet
facet normal -0.5555692477090594 0.8314702706651572 0
outer loop
vertex -7.681801795959473 -21.15817642211914 1
vertex -7.75 -21.203744888305664 1
vertex -7.681801795959473 -21.15817642211914 1.7000000476837158
endloop
endfacet
facet normal 0.5555692477090594 -0.8314702706651572 0
outer loop
vertex -8.318198204040527 -20.521780014038086 1.7000000476837158
vertex -8.318198204040527 -20.521780014038086 1
vertex -8.25 -20.476211547851562 1
endloop
endfacet
facet normal 0.8314699190325903 -0.555569773965375 0
outer loop
vertex -8.415745735168457 -20.667770385742188 1
vertex -8.318198204040527 -20.521780014038086 1
vertex -8.318198204040527 -20.521780014038086 1.7000000476837158
endloop
endfacet
facet normal -0.5555685194476276 0.8314707572721727 -1.0262864593098892e-7
outer loop
vertex -7.75 -21.203744888305664 1
vertex -7.827792644500732 -21.25572395324707 1.7000000476837158
vertex -7.681801795959473 -21.15817642211914 1.7000000476837158
endloop
endfacet
facet normal 0.9807852845629332 -0.19509030110388895 0
outer loop
vertex -8.449999809265137 -20.839977264404297 1.7000000476837158
vertex -8.449999809265137 -20.839977264404297 1
vertex -8.415745735168457 -20.667770385742188 1.7000000476837158
endloop
endfacet
facet normal 0.9807856980081253 0.19508822256280442 0
outer loop
vertex -8.415745735168457 -21.01218605041504 1.7000000476837158
vertex -8.415745735168457 -21.01218605041504 1
vertex -8.449999809265137 -20.839977264404297 1.7000000476837158
endloop
endfacet
facet normal 0.5555697739653734 0.831469919032588 7.416155541530673e-8
outer loop
vertex -8.172207832336426 -21.25572395324707 1.7000000476837158
vertex -8.25 -21.203744888305664 1
vertex -8.318198204040527 -21.15817642211914 1.7000000476837158
endloop
endfacet
facet normal 0.8314699190325903 0.555569773965375 0
outer loop
vertex -8.318198204040527 -21.15817642211914 1.7000000476837158
vertex -8.318198204040527 -21.15817642211914 1
vertex -8.415745735168457 -21.01218605041504 1.7000000476837158
endloop
endfacet
facet normal 0.9807852845629332 -0.19509030110388895 0
outer loop
vertex -8.449999809265137 -20.839977264404297 1
vertex -8.415745735168457 -20.667770385742188 1
vertex -8.415745735168457 -20.667770385742188 1.7000000476837158
endloop
endfacet
facet normal -0.9807856980081253 0.19508822256280442 0
outer loop
vertex -7.550000190734863 -20.839977264404297 1
vertex -7.584254264831543 -21.01218605041504 1
vertex -7.584254264831543 -21.01218605041504 1.7000000476837158
endloop
endfacet
facet normal 0.9807856980081253 0.19508822256280442 0
outer loop
vertex -8.415745735168457 -21.01218605041504 1
vertex -8.449999809265137 -20.839977264404297 1
vertex -8.449999809265137 -20.839977264404297 1.7000000476837158
endloop
endfacet
facet normal -0.9807852845629332 -0.19509030110388895 0
outer loop
vertex -7.584254264831543 -20.667770385742188 1
vertex -7.550000190734863 -20.839977264404297 1
vertex -7.550000190734863 -20.839977264404297 1.7000000476837158
endloop
endfacet
facet normal 0.5555692477090594 0.8314702706651572 0
outer loop
vertex -8.25 -21.203744888305664 1
vertex -8.318198204040527 -21.15817642211914 1
vertex -8.318198204040527 -21.15817642211914 1.7000000476837158
endloop
endfacet
facet normal 0.8314699190325903 0.555569773965375 0
outer loop
vertex -8.318198204040527 -21.15817642211914 1
vertex -8.415745735168457 -21.01218605041504 1
vertex -8.415745735168457 -21.01218605041504 1.7000000476837158
endloop
endfacet
facet normal -0.19508978146454767 -0.9807853879254701 0
outer loop
vertex -8 -20.389978408813477 1.7000000476837158
vertex -8 -20.389978408813477 0
vertex -7.827792644500732 -20.424232482910156 1.7000000476837158
endloop
endfacet
facet normal 0.19508926182791986 -0.9807854912871812 0
outer loop
vertex -8.172207832336426 -20.424232482910156 1.7000000476837158
vertex -8.172207832336426 -20.424232482910156 0
vertex -8 -20.389978408813477 1.7000000476837158
endloop
endfacet
facet normal -0.5555678810041935 -0.8314711838641856 0
outer loop
vertex -7.827792644500732 -20.424232482910156 1.7000000476837158
vertex -7.827792644500732 -20.424232482910156 0
vertex -7.75 -20.476211547851562 1
endloop
endfacet
facet normal -0.8314699190325903 0.555569773965375 0
outer loop
vertex -7.584254264831543 -21.01218605041504 1.7000000476837158
vertex -7.584254264831543 -21.01218605041504 1
vertex -7.681801795959473 -21.15817642211914 1.7000000476837158
endloop
endfacet
facet normal -0.9807856980081253 0.19508822256280442 0
outer loop
vertex -7.550000190734863 -20.839977264404297 1.7000000476837158
vertex -7.550000190734863 -20.839977264404297 1
vertex -7.584254264831543 -21.01218605041504 1.7000000476837158
endloop
endfacet
facet normal 0.5555702353189269 -0.8314696107661858 0
outer loop
vertex -8.25 -20.476211547851562 1
vertex -8.172207832336426 -20.424232482910156 0
vertex -8.172207832336426 -20.424232482910156 1.7000000476837158
endloop
endfacet
facet normal -0.19508978146454767 0.9807853879254701 0
outer loop
vertex -7.827792644500732 -21.25572395324707 1.7000000476837158
vertex -7.827792644500732 -21.25572395324707 0
vertex -8 -21.28997802734375 1.7000000476837158
endloop
endfacet
facet normal 0.19508926182791986 0.9807854912871812 0
outer loop
vertex -8 -21.28997802734375 1.7000000476837158
vertex -8 -21.28997802734375 0
vertex -8.172207832336426 -21.25572395324707 1.7000000476837158
endloop
endfacet
facet normal -0.5555678810041935 0.8314711838641856 0
outer loop
vertex -7.75 -21.203744888305664 1
vertex -7.827792644500732 -21.25572395324707 0
vertex -7.827792644500732 -21.25572395324707 1.7000000476837158
endloop
endfacet
facet normal 0.5555702353189269 0.8314696107661858 0
outer loop
vertex -8.172207832336426 -21.25572395324707 1.7000000476837158
vertex -8.172207832336426 -21.25572395324707 0
vertex -8.25 -21.203744888305664 1
endloop
endfacet
facet normal 0 0 -1
outer loop
vertex -8.172207832336426 -21.25572395324707 1.7000000476837158
vertex -8.318198204040527 -21.15817642211914 1.7000000476837158
vertex -8.172207832336426 -20.424232482910156 1.7000000476837158
endloop
endfacet
facet normal -0.19508978146454767 -0.9807853879254701 0
outer loop
vertex -8 -20.389978408813477 0
vertex -7.827792644500732 -20.424232482910156 0
vertex -7.827792644500732 -20.424232482910156 1.7000000476837158
endloop
endfacet
facet normal 0.19508926182791986 -0.9807854912871812 0
outer loop
vertex -8.172207832336426 -20.424232482910156 0
vertex -8 -20.389978408813477 0
vertex -8 -20.389978408813477 1.7000000476837158
endloop
endfacet
facet normal -0.19508978146454767 0.9807853879254701 0
outer loop
vertex -7.827792644500732 -21.25572395324707 0
vertex -8 -21.28997802734375 0
vertex -8 -21.28997802734375 1.7000000476837158
endloop
endfacet
facet normal 0.19508926182791986 0.9807854912871812 0
outer loop
vertex -8 -21.28997802734375 0
vertex -8.172207832336426 -21.25572395324707 0
vertex -8.172207832336426 -21.25572395324707 1.7000000476837158
endloop
endfacet
facet normal 0 0 -1
outer loop
vertex -8.318198204040527 -20.521780014038086 1.7000000476837158
vertex -8.415745735168457 -21.01218605041504 1.7000000476837158
vertex -8.415745735168457 -20.667770385742188 1.7000000476837158
endloop
endfacet
facet normal 0 0 -1
outer loop
vertex -8.172207832336426 -20.424232482910156 1.7000000476837158
vertex -8.318198204040527 -21.15817642211914 1.7000000476837158
vertex -8.318198204040527 -20.521780014038086 1.7000000476837158
endloop
endfacet
facet normal 0 0 -1
outer loop
vertex -8.318198204040527 -21.15817642211914 1.7000000476837158
vertex -8.415745735168457 -21.01218605041504 1.7000000476837158
vertex -8.318198204040527 -20.521780014038086 1.7000000476837158
endloop
endfacet
facet normal 0 0 -1
outer loop
vertex -8.415745735168457 -21.01218605041504 1.7000000476837158
vertex -8.449999809265137 -20.839977264404297 1.7000000476837158
vertex -8.415745735168457 -20.667770385742188 1.7000000476837158
endloop
endfacet
facet normal -0.8314699190325903 0.555569773965375 0
outer loop
vertex -7.584254264831543 -21.01218605041504 1
vertex -7.681801795959473 -21.15817642211914 1
vertex -7.681801795959473 -21.15817642211914 1.7000000476837158
endloop
endfacet
facet normal 0 0 -1
outer loop
vertex -8 -21.28997802734375 1.7000000476837158
vertex -8.172207832336426 -21.25572395324707 1.7000000476837158
vertex -8 -20.389978408813477 1.7000000476837158
endloop
endfacet
facet normal 0 0 -1
outer loop
vertex -7.827792644500732 -21.25572395324707 1.7000000476837158
vertex -8 -21.28997802734375 1.7000000476837158
vertex -7.827792644500732 -20.424232482910156 1.7000000476837158
endloop
endfacet
facet normal 0 0 -1
outer loop
vertex -8 -20.389978408813477 1.7000000476837158
vertex -8.172207832336426 -21.25572395324707 1.7000000476837158
vertex -8.172207832336426 -20.424232482910156 1.7000000476837158
endloop
endfacet
facet normal 0 0 -1
outer loop
vertex -7.827792644500732 -20.424232482910156 1.7000000476837158
vertex -8 -21.28997802734375 1.7000000476837158
vertex -8 -20.389978408813477 1.7000000476837158
endloop
endfacet
facet normal 0 0 -1
outer loop
vertex -7.827792644500732 -20.424232482910156 1.7000000476837158
vertex -7.681801795959473 -20.521780014038086 1.7000000476837158
vertex -7.827792644500732 -21.25572395324707 1.7000000476837158
endloop
endfacet
facet normal -0.5555685194476276 -0.8314707572721727 -1.0262864593098892e-7
outer loop
vertex -7.827792644500732 -20.424232482910156 1.7000000476837158
vertex -7.75 -20.476211547851562 1
vertex -7.681801795959473 -20.521780014038086 1.7000000476837158
endloop
endfacet
facet normal 0.8314699190325903 -0.555569773965375 0
outer loop
vertex -8.415745735168457 -20.667770385742188 1.7000000476837158
vertex -8.415745735168457 -20.667770385742188 1
vertex -8.318198204040527 -20.521780014038086 1.7000000476837158
endloop
endfacet
facet normal -0.8314699190325903 -0.555569773965375 0
outer loop
vertex -7.681801795959473 -20.521780014038086 1.7000000476837158
vertex -7.681801795959473 -20.521780014038086 1
vertex -7.584254264831543 -20.667770385742188 1.7000000476837158
endloop
endfacet
facet normal -0.9807852845629332 -0.19509030110388895 0
outer loop
vertex -7.584254264831543 -20.667770385742188 1
vertex -7.550000190734863 -20.839977264404297 1.7000000476837158
vertex -7.584254264831543 -20.667770385742188 1.7000000476837158
endloop
endfacet
facet normal -0.5555678810041935 -0.8314711838641855 0
outer loop
vertex -7.827792644500732 -20.424232482910156 0
vertex -7.75 -20.476211547851562 0
vertex -7.75 -20.476211547851562 1
endloop
endfacet
facet normal 0.5555702353189269 -0.8314696107661856 0
outer loop
vertex -8.25 -20.476211547851562 0
vertex -8.172207832336426 -20.424232482910156 0
vertex -8.25 -20.476211547851562 1
endloop
endfacet
facet normal 0 0 -1
outer loop
vertex -7.681801795959473 -20.521780014038086 1.7000000476837158
vertex -7.584254264831543 -20.667770385742188 1.7000000476837158
vertex -7.681801795959473 -21.15817642211914 1.7000000476837158
endloop
endfacet
facet normal -0.5555678810041935 0.8314711838641855 0
outer loop
vertex -7.75 -21.203744888305664 0
vertex -7.827792644500732 -21.25572395324707 0
vertex -7.75 -21.203744888305664 1
endloop
endfacet
facet normal 0.5555702353189269 0.8314696107661856 0
outer loop
vertex -8.172207832336426 -21.25572395324707 0
vertex -8.25 -21.203744888305664 0
vertex -8.25 -21.203744888305664 1
endloop
endfacet
facet normal 0 0 -1
outer loop
vertex -7.550000190734863 -20.839977264404297 1.7000000476837158
vertex -7.584254264831543 -21.01218605041504 1.7000000476837158
vertex -7.584254264831543 -20.667770385742188 1.7000000476837158
endloop
endfacet
facet normal -0.8314699190325903 -0.555569773965375 0
outer loop
vertex -7.681801795959473 -20.521780014038086 1
vertex -7.584254264831543 -20.667770385742188 1
vertex -7.584254264831543 -20.667770385742188 1.7000000476837158
endloop
endfacet
facet normal -0.5555692477090594 -0.8314702706651572 0
outer loop
vertex -7.681801795959473 -20.521780014038086 1.7000000476837158
vertex -7.75 -20.476211547851562 1
vertex -7.681801795959473 -20.521780014038086 1
endloop
endfacet
facet normal 0.5555697739653734 -0.831469919032588 7.416155541530673e-8
outer loop
vertex -8.318198204040527 -20.521780014038086 1.7000000476837158
vertex -8.25 -20.476211547851562 1
vertex -8.172207832336426 -20.424232482910156 1.7000000476837158
endloop
endfacet
facet normal 0 0 -1
outer loop
vertex -8.415745735168457 -22.28218650817871 1.7000000476837158
vertex -8.449999809265137 -22.10997772216797 1.7000000476837158
vertex -8.415745735168457 -21.93777084350586 1.7000000476837158
endloop
endfacet
facet normal -0.5555678810041935 0.8314711838641855 0
outer loop
vertex -7.75 -22.473745346069336 0
vertex -7.827792644500732 -22.525724411010742 0
vertex -7.75 -22.473745346069336 1
endloop
endfacet
facet normal 0 0 -1
outer loop
vertex -8.318198204040527 -22.428176879882812 1.7000000476837158
vertex -8.415745735168457 -22.28218650817871 1.7000000476837158
vertex -8.318198204040527 -21.791780471801758 1.7000000476837158
endloop
endfacet
facet normal 0.5555702353189269 0.8314696107661858 0
outer loop
vertex -8.172207832336426 -22.525724411010742 1.7000000476837158
vertex -8.172207832336426 -22.525724411010742 0
vertex -8.25 -22.473745346069336 1
endloop
endfacet
facet normal -0.5555685194476276 0.8314707572721727 -1.0262864593098892e-7
outer loop
vertex -7.75 -22.473745346069336 1
vertex -7.827792644500732 -22.525724411010742 1.7000000476837158
vertex -7.681801795959473 -22.428176879882812 1.7000000476837158
endloop
endfacet
facet normal -0.5555692477090594 -0.8314702706651572 0
outer loop
vertex -7.681801795959473 -21.791780471801758 1.7000000476837158
vertex -7.75 -21.746212005615234 1
vertex -7.681801795959473 -21.791780471801758 1
endloop
endfacet
facet normal 0.19508926182791986 0.9807854912871812 0
outer loop
vertex -8 -22.559978485107422 0
vertex -8.172207832336426 -22.525724411010742 0
vertex -8.172207832336426 -22.525724411010742 1.7000000476837158
endloop
endfacet
facet normal -0.5555685194476276 -0.8314707572721727 -1.0262864593098892e-7
outer loop
vertex -7.681801795959473 -21.791780471801758 1.7000000476837158
vertex -7.827792644500732 -21.694232940673828 1.7000000476837158
vertex -7.75 -21.746212005615234 1
endloop
endfacet
facet normal -0.8314699190325903 0.555569773965375 0
outer loop
vertex -7.584254264831543 -22.28218650817871 1.7000000476837158
vertex -7.584254264831543 -22.28218650817871 1
vertex -7.681801795959473 -22.428176879882812 1.7000000476837158
endloop
endfacet
facet normal -0.9807856980081253 0.19508822256280442 0
outer loop
vertex -7.550000190734863 -22.10997772216797 1.7000000476837158
vertex -7.550000190734863 -22.10997772216797 1
vertex -7.584254264831543 -22.28218650817871 1.7000000476837158
endloop
endfacet
facet normal 0.5555702353189269 -0.8314696107661856 0
outer loop
vertex -8.25 -21.746212005615234 0
vertex -8.172207832336426 -21.694232940673828 0
vertex -8.25 -21.746212005615234 1
endloop
endfacet
facet normal 0.5555697739653734 -0.831469919032588 7.416155541530673e-8
outer loop
vertex -8.318198204040527 -21.791780471801758 1.7000000476837158
vertex -8.25 -21.746212005615234 1
vertex -8.172207832336426 -21.694232940673828 1.7000000476837158
endloop
endfacet
facet normal 0.8314699190325903 -0.555569773965375 0
outer loop
vertex -8.318198204040527 -21.791780471801758 1.7000000476837158
vertex -8.415745735168457 -21.93777084350586 1.7000000476837158
vertex -8.415745735168457 -21.93777084350586 1
endloop
endfacet
facet normal -0.5555678810041935 -0.8314711838641855 0
outer loop
vertex -7.827792644500732 -21.694232940673828 0
vertex -7.75 -21.746212005615234 0
vertex -7.75 -21.746212005615234 1
endloop
endfacet
facet normal -0.19508978146454767 0.9807853879254701 0
outer loop
vertex -7.827792644500732 -22.525724411010742 0
vertex -8 -22.559978485107422 0
vertex -8 -22.559978485107422 1.7000000476837158
endloop
endfacet
facet normal 0 0 -1
outer loop
vertex -8.172207832336426 -21.694232940673828 1.7000000476837158
vertex -8.318198204040527 -22.428176879882812 1.7000000476837158
vertex -8.318198204040527 -21.791780471801758 1.7000000476837158
endloop
endfacet
facet normal 0 0 -1
outer loop
vertex -8 -21.65997886657715 1.7000000476837158
vertex -8.172207832336426 -22.525724411010742 1.7000000476837158
vertex -8.172207832336426 -21.694232940673828 1.7000000476837158
endloop
endfacet
facet normal -0.8314699190325903 -0.555569773965375 0
outer loop
vertex -7.681801795959473 -21.791780471801758 1.7000000476837158
vertex -7.681801795959473 -21.791780471801758 1
vertex -7.584254264831543 -21.93777084350586 1.7000000476837158
endloop
endfacet
facet normal -0.9807852845629332 -0.19509030110388895 0
outer loop
vertex -7.584254264831543 -21.93777084350586 1
vertex -7.550000190734863 -22.10997772216797 1.7000000476837158
vertex -7.584254264831543 -21.93777084350586 1.7000000476837158
endloop
endfacet
facet normal 0.5555692477090594 -0.8314702706651572 0
outer loop
vertex -8.318198204040527 -21.791780471801758 1.7000000476837158
vertex -8.318198204040527 -21.791780471801758 1
vertex -8.25 -21.746212005615234 1
endloop
endfacet
facet normal 0.8314699190325903 -0.555569773965375 0
outer loop
vertex -8.415745735168457 -21.93777084350586 1
vertex -8.318198204040527 -21.791780471801758 1
vertex -8.318198204040527 -21.791780471801758 1.7000000476837158
endloop
endfacet
facet normal 0.9807852845629332 -0.19509030110388895 0
outer loop
vertex -8.415745735168457 -21.93777084350586 1.7000000476837158
vertex -8.449999809265137 -22.10997772216797 1
vertex -8.415745735168457 -21.93777084350586 1
endloop
endfacet
facet normal 0.8314699190325903 0.555569773965375 0
outer loop
vertex -8.318198204040527 -22.428176879882812 1.7000000476837158
vertex -8.318198204040527 -22.428176879882812 1
vertex -8.415745735168457 -22.28218650817871 1.7000000476837158
endloop
endfacet
facet normal 0.5555697739653734 0.831469919032588 7.416155541530673e-8
outer loop
vertex -8.172207832336426 -22.525724411010742 1.7000000476837158
vertex -8.25 -22.473745346069336 1
vertex -8.318198204040527 -22.428176879882812 1.7000000476837158
endloop
endfacet
facet normal -0.19508978146454767 -0.9807853879254701 0
outer loop
vertex -8 -21.65997886657715 1.7000000476837158
vertex -8 -21.65997886657715 0
vertex -7.827792644500732 -21.694232940673828 1.7000000476837158
endloop
endfacet
facet normal 0.19508926182791986 -0.9807854912871812 0
outer loop
vertex -8.172207832336426 -21.694232940673828 1.7000000476837158
vertex -8.172207832336426 -21.694232940673828 0
vertex -8 -21.65997886657715 1.7000000476837158
endloop
endfacet
facet normal -0.8314699190325903 -0.555569773965375 0
outer loop
vertex -7.681801795959473 -21.791780471801758 1
vertex -7.584254264831543 -21.93777084350586 1
vertex -7.584254264831543 -21.93777084350586 1.7000000476837158
endloop
endfacet
facet normal -0.5555678810041935 -0.8314711838641856 0
outer loop
vertex -7.827792644500732 -21.694232940673828 1.7000000476837158
vertex -7.827792644500732 -21.694232940673828 0
vertex -7.75 -21.746212005615234 1
endloop
endfacet
facet normal 0.9807856980081253 0.19508822256280442 0
outer loop
vertex -8.415745735168457 -22.28218650817871 1.7000000476837158
vertex -8.415745735168457 -22.28218650817871 1
vertex -8.449999809265137 -22.10997772216797 1.7000000476837158
endloop
endfacet
facet normal 0 0 -1
outer loop
vertex -8.318198204040527 -21.791780471801758 1.7000000476837158
vertex -8.415745735168457 -22.28218650817871 1.7000000476837158
vertex -8.415745735168457 -21.93777084350586 1.7000000476837158
endloop
endfacet
facet normal 0 0 -1
outer loop
vertex -8.172207832336426 -22.525724411010742 1.7000000476837158
vertex -8.318198204040527 -22.428176879882812 1.7000000476837158
vertex -8.172207832336426 -21.694232940673828 1.7000000476837158
endloop
endfacet
facet normal 0 0 -1
outer loop
vertex -8 -22.559978485107422 1.7000000476837158
vertex -8.172207832336426 -22.525724411010742 1.7000000476837158
vertex -8 -21.65997886657715 1.7000000476837158
endloop
endfacet
facet normal 0 0 -1
outer loop
vertex -7.827792644500732 -22.525724411010742 1.7000000476837158
vertex -8 -22.559978485107422 1.7000000476837158
vertex -7.827792644500732 -21.694232940673828 1.7000000476837158
endloop
endfacet
facet normal 0 0 -1
outer loop
vertex -7.827792644500732 -21.694232940673828 1.7000000476837158
vertex -7.681801795959473 -21.791780471801758 1.7000000476837158
vertex -7.827792644500732 -22.525724411010742 1.7000000476837158
endloop
endfacet
facet normal 0.5555692477090594 0.8314702706651572 0
outer loop
vertex -8.25 -22.473745346069336 1
vertex -8.318198204040527 -22.428176879882812 1
vertex -8.318198204040527 -22.428176879882812 1.7000000476837158
endloop
endfacet
facet normal 0.8314699190325903 0.555569773965375 0
outer loop
vertex -8.318198204040527 -22.428176879882812 1
vertex -8.415745735168457 -22.28218650817871 1
vertex -8.415745735168457 -22.28218650817871 1.7000000476837158
endloop
endfacet
facet normal 0.5555702353189269 -0.8314696107661858 0
outer loop
vertex -8.25 -21.746212005615234 1
vertex -8.172207832336426 -21.694232940673828 0
vertex -8.172207832336426 -21.694232940673828 1.7000000476837158
endloop
endfacet
facet normal -0.5555692477090594 0.8314702706651572 0
outer loop
vertex -7.681801795959473 -22.428176879882812 1
vertex -7.75 -22.473745346069336 1
vertex -7.681801795959473 -22.428176879882812 1.7000000476837158
endloop
endfacet
facet normal -0.8314699190325903 0.555569773965375 0
outer loop
vertex -7.584254264831543 -22.28218650817871 1
vertex -7.681801795959473 -22.428176879882812 1
vertex -7.681801795959473 -22.428176879882812 1.7000000476837158
endloop
endfacet
facet normal -0.19508978146454767 -0.9807853879254701 0
outer loop
vertex -8 -21.65997886657715 0
vertex -7.827792644500732 -21.694232940673828 0
vertex -7.827792644500732 -21.694232940673828 1.7000000476837158
endloop
endfacet
facet normal 0 0 -1
outer loop
vertex -7.681801795959473 -22.428176879882812 1.7000000476837158
vertex -7.827792644500732 -22.525724411010742 1.7000000476837158
vertex -7.681801795959473 -21.791780471801758 1.7000000476837158
endloop
endfacet
facet normal 0 0 -1
outer loop
vertex -7.584254264831543 -22.28218650817871 1.7000000476837158
vertex -7.681801795959473 -22.428176879882812 1.7000000476837158
vertex -7.584254264831543 -21.93777084350586 1.7000000476837158
endloop
endfacet
facet normal 0 0 -1
outer loop
vertex -7.584254264831543 -21.93777084350586 1.7000000476837158
vertex -7.681801795959473 -22.428176879882812 1.7000000476837158
vertex -7.681801795959473 -21.791780471801758 1.7000000476837158
endloop
endfacet
facet normal 0.9807856980081253 0.19508822256280442 0
outer loop
vertex -8.415745735168457 -22.28218650817871 1
vertex -8.449999809265137 -22.10997772216797 1
vertex -8.449999809265137 -22.10997772216797 1.7000000476837158
endloop
endfacet
facet normal 0 0 -1
outer loop
vertex -7.827792644500732 -21.694232940673828 1.7000000476837158
vertex -8 -22.559978485107422 1.7000000476837158
vertex -8 -21.65997886657715 1.7000000476837158
endloop
endfacet
facet normal 0 0 -1
outer loop
vertex -7.550000190734863 -22.10997772216797 1.7000000476837158
vertex -7.584254264831543 -22.28218650817871 1.7000000476837158
vertex -7.584254264831543 -21.93777084350586 1.7000000476837158
endloop
endfacet
facet normal 0.19508926182791986 -0.9807854912871812 0
outer loop
vertex -8.172207832336426 -21.694232940673828 0
vertex -8 -21.65997886657715 0
vertex -8 -21.65997886657715 1.7000000476837158
endloop
endfacet
facet normal -0.19508978146454767 0.9807853879254701 0
outer loop
vertex -7.827792644500732 -22.525724411010742 1.7000000476837158
vertex -7.827792644500732 -22.525724411010742 0
vertex -8 -22.559978485107422 1.7000000476837158
endloop
endfacet
facet normal 0.19508926182791986 0.9807854912871812 0
outer loop
vertex -8 -22.559978485107422 1.7000000476837158
vertex -8 -22.559978485107422 0
vertex -8.172207832336426 -22.525724411010742 1.7000000476837158
endloop
endfacet
facet normal -0.9807856980081253 0.19508822256280442 0
outer loop
vertex -7.550000190734863 -22.10997772216797 1
vertex -7.584254264831543 -22.28218650817871 1
vertex -7.584254264831543 -22.28218650817871 1.7000000476837158
endloop
endfacet
facet normal -0.5555678810041935 0.8314711838641856 0
outer loop
vertex -7.75 -22.473745346069336 1
vertex -7.827792644500732 -22.525724411010742 0
vertex -7.827792644500732 -22.525724411010742 1.7000000476837158
endloop
endfacet
facet normal 0.9807852845629332 -0.19509030110388895 0
outer loop
vertex -8.449999809265137 -22.10997772216797 1.7000000476837158
vertex -8.449999809265137 -22.10997772216797 1
vertex -8.415745735168457 -21.93777084350586 1.7000000476837158
endloop
endfacet
facet normal -0.9807852845629332 -0.19509030110388895 0
outer loop
vertex -7.550000190734863 -22.10997772216797 1.7000000476837158
vertex -7.584254264831543 -21.93777084350586 1
vertex -7.550000190734863 -22.10997772216797 1
endloop
endfacet
facet normal 0.5555702353189269 0.8314696107661856 0
outer loop
vertex -8.172207832336426 -22.525724411010742 0
vertex -8.25 -22.473745346069336 0
vertex -8.25 -22.473745346069336 1
endloop
endfacet
facet normal -0.19508978146454767 -0.9807853879254701 0
outer loop
vertex -7.999745845794678 -22.929977416992188 1.7000000476837158
vertex -7.999745845794678 -22.929977416992188 0
vertex -7.82753849029541 -22.964231491088867 1.7000000476837158
endloop
endfacet
facet normal -0.5555825053249285 -0.8314614120792834 0
outer loop
vertex -7.82753849029541 -22.964231491088867 1.7000000476837158
vertex -7.82753849029541 -22.964231491088867 0
vertex -7.75 -23.016042709350586 1
endloop
endfacet
facet normal 0.555574774958438 0.8314665774574003 0.000001076137785262232
outer loop
vertex -8.171953201293945 -23.795724868774414 1.7000000476837158
vertex -8.25 -23.743574142456055 1
vertex -8.317944526672363 -23.69817543029785 1.7000000476837158
endloop
endfacet
facet normal 0.8314699190325903 0.555569773965375 0
outer loop
vertex -8.317944526672363 -23.69817543029785 1.7000000476837158
vertex -8.317944526672363 -23.69817543029785 1
vertex -8.415492057800293 -23.55218505859375 1.7000000476837158
endloop
endfacet
facet normal 0.9807852845629332 0.19509030110388895 0
outer loop
vertex -8.415492057800293 -23.55218505859375 1.7000000476837158
vertex -8.415492057800293 -23.55218505859375 1
vertex -8.449746131896973 -23.37997817993164 1.7000000476837158
endloop
endfacet
facet normal 0.5555814475874111 0.8314621188585062 0
outer loop
vertex -8.171953201293945 -23.795724868774414 0
vertex -8.25 -23.743574142456055 0
vertex -8.25 -23.743574142456055 1
endloop
endfacet
facet normal 0 0 -1
outer loop
vertex -7.681548118591309 -23.06178092956543 1.7000000476837158
vertex -7.584000110626221 -23.20777130126953 1.7000000476837158
vertex -7.681548118591309 -23.69817543029785 1.7000000476837158
endloop
endfacet
facet normal 0.5555671100837308 0.8314716989730989 0
outer loop
vertex -8.317944526672363 -23.69817543029785 1
vertex -8.317944526672363 -23.69817543029785 1.7000000476837158
vertex -8.25 -23.743574142456055 1
endloop
endfacet
facet normal 0 0 -1
outer loop
vertex -7.549746036529541 -23.37997817993164 1.7000000476837158
vertex -7.584000110626221 -23.55218505859375 1.7000000476837158
vertex -7.584000110626221 -23.20777130126953 1.7000000476837158
endloop
endfacet
facet normal 0 0 -1
outer loop
vertex -7.584000110626221 -23.55218505859375 1.7000000476837158
vertex -7.681548118591309 -23.69817543029785 1.7000000476837158
vertex -7.584000110626221 -23.20777130126953 1.7000000476837158
endloop
endfacet
facet normal -0.8314686645124185 -0.5555716514851484 0
outer loop
vertex -7.681548118591309 -23.06178092956543 1
vertex -7.584000110626221 -23.20777130126953 1
vertex -7.584000110626221 -23.20777130126953 1.7000000476837158
endloop
endfacet
facet normal 0 0 -1
outer loop
vertex -7.681548118591309 -23.69817543029785 1.7000000476837158
vertex -7.82753849029541 -23.795724868774414 1.7000000476837158
vertex -7.681548118591309 -23.06178092956543 1.7000000476837158
endloop
endfacet
facet normal 0.5555814475874111 -0.8314621188585063 0
outer loop
vertex -8.25 -23.016382217407227 1
vertex -8.171953201293945 -22.964231491088867 0
vertex -8.171953201293945 -22.964231491088867 1.7000000476837158
endloop
endfacet
facet normal -0.19508978146454767 0.9807853879254701 0
outer loop
vertex -7.82753849029541 -23.795724868774414 1.7000000476837158
vertex -7.82753849029541 -23.795724868774414 0
vertex -7.999745845794678 -23.829978942871094 1.7000000476837158
endloop
endfacet
facet normal 0.19508978146454767 0.9807853879254701 0
outer loop
vertex -7.999745845794678 -23.829978942871094 1.7000000476837158
vertex -7.999745845794678 -23.829978942871094 0
vertex -8.171953201293945 -23.795724868774414 1.7000000476837158
endloop
endfacet
facet normal -0.5555713694797463 -0.8314688529430306 0
outer loop
vertex -7.681548118591309 -23.06178092956543 1.7000000476837158
vertex -7.75 -23.016042709350586 1
vertex -7.681548118591309 -23.06178092956543 1
endloop
endfacet
facet normal -0.5555772839932843 0.8314649009488889 8.365953110641323e-7
outer loop
vertex -7.75 -23.743913650512695 1
vertex -7.82753849029541 -23.795724868774414 1.7000000476837158
vertex -7.681548118591309 -23.69817543029785 1.7000000476837158
endloop
endfacet
facet normal 0.9807852845629332 -0.19509030110388895 0
outer loop
vertex -8.449746131896973 -23.37997817993164 1
vertex -8.415492057800293 -23.20777130126953 1
vertex -8.415492057800293 -23.20777130126953 1.7000000476837158
endloop
endfacet
facet normal 0.9807852845629332 0.19509030110388895 0
outer loop
vertex -8.415492057800293 -23.55218505859375 1
vertex -8.449746131896973 -23.37997817993164 1
vertex -8.449746131896973 -23.37997817993164 1.7000000476837158
endloop
endfacet
facet normal -0.5555825053249285 0.8314614120792834 0
outer loop
vertex -7.75 -23.743913650512695 1
vertex -7.82753849029541 -23.795724868774414 0
vertex -7.82753849029541 -23.795724868774414 1.7000000476837158
endloop
endfacet
facet normal -0.9807852845629332 -0.19509030110388895 0
outer loop
vertex -7.549746036529541 -23.37997817993164 1
vertex -7.549746036529541 -23.37997817993164 1.7000000476837158
vertex -7.584000110626221 -23.20777130126953 1
endloop
endfacet
facet normal 0 0 -1
outer loop
vertex -7.82753849029541 -22.964231491088867 1.7000000476837158
vertex -7.999745845794678 -23.829978942871094 1.7000000476837158
vertex -7.999745845794678 -22.929977416992188 1.7000000476837158
endloop
endfacet
facet normal 0 0 -1
outer loop
vertex -7.999745845794678 -22.929977416992188 1.7000000476837158
vertex -8.171953201293945 -23.795724868774414 1.7000000476837158
vertex -8.171953201293945 -22.964231491088867 1.7000000476837158
endloop
endfacet
facet normal 0 0 -1
outer loop
vertex -8.171953201293945 -22.964231491088867 1.7000000476837158
vertex -8.317944526672363 -23.69817543029785 1.7000000476837158
vertex -8.317944526672363 -23.06178092956543 1.7000000476837158
endloop
endfacet
facet normal -0.9807852845629332 0.19509030110388895 0
outer loop
vertex -7.549746036529541 -23.37997817993164 1
vertex -7.584000110626221 -23.55218505859375 1.7000000476837158
vertex -7.549746036529541 -23.37997817993164 1.7000000476837158
endloop
endfacet
facet normal -0.8314686645124185 0.5555716514851484 0
outer loop
vertex -7.584000110626221 -23.55218505859375 1.7000000476837158
vertex -7.584000110626221 -23.55218505859375 1
vertex -7.681548118591309 -23.69817543029785 1.7000000476837158
endloop
endfacet
facet normal 0.8314699190325903 0.555569773965375 0
outer loop
vertex -8.317944526672363 -23.69817543029785 1
vertex -8.415492057800293 -23.55218505859375 1
vertex -8.415492057800293 -23.55218505859375 1.7000000476837158
endloop
endfacet
facet normal -0.9807852845629332 0.19509030110388895 0
outer loop
vertex -7.549746036529541 -23.37997817993164 1
vertex -7.584000110626221 -23.55218505859375 1
vertex -7.584000110626221 -23.55218505859375 1.7000000476837158
endloop
endfacet
facet normal -0.5555713694797463 0.8314688529430306 0
outer loop
vertex -7.681548118591309 -23.69817543029785 1
vertex -7.75 -23.743913650512695 1
vertex -7.681548118591309 -23.69817543029785 1.7000000476837158
endloop
endfacet
facet normal 0 0 -1
outer loop
vertex -8.317944526672363 -23.06178092956543 1.7000000476837158
vertex -8.415492057800293 -23.55218505859375 1.7000000476837158
vertex -8.415492057800293 -23.20777130126953 1.7000000476837158
endloop
endfacet
facet normal -0.8314686645124185 0.5555716514851484 0
outer loop
vertex -7.584000110626221 -23.55218505859375 1
vertex -7.681548118591309 -23.69817543029785 1
vertex -7.681548118591309 -23.69817543029785 1.7000000476837158
endloop
endfacet
facet normal 0 0 -1
outer loop
vertex -7.82753849029541 -23.795724868774414 1.7000000476837158
vertex -7.999745845794678 -23.829978942871094 1.7000000476837158
vertex -7.82753849029541 -22.964231491088867 1.7000000476837158
endloop
endfacet
facet normal 0 0 -1
outer loop
vertex -7.999745845794678 -23.829978942871094 1.7000000476837158
vertex -8.171953201293945 -23.795724868774414 1.7000000476837158
vertex -7.999745845794678 -22.929977416992188 1.7000000476837158
endloop
endfacet
facet normal 0 0 -1
outer loop
vertex -8.171953201293945 -23.795724868774414 1.7000000476837158
vertex -8.317944526672363 -23.69817543029785 1.7000000476837158
vertex -8.171953201293945 -22.964231491088867 1.7000000476837158
endloop
endfacet
facet normal 0 0 -1
outer loop
vertex -8.317944526672363 -23.69817543029785 1.7000000476837158
vertex -8.415492057800293 -23.55218505859375 1.7000000476837158
vertex -8.317944526672363 -23.06178092956543 1.7000000476837158
endloop
endfacet
facet normal -0.5555772839932843 -0.8314649009488889 8.365953110641323e-7
outer loop
vertex -7.82753849029541 -22.964231491088867 1.7000000476837158
vertex -7.75 -23.016042709350586 1
vertex -7.681548118591309 -23.06178092956543 1.7000000476837158
endloop
endfacet
facet normal 0.555574774958438 -0.8314665774574003 0.000001076137785262232
outer loop
vertex -8.317944526672363 -23.06178092956543 1.7000000476837158
vertex -8.25 -23.016382217407227 1
vertex -8.171953201293945 -22.964231491088867 1.7000000476837158
endloop
endfacet
facet normal 0.8314699190325903 -0.555569773965375 0
outer loop
vertex -8.415492057800293 -23.20777130126953 1.7000000476837158
vertex -8.415492057800293 -23.20777130126953 1
vertex -8.317944526672363 -23.06178092956543 1.7000000476837158
endloop
endfacet
facet normal 0 0 -1
outer loop
vertex -8.415492057800293 -23.55218505859375 1.7000000476837158
vertex -8.449746131896973 -23.37997817993164 1.7000000476837158
vertex -8.415492057800293 -23.20777130126953 1.7000000476837158
endloop
endfacet
facet normal 0.19508978146454767 0.9807853879254701 0
outer loop
vertex -7.999745845794678 -23.829978942871094 0
vertex -8.171953201293945 -23.795724868774414 0
vertex -8.171953201293945 -23.795724868774414 1.7000000476837158
endloop
endfacet
facet normal 0.5555814475874111 0.8314621188585063 0
outer loop
vertex -8.171953201293945 -23.795724868774414 1.7000000476837158
vertex -8.171953201293945 -23.795724868774414 0
vertex -8.25 -23.743574142456055 1
endloop
endfacet
facet normal 0.5555671100837308 -0.8314716989730989 0
outer loop
vertex -8.317944526672363 -23.06178092956543 1.7000000476837158
vertex -8.317944526672363 -23.06178092956543 1
vertex -8.25 -23.016382217407227 1
endloop
endfacet
facet normal 0.8314699190325903 -0.555569773965375 0
outer loop
vertex -8.415492057800293 -23.20777130126953 1
vertex -8.317944526672363 -23.06178092956543 1
vertex -8.317944526672363 -23.06178092956543 1.7000000476837158
endloop
endfacet
facet normal -0.8314686645124185 -0.5555716514851484 0
outer loop
vertex -7.681548118591309 -23.06178092956543 1.7000000476837158
vertex -7.681548118591309 -23.06178092956543 1
vertex -7.584000110626221 -23.20777130126953 1.7000000476837158
endloop
endfacet
facet normal -0.9807852845629332 -0.19509030110388895 0
outer loop
vertex -7.584000110626221 -23.20777130126953 1.7000000476837158
vertex -7.584000110626221 -23.20777130126953 1
vertex -7.549746036529541 -23.37997817993164 1.7000000476837158
endloop
endfacet
facet normal -0.5555825053249284 0.8314614120792834 0
outer loop
vertex -7.75 -23.743913650512695 1
vertex -7.75 -23.743913650512695 0
vertex -7.82753849029541 -23.795724868774414 0
endloop
endfacet
facet normal -0.19508978146454767 0.9807853879254701 0
outer loop
vertex -7.82753849029541 -23.795724868774414 0
vertex -7.999745845794678 -23.829978942871094 0
vertex -7.999745845794678 -23.829978942871094 1.7000000476837158
endloop
endfacet
facet normal 0.19508978146454767 -0.9807853879254701 0
outer loop
vertex -8.171953201293945 -22.964231491088867 0
vertex -7.999745845794678 -22.929977416992188 0
vertex -7.999745845794678 -22.929977416992188 1.7000000476837158
endloop
endfacet
facet normal -0.19508978146454767 -0.9807853879254701 0
outer loop
vertex -7.999745845794678 -22.929977416992188 0
vertex -7.82753849029541 -22.964231491088867 0
vertex -7.82753849029541 -22.964231491088867 1.7000000476837158
endloop
endfacet
facet normal 0.5555814475874111 -0.8314621188585062 0
outer loop
vertex -8.25 -23.016382217407227 0
vertex -8.171953201293945 -22.964231491088867 0
vertex -8.25 -23.016382217407227 1
endloop
endfacet
facet normal 0.9807852845629332 -0.19509030110388895 0
outer loop
vertex -8.449746131896973 -23.37997817993164 1.7000000476837158
vertex -8.449746131896973 -23.37997817993164 1
vertex -8.415492057800293 -23.20777130126953 1.7000000476837158
endloop
endfacet
facet normal -0.5555825053249284 -0.8314614120792834 0
outer loop
vertex -7.82753849029541 -22.964231491088867 0
vertex -7.75 -23.016042709350586 0
vertex -7.75 -23.016042709350586 1
endloop
endfacet
facet normal 0 0 -1
outer loop
vertex -7.82753849029541 -22.964231491088867 1.7000000476837158
vertex -7.681548118591309 -23.06178092956543 1.7000000476837158
vertex -7.82753849029541 -23.795724868774414 1.7000000476837158
endloop
endfacet
facet normal 0.19508978146454767 -0.9807853879254701 0
outer loop
vertex -8.171953201293945 -22.964231491088867 1.7000000476837158
vertex -8.171953201293945 -22.964231491088867 0
vertex -7.999745845794678 -22.929977416992188 1.7000000476837158
endloop
endfacet
facet normal -0.5555683654216232 -0.8314708601885851 0
outer loop
vertex -7.82753849029541 -24.23423194885254 0
vertex -7.75 -24.286041259765625 0
vertex -7.75 -24.286041259765625 1
endloop
endfacet
facet normal -0.8314686645124185 0.5555716514851484 0
outer loop
vertex -7.584000110626221 -24.822185516357422 1.7000000476837158
vertex -7.584000110626221 -24.822185516357422 1
vertex -7.681548118591309 -24.968175888061523 1.7000000476837158
endloop
endfacet
facet normal -0.19508978146454767 -0.9807853879254701 0
outer loop
vertex -7.999745845794678 -24.19997787475586 1.7000000476837158
vertex -7.999745845794678 -24.19997787475586 0
vertex -7.82753849029541 -24.23423194885254 1.7000000476837158
endloop
endfacet
facet normal 0.5555590949278025 0.8314770544296463 0
outer loop
vertex -8.171953201293945 -25.065723419189453 0
vertex -8.270349502563477 -24.99997901916504 0
vertex -8.270349502563477 -24.99997901916504 1
endloop
endfacet
facet normal -0.5555628175963769 0.8314745670821055 0
outer loop
vertex -7.729143142700195 -24.99997901916504 0
vertex -7.82753849029541 -25.065723419189453 0
vertex -7.729143142700195 -24.99997901916504 1
endloop
endfacet
facet normal 0.5555673997411498 -0.8314715054317 0
outer loop
vertex -8.25 -24.286380767822266 0
vertex -8.171953201293945 -24.23423194885254 0
vertex -8.25 -24.286380767822266 1
endloop
endfacet
facet normal 0 0 -1
outer loop
vertex -7.999745845794678 -25.099977493286133 1.7000000476837158
vertex -8.171953201293945 -25.065723419189453 1.7000000476837158
vertex -7.999745845794678 -24.19997787475586 1.7000000476837158
endloop
endfacet
facet normal 0 0 -1
outer loop
vertex -8.171953201293945 -25.065723419189453 1.7000000476837158
vertex -8.317944526672363 -24.968175888061523 1.7000000476837158
vertex -8.171953201293945 -24.23423194885254 1.7000000476837158
endloop
endfacet
facet normal 0 0 -1
outer loop
vertex -7.549746036529541 -24.649978637695312 1.7000000476837158
vertex -7.584000110626221 -24.822185516357422 1.7000000476837158
vertex -7.584000110626221 -24.47776985168457 1.7000000476837158
endloop
endfacet
facet normal 0 0 -1
outer loop
vertex -7.584000110626221 -24.47776985168457 1.7000000476837158
vertex -7.681548118591309 -24.968175888061523 1.7000000476837158
vertex -7.681548118591309 -24.33177947998047 1.7000000476837158
endloop
endfacet
facet normal 0 0 -1
outer loop
vertex -7.681548118591309 -24.33177947998047 1.7000000476837158
vertex -7.82753849029541 -25.065723419189453 1.7000000476837158
vertex -7.82753849029541 -24.23423194885254 1.7000000476837158
endloop
endfacet
facet normal 0 0 -1
outer loop
vertex -7.82753849029541 -24.23423194885254 1.7000000476837158
vertex -7.999745845794678 -25.099977493286133 1.7000000476837158
vertex -7.999745845794678 -24.19997787475586 1.7000000476837158
endloop
endfacet
facet normal 0 0 -1
outer loop
vertex -7.999745845794678 -24.19997787475586 1.7000000476837158
vertex -8.171953201293945 -25.065723419189453 1.7000000476837158
vertex -8.171953201293945 -24.23423194885254 1.7000000476837158
endloop
endfacet
facet normal 0 0 -1
outer loop
vertex -8.171953201293945 -24.23423194885254 1.7000000476837158
vertex -8.317944526672363 -24.968175888061523 1.7000000476837158
vertex -8.317944526672363 -24.33177947998047 1.7000000476837158
endloop
endfacet
facet normal 0 0 -1
outer loop
vertex -8.317944526672363 -24.33177947998047 1.7000000476837158
vertex -8.415492057800293 -24.822185516357422 1.7000000476837158
vertex -8.415492057800293 -24.47776985168457 1.7000000476837158
endloop
endfacet
facet normal 0 0 -1
outer loop
vertex -8.317944526672363 -24.968175888061523 1.7000000476837158
vertex -8.415492057800293 -24.822185516357422 1.7000000476837158
vertex -8.317944526672363 -24.33177947998047 1.7000000476837158
endloop
endfacet
facet normal 0 0 -1
outer loop
vertex -8.415492057800293 -24.822185516357422 1.7000000476837158
vertex -8.449746131896973 -24.649978637695312 1.7000000476837158
vertex -8.415492057800293 -24.47776985168457 1.7000000476837158
endloop
endfacet
facet normal 0.19508978146454767 0.9807853879254701 0
outer loop
vertex -7.999745845794678 -25.099977493286133 0
vertex -8.171953201293945 -25.065723419189453 0
vertex -8.171953201293945 -25.065723419189453 1.7000000476837158
endloop
endfacet
facet normal -0.19508978146454767 0.9807853879254701 0
outer loop
vertex -7.82753849029541 -25.065723419189453 0
vertex -7.999745845794678 -25.099977493286133 0
vertex -7.999745845794678 -25.099977493286133 1.7000000476837158
endloop
endfacet
facet normal -0.5555683654216231 -0.8314708601885851 0
outer loop
vertex -7.82753849029541 -24.23423194885254 1.7000000476837158
vertex -7.82753849029541 -24.23423194885254 0
vertex -7.75 -24.286041259765625 1
endloop
endfacet
facet normal 0.5555590949278025 0.8314770544296463 0
outer loop
vertex -8.270349502563477 -24.99997901916504 1
vertex -8.171953201293945 -25.065723419189453 1.7000000476837158
vertex -8.171953201293945 -25.065723419189453 0
endloop
endfacet
facet normal -0.5555628175963769 0.8314745670821054 0
outer loop
vertex -7.729143142700195 -24.99997901916504 1
vertex -7.82753849029541 -25.065723419189453 0
vertex -7.82753849029541 -25.065723419189453 1.7000000476837158
endloop
endfacet
facet normal 0.19508978146454767 0.9807853879254701 0
outer loop
vertex -7.999745845794678 -25.099977493286133 1.7000000476837158
vertex -7.999745845794678 -25.099977493286133 0
vertex -8.171953201293945 -25.065723419189453 1.7000000476837158
endloop
endfacet
facet normal -0.19508978146454767 0.9807853879254701 0
outer loop
vertex -7.82753849029541 -25.065723419189453 1.7000000476837158
vertex -7.82753849029541 -25.065723419189453 0
vertex -7.999745845794678 -25.099977493286133 1.7000000476837158
endloop
endfacet
facet normal 0.19508978146454767 -0.9807853879254701 0
outer loop
vertex -8.171953201293945 -24.23423194885254 0
vertex -7.999745845794678 -24.19997787475586 0
vertex -7.999745845794678 -24.19997787475586 1.7000000476837158
endloop
endfacet
facet normal -0.5555697739653608 -0.8314699190325691 -2.2568141259788194e-7
outer loop
vertex -7.82753849029541 -24.23423194885254 1.7000000476837158
vertex -7.75 -24.286041259765625 1
vertex -7.681548118591309 -24.33177947998047 1.7000000476837158
endloop
endfacet
facet normal 0.555567264934287 -0.8314715955060854 2.174073695903763e-8
outer loop
vertex -8.317944526672363 -24.33177947998047 1.7000000476837158
vertex -8.25 -24.286380767822266 1
vertex -8.171953201293945 -24.23423194885254 1.7000000476837158
endloop
endfacet
facet normal 0.8314699190325903 -0.555569773965375 0
outer loop
vertex -8.415492057800293 -24.47776985168457 1.7000000476837158
vertex -8.415492057800293 -24.47776985168457 1
vertex -8.317944526672363 -24.33177947998047 1.7000000476837158
endloop
endfacet
facet normal 0.9807856980081253 -0.19508822256280442 0
outer loop
vertex -8.449746131896973 -24.649978637695312 1.7000000476837158
vertex -8.449746131896973 -24.649978637695312 1
vertex -8.415492057800293 -24.47776985168457 1.7000000476837158
endloop
endfacet
facet normal 0.8314699190325903 0.555569773965375 0
outer loop
vertex -8.317944526672363 -24.968175888061523 1
vertex -8.415492057800293 -24.822185516357422 1
vertex -8.415492057800293 -24.822185516357422 1.7000000476837158
endloop
endfacet
facet normal -0.19508978146454767 -0.9807853879254701 0
outer loop
vertex -7.999745845794678 -24.19997787475586 0
vertex -7.82753849029541 -24.23423194885254 0
vertex -7.82753849029541 -24.23423194885254 1.7000000476837158
endloop
endfacet
facet normal -0.8314686645124185 -0.5555716514851484 0
outer loop
vertex -7.681548118591309 -24.33177947998047 1.7000000476837158
vertex -7.584000110626221 -24.47776985168457 1
vertex -7.584000110626221 -24.47776985168457 1.7000000476837158
endloop
endfacet
facet normal 0.5555671100837308 -0.8314716989730989 0
outer loop
vertex -8.317944526672363 -24.33177947998047 1.7000000476837158
vertex -8.317944526672363 -24.33177947998047 1
vertex -8.25 -24.286380767822266 1
endloop
endfacet
facet normal 0.8314699190325903 -0.555569773965375 0
outer loop
vertex -8.415492057800293 -24.47776985168457 1
vertex -8.317944526672363 -24.33177947998047 1
vertex -8.317944526672363 -24.33177947998047 1.7000000476837158
endloop
endfacet
facet normal 0.9807856980081253 -0.19508822256280442 0
outer loop
vertex -8.449746131896973 -24.649978637695312 1
vertex -8.415492057800293 -24.47776985168457 1
vertex -8.415492057800293 -24.47776985168457 1.7000000476837158
endloop
endfacet
facet normal 0.9807852845629332 0.19509030110388895 0
outer loop
vertex -8.449746131896973 -24.649978637695312 1.7000000476837158
vertex -8.415492057800293 -24.822185516357422 1
vertex -8.449746131896973 -24.649978637695312 1
endloop
endfacet
facet normal 0 0 -1
outer loop
vertex -7.584000110626221 -24.822185516357422 1.7000000476837158
vertex -7.681548118591309 -24.968175888061523 1.7000000476837158
vertex -7.584000110626221 -24.47776985168457 1.7000000476837158
endloop
endfacet
facet normal -0.9807856980081253 -0.19508822256280442 0
outer loop
vertex -7.584000110626221 -24.47776985168457 1
vertex -7.549746036529541 -24.649978637695312 1.7000000476837158
vertex -7.584000110626221 -24.47776985168457 1.7000000476837158
endloop
endfacet
facet normal -0.9807852845629332 0.19509030110388895 0
outer loop
vertex -7.549746036529541 -24.649978637695312 1.7000000476837158
vertex -7.549746036529541 -24.649978637695312 1
vertex -7.584000110626221 -24.822185516357422 1.7000000476837158
endloop
endfacet
facet normal -0.5555713694797463 -0.8314688529430306 0
outer loop
vertex -7.681548118591309 -24.33177947998047 1.7000000476837158
vertex -7.75 -24.286041259765625 1
vertex -7.681548118591309 -24.33177947998047 1
endloop
endfacet
facet normal -0.8314686645124185 -0.5555716514851484 0
outer loop
vertex -7.681548118591309 -24.33177947998047 1
vertex -7.584000110626221 -24.47776985168457 1
vertex -7.681548118591309 -24.33177947998047 1.7000000476837158
endloop
endfacet
facet normal 0 0 -1
outer loop
vertex -7.681548118591309 -24.968175888061523 1.7000000476837158
vertex -7.82753849029541 -25.065723419189453 1.7000000476837158
vertex -7.681548118591309 -24.33177947998047 1.7000000476837158
endloop
endfacet
facet normal -0.9807856980081253 -0.19508822256280442 0
outer loop
vertex -7.584000110626221 -24.47776985168457 1
vertex -7.549746036529541 -24.649978637695312 1
vertex -7.549746036529541 -24.649978637695312 1.7000000476837158
endloop
endfacet
facet normal 0.5555841548119782 0.8314603098896903 0
outer loop
vertex -8.317944526672363 -24.968175888061523 1.7000000476837158
vertex -8.270349502563477 -24.99997901916504 1
vertex -8.317944526672363 -24.968175888061523 1
endloop
endfacet
facet normal 0.5555673997411498 -0.8314715054316999 0
outer loop
vertex -8.25 -24.286380767822266 1
vertex -8.171953201293945 -24.23423194885254 0
vertex -8.171953201293945 -24.23423194885254 1.7000000476837158
endloop
endfacet
facet normal 0.9807852845629332 0.19509030110388895 0
outer loop
vertex -8.415492057800293 -24.822185516357422 1.7000000476837158
vertex -8.415492057800293 -24.822185516357422 1
vertex -8.449746131896973 -24.649978637695312 1.7000000476837158
endloop
endfacet
facet normal 0 0 -1
outer loop
vertex -7.82753849029541 -25.065723419189453 1.7000000476837158
vertex -7.999745845794678 -25.099977493286133 1.7000000476837158
vertex -7.82753849029541 -24.23423194885254 1.7000000476837158
endloop
endfacet
facet normal 0.8314699190325903 0.555569773965375 0
outer loop
vertex -8.317944526672363 -24.968175888061523 1.7000000476837158
vertex -8.317944526672363 -24.968175888061523 1
vertex -8.415492057800293 -24.822185516357422 1.7000000476837158
endloop
endfacet
facet normal 0.5555672649335206 0.8314715955049383 -0.0000016611314207052254
outer loop
vertex -8.171953201293945 -25.065723419189453 1.7000000476837158
vertex -8.270349502563477 -24.99997901916504 1
vertex -8.317944526672363 -24.968175888061523 1.7000000476837158
endloop
endfacet
facet normal -0.5555697739648193 0.8314699190317586 -0.0000014143678639727694
outer loop
vertex -7.82753849029541 -25.065723419189453 1.7000000476837158
vertex -7.681548118591309 -24.968175888061523 1.7000000476837158
vertex -7.729143142700195 -24.99997901916504 1
endloop
endfacet
facet normal -0.8314686645124185 0.5555716514851484 0
outer loop
vertex -7.584000110626221 -24.822185516357422 1
vertex -7.681548118591309 -24.968175888061523 1
vertex -7.681548118591309 -24.968175888061523 1.7000000476837158
endloop
endfacet
facet normal -0.5555841548119782 0.8314603098896903 0
outer loop
vertex -7.681548118591309 -24.968175888061523 1
vertex -7.729143142700195 -24.99997901916504 1
vertex -7.681548118591309 -24.968175888061523 1.7000000476837158
endloop
endfacet
facet normal -0.9807852845629332 0.19509030110388895 0
outer loop
vertex -7.549746036529541 -24.649978637695312 1
vertex -7.584000110626221 -24.822185516357422 1
vertex -7.584000110626221 -24.822185516357422 1.7000000476837158
endloop
endfacet
facet normal 0.19508978146454767 -0.9807853879254701 0
outer loop
vertex -8.171953201293945 -24.23423194885254 1.7000000476837158
vertex -8.171953201293945 -24.23423194885254 0
vertex -7.999745845794678 -24.19997787475586 1.7000000476837158
endloop
endfacet
facet normal 0 0 -1
outer loop
vertex -7.82753849029541 -26.335723876953125 1.7000000476837158
vertex -7.999745845794678 -26.369977951049805 1.7000000476837158
vertex -7.82753849029541 -25.50423240661621 1.7000000476837158
endloop
endfacet
facet normal 0.8314699190325903 0.555569773965375 0
outer loop
vertex -8.317944526672363 -26.238176345825195 0
vertex -8.415492057800293 -26.092185974121094 0
vertex -8.415492057800293 -26.092185974121094 1.7000000476837158
endloop
endfacet
facet normal 0 0 -1
outer loop
vertex -8.171953201293945 -25.50423240661621 1.7000000476837158
vertex -8.317944526672363 -26.238176345825195 1.7000000476837158
vertex -8.317944526672363 -25.60177993774414 1.7000000476837158
endloop
endfacet
facet normal 0 0 -1
outer loop
vertex -7.681548118591309 -26.238176345825195 1.7000000476837158
vertex -7.82753849029541 -26.335723876953125 1.7000000476837158
vertex -7.681548118591309 -25.60177993774414 1.7000000476837158
endloop
endfacet
facet normal 0 0 -1
outer loop
vertex -7.999745845794678 -26.369977951049805 1.7000000476837158
vertex -8.171953201293945 -26.335723876953125 1.7000000476837158
vertex -7.999745845794678 -25.46997833251953 1.7000000476837158
endloop
endfacet
facet normal 0 0 -1
outer loop
vertex -8.171953201293945 -26.335723876953125 1.7000000476837158
vertex -8.317944526672363 -26.238176345825195 1.7000000476837158
vertex -8.171953201293945 -25.50423240661621 1.7000000476837158
endloop
endfacet
facet normal 0 0 -1
outer loop
vertex -7.584000110626221 -26.092185974121094 1.7000000476837158
vertex -7.681548118591309 -26.238176345825195 1.7000000476837158
vertex -7.584000110626221 -25.747770309448242 1.7000000476837158
endloop
endfacet
facet normal 0 0 -1
outer loop
vertex -7.681548118591309 -25.60177993774414 1.7000000476837158
vertex -7.584000110626221 -25.747770309448242 1.7000000476837158
vertex -7.681548118591309 -26.238176345825195 1.7000000476837158
endloop
endfacet
facet normal 0 0 -1
outer loop
vertex -7.549746036529541 -25.919979095458984 1.7000000476837158
vertex -7.584000110626221 -26.092185974121094 1.7000000476837158
vertex -7.584000110626221 -25.747770309448242 1.7000000476837158
endloop
endfacet
facet normal 0 0 -1
outer loop
vertex -8.317944526672363 -25.60177993774414 1.7000000476837158
vertex -8.415492057800293 -26.092185974121094 1.7000000476837158
vertex -8.415492057800293 -25.747770309448242 1.7000000476837158
endloop
endfacet
facet normal 0 0 -1
outer loop
vertex -8.415492057800293 -26.092185974121094 1.7000000476837158
vertex -8.449746131896973 -25.919979095458984 1.7000000476837158
vertex -8.415492057800293 -25.747770309448242 1.7000000476837158
endloop
endfacet
facet normal 0 0 -1
outer loop
vertex -8.317944526672363 -26.238176345825195 1.7000000476837158
vertex -8.415492057800293 -26.092185974121094 1.7000000476837158
vertex -8.317944526672363 -25.60177993774414 1.7000000476837158
endloop
endfacet
facet normal -0.8314686645124185 -0.5555716514851484 0
outer loop
vertex -7.681548118591309 -25.60177993774414 1.7000000476837158
vertex -7.681548118591309 -25.60177993774414 0
vertex -7.584000110626221 -25.747770309448242 1.7000000476837158
endloop
endfacet
facet normal -0.9807856980081253 -0.19508822256280442 0
outer loop
vertex -7.584000110626221 -25.747770309448242 1.7000000476837158
vertex -7.584000110626221 -25.747770309448242 0
vertex -7.549746036529541 -25.919979095458984 1.7000000476837158
endloop
endfacet
facet normal -0.9807852845629332 0.19509030110388895 0
outer loop
vertex -7.549746036529541 -25.919979095458984 1.7000000476837158
vertex -7.549746036529541 -25.919979095458984 0
vertex -7.584000110626221 -26.092185974121094 1.7000000476837158
endloop
endfacet
facet normal 0 0 -1
outer loop
vertex -7.82753849029541 -25.50423240661621 1.7000000476837158
vertex -7.681548118591309 -25.60177993774414 1.7000000476837158
vertex -7.82753849029541 -26.335723876953125 1.7000000476837158
endloop
endfacet
facet normal -0.8314686645124185 0.5555716514851484 0
outer loop
vertex -7.584000110626221 -26.092185974121094 1.7000000476837158
vertex -7.584000110626221 -26.092185974121094 0
vertex -7.681548118591309 -26.238176345825195 1.7000000476837158
endloop
endfacet
facet normal -0.555569773965375 0.8314699190325903 0
outer loop
vertex -7.681548118591309 -26.238176345825195 1.7000000476837158
vertex -7.681548118591309 -26.238176345825195 0
vertex -7.82753849029541 -26.335723876953125 1.7000000476837158
endloop
endfacet
facet normal -0.555569773965375 -0.8314699190325903 0
outer loop
vertex -7.82753849029541 -25.50423240661621 1.7000000476837158
vertex -7.82753849029541 -25.50423240661621 0
vertex -7.681548118591309 -25.60177993774414 1.7000000476837158
endloop
endfacet
facet normal -0.19508978146454767 -0.9807853879254701 0
outer loop
vertex -7.999745845794678 -25.46997833251953 1.7000000476837158
vertex -7.999745845794678 -25.46997833251953 0
vertex -7.82753849029541 -25.50423240661621 1.7000000476837158
endloop
endfacet
facet normal 0.19508978146454767 -0.9807853879254701 0
outer loop
vertex -8.171953201293945 -25.50423240661621 1.7000000476837158
vertex -8.171953201293945 -25.50423240661621 0
vertex -7.999745845794678 -25.46997833251953 1.7000000476837158
endloop
endfacet
facet normal 0.5555672649342871 -0.8314715955060856 0
outer loop
vertex -8.317944526672363 -25.60177993774414 1.7000000476837158
vertex -8.317944526672363 -25.60177993774414 0
vertex -8.171953201293945 -25.50423240661621 1.7000000476837158
endloop
endfacet
facet normal 0.8314699190325903 -0.555569773965375 0
outer loop
vertex -8.415492057800293 -25.747770309448242 1.7000000476837158
vertex -8.415492057800293 -25.747770309448242 0
vertex -8.317944526672363 -25.60177993774414 1.7000000476837158
endloop
endfacet
facet normal 0.9807856980081253 -0.19508822256280442 0
outer loop
vertex -8.449746131896973 -25.919979095458984 1.7000000476837158
vertex -8.449746131896973 -25.919979095458984 0
vertex -8.415492057800293 -25.747770309448242 1.7000000476837158
endloop
endfacet
facet normal 0.9807852845629332 0.19509030110388895 0
outer loop
vertex -8.415492057800293 -26.092185974121094 1.7000000476837158
vertex -8.415492057800293 -26.092185974121094 0
vertex -8.449746131896973 -25.919979095458984 1.7000000476837158
endloop
endfacet
facet normal -0.19508978146454767 0.9807853879254701 0
outer loop
vertex -7.82753849029541 -26.335723876953125 1.7000000476837158
vertex -7.82753849029541 -26.335723876953125 0
vertex -7.999745845794678 -26.369977951049805 1.7000000476837158
endloop
endfacet
facet normal 0.19508978146454767 0.9807853879254701 0
outer loop
vertex -7.999745845794678 -26.369977951049805 1.7000000476837158
vertex -7.999745845794678 -26.369977951049805 0
vertex -8.171953201293945 -26.335723876953125 1.7000000476837158
endloop
endfacet
facet normal 0.5555672649342871 0.8314715955060856 0
outer loop
vertex -8.171953201293945 -26.335723876953125 1.7000000476837158
vertex -8.171953201293945 -26.335723876953125 0
vertex -8.317944526672363 -26.238176345825195 1.7000000476837158
endloop
endfacet
facet normal 0.8314699190325903 0.555569773965375 0
outer loop
vertex -8.317944526672363 -26.238176345825195 1.7000000476837158
vertex -8.317944526672363 -26.238176345825195 0
vertex -8.415492057800293 -26.092185974121094 1.7000000476837158
endloop
endfacet
facet normal -0.555569773965375 -0.8314699190325903 0
outer loop
vertex -7.82753849029541 -25.50423240661621 0
vertex -7.681548118591309 -25.60177993774414 0
vertex -7.681548118591309 -25.60177993774414 1.7000000476837158
endloop
endfacet
facet normal 0 0 -1
outer loop
vertex -7.999745845794678 -25.46997833251953 1.7000000476837158
vertex -8.171953201293945 -26.335723876953125 1.7000000476837158
vertex -8.171953201293945 -25.50423240661621 1.7000000476837158
endloop
endfacet
facet normal -0.8314686645124185 -0.5555716514851484 0
outer loop
vertex -7.681548118591309 -25.60177993774414 0
vertex -7.584000110626221 -25.747770309448242 0
vertex -7.584000110626221 -25.747770309448242 1.7000000476837158
endloop
endfacet
facet normal -0.9807856980081253 -0.19508822256280442 0
outer loop
vertex -7.584000110626221 -25.747770309448242 0
vertex -7.549746036529541 -25.919979095458984 0
vertex -7.549746036529541 -25.919979095458984 1.7000000476837158
endloop
endfacet
facet normal -0.9807852845629332 0.19509030110388895 0
outer loop
vertex -7.549746036529541 -25.919979095458984 0
vertex -7.584000110626221 -26.092185974121094 0
vertex -7.584000110626221 -26.092185974121094 1.7000000476837158
endloop
endfacet
facet normal -0.8314686645124185 0.5555716514851484 0
outer loop
vertex -7.584000110626221 -26.092185974121094 0
vertex -7.681548118591309 -26.238176345825195 0
vertex -7.681548118591309 -26.238176345825195 1.7000000476837158
endloop
endfacet
facet normal -0.19508978146454767 -0.9807853879254701 0
outer loop
vertex -7.999745845794678 -25.46997833251953 0
vertex -7.82753849029541 -25.50423240661621 0
vertex -7.82753849029541 -25.50423240661621 1.7000000476837158
endloop
endfacet
facet normal 0.19508978146454767 -0.9807853879254701 0
outer loop
vertex -8.171953201293945 -25.50423240661621 0
vertex -7.999745845794678 -25.46997833251953 0
vertex -7.999745845794678 -25.46997833251953 1.7000000476837158
endloop
endfacet
facet normal 0.5555672649342871 -0.8314715955060856 0
outer loop
vertex -8.317944526672363 -25.60177993774414 0
vertex -8.171953201293945 -25.50423240661621 0
vertex -8.171953201293945 -25.50423240661621 1.7000000476837158
endloop
endfacet
facet normal 0.8314699190325903 -0.555569773965375 0
outer loop
vertex -8.415492057800293 -25.747770309448242 0
vertex -8.317944526672363 -25.60177993774414 0
vertex -8.317944526672363 -25.60177993774414 1.7000000476837158
endloop
endfacet
facet normal 0.9807856980081253 -0.19508822256280442 0
outer loop
vertex -8.449746131896973 -25.919979095458984 0
vertex -8.415492057800293 -25.747770309448242 0
vertex -8.415492057800293 -25.747770309448242 1.7000000476837158
endloop
endfacet
facet normal 0.9807852845629332 0.19509030110388895 0
outer loop
vertex -8.415492057800293 -26.092185974121094 0
vertex -8.449746131896973 -25.919979095458984 0
vertex -8.449746131896973 -25.919979095458984 1.7000000476837158
endloop
endfacet
facet normal -0.555569773965375 0.8314699190325903 0
outer loop
vertex -7.681548118591309 -26.238176345825195 0
vertex -7.82753849029541 -26.335723876953125 0
vertex -7.82753849029541 -26.335723876953125 1.7000000476837158
endloop
endfacet
facet normal -0.19508978146454767 0.9807853879254701 0
outer loop
vertex -7.82753849029541 -26.335723876953125 0
vertex -7.999745845794678 -26.369977951049805 0
vertex -7.999745845794678 -26.369977951049805 1.7000000476837158
endloop
endfacet
facet normal 0.19508978146454767 0.9807853879254701 0
outer loop
vertex -7.999745845794678 -26.369977951049805 0
vertex -8.171953201293945 -26.335723876953125 0
vertex -8.171953201293945 -26.335723876953125 1.7000000476837158
endloop
endfacet
facet normal 0 0 -1
outer loop
vertex -7.999745845794678 -26.369977951049805 1.7000000476837158
vertex -7.999745845794678 -25.46997833251953 1.7000000476837158
vertex -7.82753849029541 -25.50423240661621 1.7000000476837158
endloop
endfacet
facet normal 0.5555672649342871 0.8314715955060856 0
outer loop
vertex -8.171953201293945 -26.335723876953125 0
vertex -8.317944526672363 -26.238176345825195 0
vertex -8.317944526672363 -26.238176345825195 1.7000000476837158
endloop
endfacet
facet normal 0 0 -1
outer loop
vertex -7.584000110626221 -27.362186431884766 1.7000000476837158
vertex -7.681548118591309 -27.508176803588867 1.7000000476837158
vertex -7.584000110626221 -27.017770767211914 1.7000000476837158
endloop
endfacet
facet normal 0.5555672649342871 -0.8314715955060856 0
outer loop
vertex -8.317944526672363 -26.871780395507812 0
vertex -8.171953201293945 -26.774232864379883 0
vertex -8.171953201293945 -26.774232864379883 1.7000000476837158
endloop
endfacet
facet normal -0.555569773965375 0.8314699190325903 0
outer loop
vertex -7.681548118591309 -27.508176803588867 0
vertex -7.82753849029541 -27.605724334716797 1.7000000476837158
vertex -7.681548118591309 -27.508176803588867 1.7000000476837158
endloop
endfacet
facet normal 0 0 -1
outer loop
vertex -7.681548118591309 -27.508176803588867 1.7000000476837158
vertex -7.82753849029541 -27.605724334716797 1.7000000476837158
vertex -7.681548118591309 -26.871780395507812 1.7000000476837158
endloop
endfacet
facet normal 0 0 -1
outer loop
vertex -7.82753849029541 -27.605724334716797 1.7000000476837158
vertex -7.82753849029541 -26.774232864379883 1.7000000476837158
vertex -7.681548118591309 -26.871780395507812 1.7000000476837158
endloop
endfacet
facet normal 0 0 -1
outer loop
vertex -7.82753849029541 -26.774232864379883 1.7000000476837158
vertex -7.999745845794678 -27.639978408813477 1.7000000476837158
vertex -7.999745845794678 -26.739978790283203 1.7000000476837158
endloop
endfacet
facet normal 0 0 -1
outer loop
vertex -7.999745845794678 -26.739978790283203 1.7000000476837158
vertex -8.171953201293945 -27.605724334716797 1.7000000476837158
vertex -8.171953201293945 -26.774232864379883 1.7000000476837158
endloop
endfacet
facet normal 0 0 -1
outer loop
vertex -7.82753849029541 -27.605724334716797 1.7000000476837158
vertex -7.999745845794678 -27.639978408813477 1.7000000476837158
vertex -7.82753849029541 -26.774232864379883 1.7000000476837158
endloop
endfacet
facet normal 0 0 -1
outer loop
vertex -7.999745845794678 -27.639978408813477 1.7000000476837158
vertex -8.171953201293945 -27.605724334716797 1.7000000476837158
vertex -7.999745845794678 -26.739978790283203 1.7000000476837158
endloop
endfacet
facet normal 0 0 -1
outer loop
vertex -8.171953201293945 -26.774232864379883 1.7000000476837158
vertex -8.317944526672363 -27.508176803588867 1.7000000476837158
vertex -8.317944526672363 -26.871780395507812 1.7000000476837158
endloop
endfacet
facet normal 0 0 -1
outer loop
vertex -8.317944526672363 -26.871780395507812 1.7000000476837158
vertex -8.415492057800293 -27.362186431884766 1.7000000476837158
vertex -8.415492057800293 -27.017770767211914 1.7000000476837158
endloop
endfacet
facet normal 0 0 -1
outer loop
vertex -8.171953201293945 -27.605724334716797 1.7000000476837158
vertex -8.317944526672363 -27.508176803588867 1.7000000476837158
vertex -8.171953201293945 -26.774232864379883 1.7000000476837158
endloop
endfacet
facet normal 0 0 -1
outer loop
vertex -8.317944526672363 -27.508176803588867 1.7000000476837158
vertex -8.415492057800293 -27.362186431884766 1.7000000476837158
vertex -8.317944526672363 -26.871780395507812 1.7000000476837158
endloop
endfacet
facet normal 0 0 -1
outer loop
vertex -7.549746036529541 -27.189977645874023 1.7000000476837158
vertex -7.584000110626221 -27.362186431884766 1.7000000476837158
vertex -7.584000110626221 -27.017770767211914 1.7000000476837158
endloop
endfacet
facet normal 0 0 -1
outer loop
vertex -8.415492057800293 -27.362186431884766 1.7000000476837158
vertex -8.449746131896973 -27.189977645874023 1.7000000476837158
vertex -8.415492057800293 -27.017770767211914 1.7000000476837158
endloop
endfacet
facet normal -0.8314686645124185 -0.5555716514851484 0
outer loop
vertex -7.681548118591309 -26.871780395507812 1.7000000476837158
vertex -7.681548118591309 -26.871780395507812 0
vertex -7.584000110626221 -27.017770767211914 1.7000000476837158
endloop
endfacet
facet normal -0.9807852845629332 -0.19509030110388895 0
outer loop
vertex -7.584000110626221 -27.017770767211914 1.7000000476837158
vertex -7.584000110626221 -27.017770767211914 0
vertex -7.549746036529541 -27.189977645874023 1.7000000476837158
endloop
endfacet
facet normal -0.9807856980081253 0.19508822256280442 0
outer loop
vertex -7.549746036529541 -27.189977645874023 1.7000000476837158
vertex -7.549746036529541 -27.189977645874023 0
vertex -7.584000110626221 -27.362186431884766 1.7000000476837158
endloop
endfacet
facet normal 0.8314699190325903 0.555569773965375 0
outer loop
vertex -8.317944526672363 -27.508176803588867 0
vertex -8.415492057800293 -27.362186431884766 0
vertex -8.415492057800293 -27.362186431884766 1.7000000476837158
endloop
endfacet
facet normal 0.9807856980081253 0.19508822256280442 0
outer loop
vertex -8.415492057800293 -27.362186431884766 0
vertex -8.449746131896973 -27.189977645874023 0
vertex -8.449746131896973 -27.189977645874023 1.7000000476837158
endloop
endfacet
facet normal 0.9807852845629332 -0.19509030110388895 0
outer loop
vertex -8.449746131896973 -27.189977645874023 0
vertex -8.415492057800293 -27.017770767211914 0
vertex -8.415492057800293 -27.017770767211914 1.7000000476837158
endloop
endfacet
facet normal 0.8314699190325903 -0.555569773965375 0
outer loop
vertex -8.415492057800293 -27.017770767211914 0
vertex -8.317944526672363 -26.871780395507812 0
vertex -8.317944526672363 -26.871780395507812 1.7000000476837158
endloop
endfacet
facet normal -0.8314686645124185 0.5555716514851484 0
outer loop
vertex -7.584000110626221 -27.362186431884766 1.7000000476837158
vertex -7.584000110626221 -27.362186431884766 0
vertex -7.681548118591309 -27.508176803588867 1.7000000476837158
endloop
endfacet
facet normal 0.5555672649342871 0.8314715955060856 0
outer loop
vertex -8.171953201293945 -27.605724334716797 0
vertex -8.317944526672363 -27.508176803588867 0
vertex -8.317944526672363 -27.508176803588867 1.7000000476837158
endloop
endfacet
facet normal 0 0 -1
outer loop
vertex -7.681548118591309 -26.871780395507812 1.7000000476837158
vertex -7.584000110626221 -27.017770767211914 1.7000000476837158
vertex -7.681548118591309 -27.508176803588867 1.7000000476837158
endloop
endfacet
facet normal 0.19508978146454767 -0.9807853879254701 0
outer loop
vertex -8.171953201293945 -26.774232864379883 0
vertex -7.999745845794678 -26.739978790283203 0
vertex -7.999745845794678 -26.739978790283203 1.7000000476837158
endloop
endfacet
facet normal -0.19508978146454767 -0.9807853879254701 0
outer loop
vertex -7.999745845794678 -26.739978790283203 0
vertex -7.82753849029541 -26.774232864379883 0
vertex -7.82753849029541 -26.774232864379883 1.7000000476837158
endloop
endfacet
facet normal 0.19508978146454767 0.9807853879254701 0
outer loop
vertex -7.999745845794678 -27.639978408813477 0
vertex -8.171953201293945 -27.605724334716797 0
vertex -8.171953201293945 -27.605724334716797 1.7000000476837158
endloop
endfacet
facet normal -0.19508978146454767 0.9807853879254701 0
outer loop
vertex -7.82753849029541 -27.605724334716797 1.7000000476837158
vertex -7.82753849029541 -27.605724334716797 0
vertex -7.999745845794678 -27.639978408813477 1.7000000476837158
endloop
endfacet
facet normal 0.19508978146454767 0.9807853879254701 0
outer loop
vertex -7.999745845794678 -27.639978408813477 1.7000000476837158
vertex -7.999745845794678 -27.639978408813477 0
vertex -8.171953201293945 -27.605724334716797 1.7000000476837158
endloop
endfacet
facet normal -0.19508978146454767 0.9807853879254701 0
outer loop
vertex -7.82753849029541 -27.605724334716797 0
vertex -7.999745845794678 -27.639978408813477 0
vertex -7.999745845794678 -27.639978408813477 1.7000000476837158
endloop
endfacet
facet normal -0.555569773965375 0.8314699190325903 0
outer loop
vertex -7.681548118591309 -27.508176803588867 0
vertex -7.82753849029541 -27.605724334716797 0
vertex -7.82753849029541 -27.605724334716797 1.7000000476837158
endloop
endfacet
facet normal -0.555569773965375 -0.8314699190325903 0
outer loop
vertex -7.82753849029541 -26.774232864379883 1.7000000476837158
vertex -7.82753849029541 -26.774232864379883 0
vertex -7.681548118591309 -26.871780395507812 1.7000000476837158
endloop
endfacet
facet normal 0.5555672649342871 0.8314715955060856 0
outer loop
vertex -8.171953201293945 -27.605724334716797 1.7000000476837158
vertex -8.171953201293945 -27.605724334716797 0
vertex -8.317944526672363 -27.508176803588867 1.7000000476837158
endloop
endfacet
facet normal -0.19508978146454767 -0.9807853879254701 0
outer loop
vertex -7.999745845794678 -26.739978790283203 1.7000000476837158
vertex -7.999745845794678 -26.739978790283203 0
vertex -7.82753849029541 -26.774232864379883 1.7000000476837158
endloop
endfacet
facet normal 0.19508978146454767 -0.9807853879254701 0
outer loop
vertex -8.171953201293945 -26.774232864379883 1.7000000476837158
vertex -8.171953201293945 -26.774232864379883 0
vertex -7.999745845794678 -26.739978790283203 1.7000000476837158
endloop
endfacet
facet normal -0.8314686645124185 0.5555716514851484 0
outer loop
vertex -7.584000110626221 -27.362186431884766 0
vertex -7.681548118591309 -27.508176803588867 0
vertex -7.681548118591309 -27.508176803588867 1.7000000476837158
endloop
endfacet
facet normal -0.9807856980081253 0.19508822256280442 0
outer loop
vertex -7.549746036529541 -27.189977645874023 0
vertex -7.584000110626221 -27.362186431884766 0
vertex -7.584000110626221 -27.362186431884766 1.7000000476837158
endloop
endfacet
facet normal -0.9807852845629332 -0.19509030110388895 0
outer loop
vertex -7.584000110626221 -27.017770767211914 0
vertex -7.549746036529541 -27.189977645874023 0
vertex -7.549746036529541 -27.189977645874023 1.7000000476837158
endloop
endfacet
facet normal -0.555569773965375 -0.8314699190325903 0
outer loop
vertex -7.82753849029541 -26.774232864379883 0
vertex -7.681548118591309 -26.871780395507812 0
vertex -7.681548118591309 -26.871780395507812 1.7000000476837158
endloop
endfacet
facet normal -0.8314686645124185 -0.5555716514851484 0
outer loop
vertex -7.681548118591309 -26.871780395507812 0
vertex -7.584000110626221 -27.017770767211914 0
vertex -7.584000110626221 -27.017770767211914 1.7000000476837158
endloop
endfacet
facet normal 0.5555672649342871 -0.8314715955060856 0
outer loop
vertex -8.317944526672363 -26.871780395507812 1.7000000476837158
vertex -8.317944526672363 -26.871780395507812 0
vertex -8.171953201293945 -26.774232864379883 1.7000000476837158
endloop
endfacet
facet normal 0.8314699190325903 -0.555569773965375 0
outer loop
vertex -8.415492057800293 -27.017770767211914 1.7000000476837158
vertex -8.415492057800293 -27.017770767211914 0
vertex -8.317944526672363 -26.871780395507812 1.7000000476837158
endloop
endfacet
facet normal 0.9807852845629332 -0.19509030110388895 0
outer loop
vertex -8.449746131896973 -27.189977645874023 1.7000000476837158
vertex -8.449746131896973 -27.189977645874023 0
vertex -8.415492057800293 -27.017770767211914 1.7000000476837158
endloop
endfacet
facet normal 0.9807856980081253 0.19508822256280442 0
outer loop
vertex -8.415492057800293 -27.362186431884766 1.7000000476837158
vertex -8.415492057800293 -27.362186431884766 0
vertex -8.449746131896973 -27.189977645874023 1.7000000476837158
endloop
endfacet
facet normal 0.8314699190325903 0.555569773965375 0
outer loop
vertex -8.317944526672363 -27.508176803588867 1.7000000476837158
vertex -8.317944526672363 -27.508176803588867 0
vertex -8.415492057800293 -27.362186431884766 1.7000000476837158
endloop
endfacet
facet normal 0.19508978146454767 0.9807853879254701 0
outer loop
vertex -7.999745845794678 -28.90997886657715 1.7000000476837158
vertex -7.999745845794678 -28.90997886657715 0
vertex -8.171953201293945 -28.87572479248047 1.7000000476837158
endloop
endfacet
facet normal -0.8314686645124185 -0.5555716514851484 0
outer loop
vertex -7.681548118591309 -28.141780853271484 1.7000000476837158
vertex -7.681548118591309 -28.141780853271484 0
vertex -7.584000110626221 -28.287771224975586 1.7000000476837158
endloop
endfacet
facet normal 0.8314699190325903 0.555569773965375 0
outer loop
vertex -8.317944526672363 -28.778175354003906 1.7000000476837158
vertex -8.317944526672363 -28.778175354003906 0
vertex -8.415492057800293 -28.632184982299805 1.7000000476837158
endloop
endfacet
facet normal 0.9807852845629332 0.19509030110388895 0
outer loop
vertex -8.415492057800293 -28.632184982299805 1.7000000476837158
vertex -8.415492057800293 -28.632184982299805 0
vertex -8.449746131896973 -28.459978103637695 1.7000000476837158
endloop
endfacet
facet normal 0.5555747749587596 0.8314665774578817 0
outer loop
vertex -8.171953201293945 -28.87572479248047 1.7000000476837158
vertex -8.171953201293945 -28.87572479248047 0
vertex -8.317944526672363 -28.778175354003906 1.7000000476837158
endloop
endfacet
facet normal 0.9807852845629332 -0.19509030110388895 0
outer loop
vertex -8.449746131896973 -28.459978103637695 1.7000000476837158
vertex -8.449746131896973 -28.459978103637695 0
vertex -8.415492057800293 -28.287771224975586 1.7000000476837158
endloop
endfacet
facet normal -0.555569773965375 -0.8314699190325903 0
outer loop
vertex -7.82753849029541 -28.044233322143555 0
vertex -7.681548118591309 -28.141780853271484 0
vertex -7.681548118591309 -28.141780853271484 1.7000000476837158
endloop
endfacet
facet normal -0.8314686645124185 -0.5555716514851484 0
outer loop
vertex -7.681548118591309 -28.141780853271484 0
vertex -7.584000110626221 -28.287771224975586 0
vertex -7.584000110626221 -28.287771224975586 1.7000000476837158
endloop
endfacet
facet normal 0.8314699190325903 -0.555569773965375 0
outer loop
vertex -8.415492057800293 -28.287771224975586 1.7000000476837158
vertex -8.415492057800293 -28.287771224975586 0
vertex -8.317944526672363 -28.141780853271484 1.7000000476837158
endloop
endfacet
facet normal 0.5555672649342871 -0.8314715955060856 0
outer loop
vertex -8.317944526672363 -28.141780853271484 1.7000000476837158
vertex -8.317944526672363 -28.141780853271484 0
vertex -8.171953201293945 -28.044233322143555 1.7000000476837158
endloop
endfacet
facet normal 0.19510023104767313 -0.9807833093222704 0
outer loop
vertex -8.171953201293945 -28.044233322143555 1.7000000476837158
vertex -8.171953201293945 -28.044233322143555 0
vertex -7.999745845794678 -28.009977340698242 1.7000000476837158
endloop
endfacet
facet normal -0.9807852845629332 -0.19509030110388895 0
outer loop
vertex -7.584000110626221 -28.287771224975586 0
vertex -7.549746036529541 -28.459978103637695 0
vertex -7.549746036529541 -28.459978103637695 1.7000000476837158
endloop
endfacet
facet normal -0.9807852845629332 0.19509030110388895 0
outer loop
vertex -7.549746036529541 -28.459978103637695 0
vertex -7.584000110626221 -28.632184982299805 0
vertex -7.584000110626221 -28.632184982299805 1.7000000476837158
endloop
endfacet
facet normal -0.8314686645124185 0.5555716514851484 0
outer loop
vertex -7.584000110626221 -28.632184982299805 0
vertex -7.681548118591309 -28.778175354003906 0
vertex -7.681548118591309 -28.778175354003906 1.7000000476837158
endloop
endfacet
facet normal -0.19510023104767313 -0.9807833093222704 0
outer loop
vertex -7.999745845794678 -28.009977340698242 1.7000000476837158
vertex -7.999745845794678 -28.009977340698242 0
vertex -7.82753849029541 -28.044233322143555 1.7000000476837158
endloop
endfacet
facet normal -0.555569773965375 -0.8314699190325903 0
outer loop
vertex -7.82753849029541 -28.044233322143555 1.7000000476837158
vertex -7.82753849029541 -28.044233322143555 0
vertex -7.681548118591309 -28.141780853271484 1.7000000476837158
endloop
endfacet
facet normal -0.5555772839934787 0.8314649009491799 0
outer loop
vertex -7.681548118591309 -28.778175354003906 1.7000000476837158
vertex -7.681548118591309 -28.778175354003906 0
vertex -7.82753849029541 -28.87572479248047 1.7000000476837158
endloop
endfacet
facet normal -0.19510023104767313 -0.9807833093222704 0
outer loop
vertex -7.999745845794678 -28.009977340698242 0
vertex -7.82753849029541 -28.044233322143555 0
vertex -7.82753849029541 -28.044233322143555 1.7000000476837158
endloop
endfacet
facet normal 0.19510023104767313 -0.9807833093222704 0
outer loop
vertex -8.171953201293945 -28.044233322143555 0
vertex -7.999745845794678 -28.009977340698242 0
vertex -7.999745845794678 -28.009977340698242 1.7000000476837158
endloop
endfacet
facet normal -0.8314686645124185 0.5555716514851484 0
outer loop
vertex -7.584000110626221 -28.632184982299805 1.7000000476837158
vertex -7.584000110626221 -28.632184982299805 0
vertex -7.681548118591309 -28.778175354003906 1.7000000476837158
endloop
endfacet
facet normal -0.9807852845629332 0.19509030110388895 0
outer loop
vertex -7.549746036529541 -28.459978103637695 1.7000000476837158
vertex -7.549746036529541 -28.459978103637695 0
vertex -7.584000110626221 -28.632184982299805 1.7000000476837158
endloop
endfacet
facet normal 0 0 -1
outer loop
vertex -7.549746036529541 -28.459978103637695 1.7000000476837158
vertex -7.584000110626221 -28.632184982299805 1.7000000476837158
vertex -7.584000110626221 -28.287771224975586 1.7000000476837158
endloop
endfacet
facet normal 0 0 -1
outer loop
vertex -7.681548118591309 -28.141780853271484 1.7000000476837158
vertex -7.584000110626221 -28.287771224975586 1.7000000476837158
vertex -7.681548118591309 -28.778175354003906 1.7000000476837158
endloop
endfacet
facet normal 0 0 -1
outer loop
vertex -7.584000110626221 -28.632184982299805 1.7000000476837158
vertex -7.681548118591309 -28.778175354003906 1.7000000476837158
vertex -7.584000110626221 -28.287771224975586 1.7000000476837158
endloop
endfacet
facet normal 0.5555672649342871 -0.8314715955060856 0
outer loop
vertex -8.317944526672363 -28.141780853271484 0
vertex -8.171953201293945 -28.044233322143555 0
vertex -8.171953201293945 -28.044233322143555 1.7000000476837158
endloop
endfacet
facet normal -0.5555772839934787 0.8314649009491799 0
outer loop
vertex -7.681548118591309 -28.778175354003906 0
vertex -7.82753849029541 -28.87572479248047 0
vertex -7.82753849029541 -28.87572479248047 1.7000000476837158
endloop
endfacet
facet normal 0.8314699190325903 -0.555569773965375 0
outer loop
vertex -8.415492057800293 -28.287771224975586 0
vertex -8.317944526672363 -28.141780853271484 0
vertex -8.317944526672363 -28.141780853271484 1.7000000476837158
endloop
endfacet
facet normal 0.9807852845629332 -0.19509030110388895 0
outer loop
vertex -8.449746131896973 -28.459978103637695 0
vertex -8.415492057800293 -28.287771224975586 0
vertex -8.415492057800293 -28.287771224975586 1.7000000476837158
endloop
endfacet
facet normal 0.9807852845629332 0.19509030110388895 0
outer loop
vertex -8.415492057800293 -28.632184982299805 0
vertex -8.449746131896973 -28.459978103637695 0
vertex -8.449746131896973 -28.459978103637695 1.7000000476837158
endloop
endfacet
facet normal 0.5555747749587596 0.8314665774578817 0
outer loop
vertex -8.171953201293945 -28.87572479248047 0
vertex -8.317944526672363 -28.778175354003906 0
vertex -8.317944526672363 -28.778175354003906 1.7000000476837158
endloop
endfacet
facet normal 0 0 -1
outer loop
vertex -7.681548118591309 -28.778175354003906 1.7000000476837158
vertex -7.82753849029541 -28.87572479248047 1.7000000476837158
vertex -7.681548118591309 -28.141780853271484 1.7000000476837158
endloop
endfacet
facet normal 0 0 -1
outer loop
vertex -7.82753849029541 -28.044233322143555 1.7000000476837158
vertex -7.681548118591309 -28.141780853271484 1.7000000476837158
vertex -7.82753849029541 -28.87572479248047 1.7000000476837158
endloop
endfacet
facet normal 0 0 -1
outer loop
vertex -7.82753849029541 -28.044233322143555 1.7000000476837158
vertex -7.999745845794678 -28.90997886657715 1.7000000476837158
vertex -7.999745845794678 -28.009977340698242 1.7000000476837158
endloop
endfacet
facet normal 0 0 -1
outer loop
vertex -7.999745845794678 -28.009977340698242 1.7000000476837158
vertex -8.171953201293945 -28.87572479248047 1.7000000476837158
vertex -8.171953201293945 -28.044233322143555 1.7000000476837158
endloop
endfacet
facet normal 0 0 -1
outer loop
vertex -7.82753849029541 -28.87572479248047 1.7000000476837158
vertex -7.999745845794678 -28.90997886657715 1.7000000476837158
vertex -7.82753849029541 -28.044233322143555 1.7000000476837158
endloop
endfacet
facet normal 0 0 -1
outer loop
vertex -7.999745845794678 -28.90997886657715 1.7000000476837158
vertex -8.171953201293945 -28.87572479248047 1.7000000476837158
vertex -7.999745845794678 -28.009977340698242 1.7000000476837158
endloop
endfacet
facet normal 0 0 -1
outer loop
vertex -8.171953201293945 -28.044233322143555 1.7000000476837158
vertex -8.317944526672363 -28.778175354003906 1.7000000476837158
vertex -8.317944526672363 -28.141780853271484 1.7000000476837158
endloop
endfacet
facet normal 0 0 -1
outer loop
vertex -8.317944526672363 -28.141780853271484 1.7000000476837158
vertex -8.415492057800293 -28.632184982299805 1.7000000476837158
vertex -8.415492057800293 -28.287771224975586 1.7000000476837158
endloop
endfacet
facet normal 0 0 -1
outer loop
vertex -8.317944526672363 -28.778175354003906 1.7000000476837158
vertex -8.415492057800293 -28.632184982299805 1.7000000476837158
vertex -8.317944526672363 -28.141780853271484 1.7000000476837158
endloop
endfacet
facet normal 0 0 -1
outer loop
vertex -8.415492057800293 -28.632184982299805 1.7000000476837158
vertex -8.449746131896973 -28.459978103637695 1.7000000476837158
vertex -8.415492057800293 -28.287771224975586 1.7000000476837158
endloop
endfacet
facet normal 0.8314699190325903 0.555569773965375 0
outer loop
vertex -8.317944526672363 -28.778175354003906 0
vertex -8.415492057800293 -28.632184982299805 0
vertex -8.415492057800293 -28.632184982299805 1.7000000476837158
endloop
endfacet
facet normal -0.19508978146454767 0.9807853879254701 0
outer loop
vertex -7.82753849029541 -28.87572479248047 0
vertex -7.999745845794678 -28.90997886657715 0
vertex -7.999745845794678 -28.90997886657715 1.7000000476837158
endloop
endfacet
facet normal 0.19508978146454767 0.9807853879254701 0
outer loop
vertex -7.999745845794678 -28.90997886657715 0
vertex -8.171953201293945 -28.87572479248047 0
vertex -8.171953201293945 -28.87572479248047 1.7000000476837158
endloop
endfacet
facet normal 0 0 -1
outer loop
vertex -8.171953201293945 -28.87572479248047 1.7000000476837158
vertex -8.317944526672363 -28.778175354003906 1.7000000476837158
vertex -8.171953201293945 -28.044233322143555 1.7000000476837158
endloop
endfacet
facet normal -0.9807852845629332 -0.19509030110388895 0
outer loop
vertex -7.584000110626221 -28.287771224975586 1.7000000476837158
vertex -7.584000110626221 -28.287771224975586 0
vertex -7.549746036529541 -28.459978103637695 1.7000000476837158
endloop
endfacet
facet normal -0.19508978146454767 0.9807853879254701 0
outer loop
vertex -7.82753849029541 -28.87572479248047 1.7000000476837158
vertex -7.82753849029541 -28.87572479248047 0
vertex -7.999745845794678 -28.90997886657715 1.7000000476837158
endloop
endfacet
facet normal 0 0 -1
outer loop
vertex -7.584000110626221 -29.902185440063477 1.7000000476837158
vertex -7.681548118591309 -30.048175811767578 1.7000000476837158
vertex -7.584000110626221 -29.557769775390625 1.7000000476837158
endloop
endfacet
facet normal 0 0 -1
outer loop
vertex -7.549746036529541 -29.729978561401367 1.7000000476837158
vertex -7.584000110626221 -29.902185440063477 1.7000000476837158
vertex -7.584000110626221 -29.557769775390625 1.7000000476837158
endloop
endfacet
facet normal 0 0 -1
outer loop
vertex -7.681548118591309 -30.048175811767578 1.7000000476837158
vertex -7.82753849029541 -30.145723342895508 1.7000000476837158
vertex -7.681548118591309 -29.411779403686523 1.7000000476837158
endloop
endfacet
facet normal 0 0 -1
outer loop
vertex -7.82753849029541 -30.145723342895508 1.7000000476837158
vertex -7.82753849029541 -29.314231872558594 1.7000000476837158
vertex -7.681548118591309 -29.411779403686523 1.7000000476837158
endloop
endfacet
facet normal 0 0 -1
outer loop
vertex -7.82753849029541 -30.145723342895508 1.7000000476837158
vertex -7.999745845794678 -30.179977416992188 1.7000000476837158
vertex -7.82753849029541 -29.314231872558594 1.7000000476837158
endloop
endfacet
facet normal 0 0 -1
outer loop
vertex -7.999745845794678 -29.279977798461914 1.7000000476837158
vertex -7.82753849029541 -29.314231872558594 1.7000000476837158
vertex -7.999745845794678 -30.179977416992188 1.7000000476837158
endloop
endfacet
facet normal 0 0 -1
outer loop
vertex -7.999745845794678 -29.279977798461914 1.7000000476837158
vertex -8.171953201293945 -30.145723342895508 1.7000000476837158
vertex -8.171953201293945 -29.314231872558594 1.7000000476837158
endloop
endfacet
facet normal 0 0 -1
outer loop
vertex -7.999745845794678 -30.179977416992188 1.7000000476837158
vertex -8.171953201293945 -30.145723342895508 1.7000000476837158
vertex -7.999745845794678 -29.279977798461914 1.7000000476837158
endloop
endfacet
facet normal 0 0 -1
outer loop
vertex -8.171953201293945 -29.314231872558594 1.7000000476837158
vertex -8.317944526672363 -30.048175811767578 1.7000000476837158
vertex -8.317944526672363 -29.411779403686523 1.7000000476837158
endloop
endfacet
facet normal 0 0 -1
outer loop
vertex -8.171953201293945 -30.145723342895508 1.7000000476837158
vertex -8.317944526672363 -30.048175811767578 1.7000000476837158
vertex -8.171953201293945 -29.314231872558594 1.7000000476837158
endloop
endfacet
facet normal 0 0 -1
outer loop
vertex -8.317944526672363 -29.411779403686523 1.7000000476837158
vertex -8.415492057800293 -29.902185440063477 1.7000000476837158
vertex -8.415492057800293 -29.557769775390625 1.7000000476837158
endloop
endfacet
facet normal 0 0 -1
outer loop
vertex -8.415492057800293 -29.902185440063477 1.7000000476837158
vertex -8.449746131896973 -29.729978561401367 1.7000000476837158
vertex -8.415492057800293 -29.557769775390625 1.7000000476837158
endloop
endfacet
facet normal 0 0 -1
outer loop
vertex -8.317944526672363 -30.048175811767578 1.7000000476837158
vertex -8.415492057800293 -29.902185440063477 1.7000000476837158
vertex -8.317944526672363 -29.411779403686523 1.7000000476837158
endloop
endfacet
facet normal -0.8314686645124185 -0.5555716514851484 0
outer loop
vertex -7.681548118591309 -29.411779403686523 1.7000000476837158
vertex -7.681548118591309 -29.411779403686523 0
vertex -7.584000110626221 -29.557769775390625 1.7000000476837158
endloop
endfacet
facet normal -0.9807856980081253 -0.19508822256280442 0
outer loop
vertex -7.584000110626221 -29.557769775390625 1.7000000476837158
vertex -7.584000110626221 -29.557769775390625 0
vertex -7.549746036529541 -29.729978561401367 1.7000000476837158
endloop
endfacet
facet normal -0.9807852845629332 0.19509030110388895 0
outer loop
vertex -7.549746036529541 -29.729978561401367 1.7000000476837158
vertex -7.549746036529541 -29.729978561401367 0
vertex -7.584000110626221 -29.902185440063477 1.7000000476837158
endloop
endfacet
facet normal -0.8314686645124185 0.5555716514851484 0
outer loop
vertex -7.584000110626221 -29.902185440063477 1.7000000476837158
vertex -7.584000110626221 -29.902185440063477 0
vertex -7.681548118591309 -30.048175811767578 1.7000000476837158
endloop
endfacet
facet normal -0.555569773965375 0.8314699190325903 0
outer loop
vertex -7.681548118591309 -30.048175811767578 1.7000000476837158
vertex -7.681548118591309 -30.048175811767578 0
vertex -7.82753849029541 -30.145723342895508 1.7000000476837158
endloop
endfacet
facet normal -0.555569773965375 -0.8314699190325903 0
outer loop
vertex -7.82753849029541 -29.314231872558594 1.7000000476837158
vertex -7.82753849029541 -29.314231872558594 0
vertex -7.681548118591309 -29.411779403686523 1.7000000476837158
endloop
endfacet
facet normal -0.19508978146454767 -0.9807853879254701 0
outer loop
vertex -7.999745845794678 -29.279977798461914 1.7000000476837158
vertex -7.999745845794678 -29.279977798461914 0
vertex -7.82753849029541 -29.314231872558594 1.7000000476837158
endloop
endfacet
facet normal 0.19508978146454767 -0.9807853879254701 0
outer loop
vertex -8.171953201293945 -29.314231872558594 1.7000000476837158
vertex -8.171953201293945 -29.314231872558594 0
vertex -7.999745845794678 -29.279977798461914 1.7000000476837158
endloop
endfacet
facet normal 0.5555672649342871 -0.8314715955060856 0
outer loop
vertex -8.317944526672363 -29.411779403686523 1.7000000476837158
vertex -8.317944526672363 -29.411779403686523 0
vertex -8.171953201293945 -29.314231872558594 1.7000000476837158
endloop
endfacet
facet normal 0.8314699190325903 -0.555569773965375 0
outer loop
vertex -8.415492057800293 -29.557769775390625 1.7000000476837158
vertex -8.415492057800293 -29.557769775390625 0
vertex -8.317944526672363 -29.411779403686523 1.7000000476837158
endloop
endfacet
facet normal -0.19508978146454767 0.9807853879254701 0
outer loop
vertex -7.82753849029541 -30.145723342895508 1.7000000476837158
vertex -7.82753849029541 -30.145723342895508 0
vertex -7.999745845794678 -30.179977416992188 1.7000000476837158
endloop
endfacet
facet normal 0.19508978146454767 0.9807853879254701 0
outer loop
vertex -7.999745845794678 -30.179977416992188 1.7000000476837158
vertex -7.999745845794678 -30.179977416992188 0
vertex -8.171953201293945 -30.145723342895508 1.7000000476837158
endloop
endfacet
facet normal 0.9807856980081253 -0.19508822256280442 0
outer loop
vertex -8.449746131896973 -29.729978561401367 1.7000000476837158
vertex -8.449746131896973 -29.729978561401367 0
vertex -8.415492057800293 -29.557769775390625 1.7000000476837158
endloop
endfacet
facet normal 0.9807852845629332 0.19509030110388895 0
outer loop
vertex -8.415492057800293 -29.902185440063477 1.7000000476837158
vertex -8.415492057800293 -29.902185440063477 0
vertex -8.449746131896973 -29.729978561401367 1.7000000476837158
endloop
endfacet
facet normal 0.5555672649342871 0.8314715955060856 0
outer loop
vertex -8.171953201293945 -30.145723342895508 1.7000000476837158
vertex -8.171953201293945 -30.145723342895508 0
vertex -8.317944526672363 -30.048175811767578 1.7000000476837158
endloop
endfacet
facet normal 0.8314699190325903 0.555569773965375 0
outer loop
vertex -8.317944526672363 -30.048175811767578 1.7000000476837158
vertex -8.317944526672363 -30.048175811767578 0
vertex -8.415492057800293 -29.902185440063477 1.7000000476837158
endloop
endfacet
facet normal -0.555569773965375 -0.8314699190325903 0
outer loop
vertex -7.82753849029541 -29.314231872558594 0
vertex -7.681548118591309 -29.411779403686523 0
vertex -7.681548118591309 -29.411779403686523 1.7000000476837158
endloop
endfacet
facet normal -0.8314686645124185 -0.5555716514851484 0
outer loop
vertex -7.681548118591309 -29.411779403686523 0
vertex -7.584000110626221 -29.557769775390625 0
vertex -7.584000110626221 -29.557769775390625 1.7000000476837158
endloop
endfacet
facet normal -0.9807856980081253 -0.19508822256280442 0
outer loop
vertex -7.584000110626221 -29.557769775390625 0
vertex -7.549746036529541 -29.729978561401367 0
vertex -7.549746036529541 -29.729978561401367 1.7000000476837158
endloop
endfacet
facet normal -0.9807852845629332 0.19509030110388895 0
outer loop
vertex -7.549746036529541 -29.729978561401367 0
vertex -7.584000110626221 -29.902185440063477 0
vertex -7.584000110626221 -29.902185440063477 1.7000000476837158
endloop
endfacet
facet normal -0.8314686645124185 0.5555716514851484 0
outer loop
vertex -7.584000110626221 -29.902185440063477 0
vertex -7.681548118591309 -30.048175811767578 0
vertex -7.681548118591309 -30.048175811767578 1.7000000476837158
endloop
endfacet
facet normal -0.19508978146454767 -0.9807853879254701 0
outer loop
vertex -7.999745845794678 -29.279977798461914 0
vertex -7.82753849029541 -29.314231872558594 0
vertex -7.82753849029541 -29.314231872558594 1.7000000476837158
endloop
endfacet
facet normal 0.19508978146454767 -0.9807853879254701 0
outer loop
vertex -8.171953201293945 -29.314231872558594 0
vertex -7.999745845794678 -29.279977798461914 0
vertex -7.999745845794678 -29.279977798461914 1.7000000476837158
endloop
endfacet
facet normal 0.5555672649342871 -0.8314715955060856 0
outer loop
vertex -8.317944526672363 -29.411779403686523 0
vertex -8.171953201293945 -29.314231872558594 0
vertex -8.171953201293945 -29.314231872558594 1.7000000476837158
endloop
endfacet
facet normal 0.8314699190325903 -0.555569773965375 0
outer loop
vertex -8.415492057800293 -29.557769775390625 0
vertex -8.317944526672363 -29.411779403686523 0
vertex -8.317944526672363 -29.411779403686523 1.7000000476837158
endloop
endfacet
facet normal -0.555569773965375 0.8314699190325903 0
outer loop
vertex -7.681548118591309 -30.048175811767578 0
vertex -7.82753849029541 -30.145723342895508 0
vertex -7.82753849029541 -30.145723342895508 1.7000000476837158
endloop
endfacet
facet normal -0.19508978146454767 0.9807853879254701 0
outer loop
vertex -7.82753849029541 -30.145723342895508 0
vertex -7.999745845794678 -30.179977416992188 0
vertex -7.999745845794678 -30.179977416992188 1.7000000476837158
endloop
endfacet
facet normal 0.19508978146454767 0.9807853879254701 0
outer loop
vertex -7.999745845794678 -30.179977416992188 0
vertex -8.171953201293945 -30.145723342895508 0
vertex -8.171953201293945 -30.145723342895508 1.7000000476837158
endloop
endfacet
facet normal 0.9807856980081253 -0.19508822256280442 0
outer loop
vertex -8.449746131896973 -29.729978561401367 0
vertex -8.415492057800293 -29.557769775390625 0
vertex -8.415492057800293 -29.557769775390625 1.7000000476837158
endloop
endfacet
facet normal 0.9807852845629332 0.19509030110388895 0
outer loop
vertex -8.415492057800293 -29.902185440063477 0
vertex -8.449746131896973 -29.729978561401367 0
vertex -8.449746131896973 -29.729978561401367 1.7000000476837158
endloop
endfacet
facet normal 0.5555672649342871 0.8314715955060856 0
outer loop
vertex -8.171953201293945 -30.145723342895508 0
vertex -8.317944526672363 -30.048175811767578 0
vertex -8.317944526672363 -30.048175811767578 1.7000000476837158
endloop
endfacet
facet normal 0.8314699190325903 0.555569773965375 0
outer loop
vertex -8.317944526672363 -30.048175811767578 0
vertex -8.415492057800293 -29.902185440063477 0
vertex -8.415492057800293 -29.902185440063477 1.7000000476837158
endloop
endfacet
facet normal 0 0 -1
outer loop
vertex -7.584000110626221 -29.557769775390625 1.7000000476837158
vertex -7.681548118591309 -30.048175811767578 1.7000000476837158
vertex -7.681548118591309 -29.411779403686523 1.7000000476837158
endloop
endfacet
facet normal -0.8314686645124185 0.5555716514851484 0
outer loop
vertex -7.584000110626221 -31.17218589782715 1.7000000476837158
vertex -7.584000110626221 -31.17218589782715 0
vertex -7.681548118591309 -31.31817626953125 1.7000000476837158
endloop
endfacet
facet normal 0.5555672649342871 0.8314715955060856 0
outer loop
vertex -8.171953201293945 -31.41572380065918 1.7000000476837158
vertex -8.171953201293945 -31.41572380065918 0
vertex -8.317944526672363 -31.31817626953125 1.7000000476837158
endloop
endfacet
facet normal 0 0 -1
outer loop
vertex -7.549746036529541 -30.99997901916504 1.7000000476837158
vertex -7.584000110626221 -31.17218589782715 1.7000000476837158
vertex -7.584000110626221 -30.827770233154297 1.7000000476837158
endloop
endfacet
facet normal 0 0 -1
outer loop
vertex -7.584000110626221 -31.17218589782715 1.7000000476837158
vertex -7.681548118591309 -31.31817626953125 1.7000000476837158
vertex -7.584000110626221 -30.827770233154297 1.7000000476837158
endloop
endfacet
facet normal 0 0 -1
outer loop
vertex -7.681548118591309 -30.681779861450195 1.7000000476837158
vertex -7.584000110626221 -30.827770233154297 1.7000000476837158
vertex -7.681548118591309 -31.31817626953125 1.7000000476837158
endloop
endfacet
facet normal 0 0 -1
outer loop
vertex -7.681548118591309 -31.31817626953125 1.7000000476837158
vertex -7.82753849029541 -31.41572380065918 1.7000000476837158
vertex -7.681548118591309 -30.681779861450195 1.7000000476837158
endloop
endfacet
facet normal 0 0 -1
outer loop
vertex -8.415492057800293 -31.17218589782715 1.7000000476837158
vertex -8.449746131896973 -30.99997901916504 1.7000000476837158
vertex -8.415492057800293 -30.827770233154297 1.7000000476837158
endloop
endfacet
facet normal 0 0 -1
outer loop
vertex -8.317944526672363 -31.31817626953125 1.7000000476837158
vertex -8.415492057800293 -31.17218589782715 1.7000000476837158
vertex -8.317944526672363 -30.681779861450195 1.7000000476837158
endloop
endfacet
facet normal 0 0 -1
outer loop
vertex -8.171953201293945 -31.41572380065918 1.7000000476837158
vertex -8.317944526672363 -31.31817626953125 1.7000000476837158
vertex -8.171953201293945 -30.584232330322266 1.7000000476837158
endloop
endfacet
facet normal 0 0 -1
outer loop
vertex -7.999745845794678 -31.44997787475586 1.7000000476837158
vertex -8.171953201293945 -31.41572380065918 1.7000000476837158
vertex -7.999745845794678 -30.549978256225586 1.7000000476837158
endloop
endfacet
facet normal 0 0 -1
outer loop
vertex -7.82753849029541 -31.41572380065918 1.7000000476837158
vertex -7.999745845794678 -31.44997787475586 1.7000000476837158
vertex -7.82753849029541 -30.584232330322266 1.7000000476837158
endloop
endfacet
facet normal 0 0 -1
outer loop
vertex -8.317944526672363 -30.681779861450195 1.7000000476837158
vertex -8.415492057800293 -31.17218589782715 1.7000000476837158
vertex -8.415492057800293 -30.827770233154297 1.7000000476837158
endloop
endfacet
facet normal 0 0 -1
outer loop
vertex -8.171953201293945 -30.584232330322266 1.7000000476837158
vertex -8.317944526672363 -31.31817626953125 1.7000000476837158
vertex -8.317944526672363 -30.681779861450195 1.7000000476837158
endloop
endfacet
facet normal 0 0 -1
outer loop
vertex -7.999745845794678 -30.549978256225586 1.7000000476837158
vertex -8.171953201293945 -31.41572380065918 1.7000000476837158
vertex -8.171953201293945 -30.584232330322266 1.7000000476837158
endloop
endfacet
facet normal -0.8314686645124185 -0.5555716514851484 0
outer loop
vertex -7.681548118591309 -30.681779861450195 1.7000000476837158
vertex -7.681548118591309 -30.681779861450195 0
vertex -7.584000110626221 -30.827770233154297 1.7000000476837158
endloop
endfacet
facet normal -0.9807856980081253 -0.19508822256280442 0
outer loop
vertex -7.584000110626221 -30.827770233154297 1.7000000476837158
vertex -7.584000110626221 -30.827770233154297 0
vertex -7.549746036529541 -30.99997901916504 1.7000000476837158
endloop
endfacet
facet normal -0.9807852845629332 0.19509030110388895 0
outer loop
vertex -7.549746036529541 -30.99997901916504 1.7000000476837158
vertex -7.549746036529541 -30.99997901916504 0
vertex -7.584000110626221 -31.17218589782715 1.7000000476837158
endloop
endfacet
facet normal 0 0 -1
outer loop
vertex -7.82753849029541 -30.584232330322266 1.7000000476837158
vertex -7.999745845794678 -31.44997787475586 1.7000000476837158
vertex -7.999745845794678 -30.549978256225586 1.7000000476837158
endloop
endfacet
facet normal 0 0 -1
outer loop
vertex -7.82753849029541 -31.41572380065918 1.7000000476837158
vertex -7.82753849029541 -30.584232330322266 1.7000000476837158
vertex -7.681548118591309 -30.681779861450195 1.7000000476837158
endloop
endfacet
facet normal -0.19508978146454767 -0.9807853879254701 0
outer loop
vertex -7.999745845794678 -30.549978256225586 1.7000000476837158
vertex -7.999745845794678 -30.549978256225586 0
vertex -7.82753849029541 -30.584232330322266 1.7000000476837158
endloop
endfacet
facet normal 0.19508978146454767 -0.9807853879254701 0
outer loop
vertex -8.171953201293945 -30.584232330322266 1.7000000476837158
vertex -8.171953201293945 -30.584232330322266 0
vertex -7.999745845794678 -30.549978256225586 1.7000000476837158
endloop
endfacet
facet normal 0.5555672649342871 0.8314715955060856 0
outer loop
vertex -8.171953201293945 -31.41572380065918 0
vertex -8.317944526672363 -31.31817626953125 0
vertex -8.317944526672363 -31.31817626953125 1.7000000476837158
endloop
endfacet
facet normal 0.8314699190325903 0.555569773965375 0
outer loop
vertex -8.317944526672363 -31.31817626953125 0
vertex -8.415492057800293 -31.17218589782715 0
vertex -8.415492057800293 -31.17218589782715 1.7000000476837158
endloop
endfacet
facet normal 0.9807852845629332 0.19509030110388895 0
outer loop
vertex -8.415492057800293 -31.17218589782715 0
vertex -8.449746131896973 -30.99997901916504 0
vertex -8.449746131896973 -30.99997901916504 1.7000000476837158
endloop
endfacet
facet normal 0.19508978146454767 0.9807853879254701 0
outer loop
vertex -7.999745845794678 -31.44997787475586 0
vertex -8.171953201293945 -31.41572380065918 0
vertex -8.171953201293945 -31.41572380065918 1.7000000476837158
endloop
endfacet
facet normal -0.19508978146454767 0.9807853879254701 0
outer loop
vertex -7.82753849029541 -31.41572380065918 0
vertex -7.999745845794678 -31.44997787475586 0
vertex -7.999745845794678 -31.44997787475586 1.7000000476837158
endloop
endfacet
facet normal -0.555569773965375 0.8314699190325903 0
outer loop
vertex -7.681548118591309 -31.31817626953125 0
vertex -7.82753849029541 -31.41572380065918 0
vertex -7.82753849029541 -31.41572380065918 1.7000000476837158
endloop
endfacet
facet normal 0.9807856980081253 -0.19508822256280442 0
outer loop
vertex -8.449746131896973 -30.99997901916504 0
vertex -8.415492057800293 -30.827770233154297 0
vertex -8.415492057800293 -30.827770233154297 1.7000000476837158
endloop
endfacet
facet normal 0.8314699190325903 -0.555569773965375 0
outer loop
vertex -8.415492057800293 -30.827770233154297 0
vertex -8.317944526672363 -30.681779861450195 0
vertex -8.317944526672363 -30.681779861450195 1.7000000476837158
endloop
endfacet
facet normal 0.5555672649342871 -0.8314715955060856 0
outer loop
vertex -8.317944526672363 -30.681779861450195 0
vertex -8.171953201293945 -30.584232330322266 0
vertex -8.171953201293945 -30.584232330322266 1.7000000476837158
endloop
endfacet
facet normal 0.19508978146454767 -0.9807853879254701 0
outer loop
vertex -8.171953201293945 -30.584232330322266 0
vertex -7.999745845794678 -30.549978256225586 0
vertex -7.999745845794678 -30.549978256225586 1.7000000476837158
endloop
endfacet
facet normal -0.19508978146454767 -0.9807853879254701 0
outer loop
vertex -7.999745845794678 -30.549978256225586 0
vertex -7.82753849029541 -30.584232330322266 0
vertex -7.82753849029541 -30.584232330322266 1.7000000476837158
endloop
endfacet
facet normal -0.555569773965375 -0.8314699190325903 0
outer loop
vertex -7.82753849029541 -30.584232330322266 1.7000000476837158
vertex -7.82753849029541 -30.584232330322266 0
vertex -7.681548118591309 -30.681779861450195 1.7000000476837158
endloop
endfacet
facet normal 0.5555672649342871 -0.8314715955060856 0
outer loop
vertex -8.317944526672363 -30.681779861450195 1.7000000476837158
vertex -8.317944526672363 -30.681779861450195 0
vertex -8.171953201293945 -30.584232330322266 1.7000000476837158
endloop
endfacet
facet normal 0.8314699190325903 -0.555569773965375 0
outer loop
vertex -8.415492057800293 -30.827770233154297 1.7000000476837158
vertex -8.415492057800293 -30.827770233154297 0
vertex -8.317944526672363 -30.681779861450195 1.7000000476837158
endloop
endfacet
facet normal -0.19508978146454767 0.9807853879254701 0
outer loop
vertex -7.82753849029541 -31.41572380065918 1.7000000476837158
vertex -7.82753849029541 -31.41572380065918 0
vertex -7.999745845794678 -31.44997787475586 1.7000000476837158
endloop
endfacet
facet normal 0.19508978146454767 0.9807853879254701 0
outer loop
vertex -7.999745845794678 -31.44997787475586 1.7000000476837158
vertex -7.999745845794678 -31.44997787475586 0
vertex -8.171953201293945 -31.41572380065918 1.7000000476837158
endloop
endfacet
facet normal -0.8314686645124185 0.5555716514851484 0
outer loop
vertex -7.584000110626221 -31.17218589782715 0
vertex -7.681548118591309 -31.31817626953125 0
vertex -7.681548118591309 -31.31817626953125 1.7000000476837158
endloop
endfacet
facet normal -0.9807852845629332 0.19509030110388895 0
outer loop
vertex -7.549746036529541 -30.99997901916504 0
vertex -7.584000110626221 -31.17218589782715 0
vertex -7.584000110626221 -31.17218589782715 1.7000000476837158
endloop
endfacet
facet normal -0.9807856980081253 -0.19508822256280442 0
outer loop
vertex -7.584000110626221 -30.827770233154297 0
vertex -7.549746036529541 -30.99997901916504 0
vertex -7.549746036529541 -30.99997901916504 1.7000000476837158
endloop
endfacet
facet normal -0.8314686645124185 -0.5555716514851484 0
outer loop
vertex -7.681548118591309 -30.681779861450195 0
vertex -7.584000110626221 -30.827770233154297 0
vertex -7.584000110626221 -30.827770233154297 1.7000000476837158
endloop
endfacet
facet normal -0.555569773965375 -0.8314699190325903 0
outer loop
vertex -7.82753849029541 -30.584232330322266 0
vertex -7.681548118591309 -30.681779861450195 0
vertex -7.681548118591309 -30.681779861450195 1.7000000476837158
endloop
endfacet
facet normal 0.9807856980081253 -0.19508822256280442 0
outer loop
vertex -8.449746131896973 -30.99997901916504 1.7000000476837158
vertex -8.449746131896973 -30.99997901916504 0
vertex -8.415492057800293 -30.827770233154297 1.7000000476837158
endloop
endfacet
facet normal 0.8314699190325903 0.555569773965375 0
outer loop
vertex -8.317944526672363 -31.31817626953125 1.7000000476837158
vertex -8.317944526672363 -31.31817626953125 0
vertex -8.415492057800293 -31.17218589782715 1.7000000476837158
endloop
endfacet
facet normal 0.9807852845629332 0.19509030110388895 0
outer loop
vertex -8.415492057800293 -31.17218589782715 1.7000000476837158
vertex -8.415492057800293 -31.17218589782715 0
vertex -8.449746131896973 -30.99997901916504 1.7000000476837158
endloop
endfacet
facet normal -0.555569773965375 0.8314699190325903 0
outer loop
vertex -7.681548118591309 -31.31817626953125 1.7000000476837158
vertex -7.681548118591309 -31.31817626953125 0
vertex -7.82753849029541 -31.41572380065918 1.7000000476837158
endloop
endfacet
facet normal -0.19510023104767313 0.9807833093222704 0
outer loop
vertex -7.82753849029541 -32.68572235107422 1.7000000476837158
vertex -7.82753849029541 -32.68572235107422 0
vertex -7.999745845794678 -32.71997833251953 1.7000000476837158
endloop
endfacet
facet normal 0 0 -1
outer loop
vertex -8.317944526672363 -32.58817672729492 1.7000000476837158
vertex -8.415492057800293 -32.44218444824219 1.7000000476837158
vertex -8.317944526672363 -31.951780319213867 1.7000000476837158
endloop
endfacet
facet normal 0.8314699190325903 -0.555569773965375 0
outer loop
vertex -8.415492057800293 -32.09777069091797 1.7000000476837158
vertex -8.415492057800293 -32.09777069091797 0
vertex -8.317944526672363 -31.951780319213867 1.7000000476837158
endloop
endfacet
facet normal 0.5555672649342871 -0.8314715955060856 0
outer loop
vertex -8.317944526672363 -31.951780319213867 1.7000000476837158
vertex -8.317944526672363 -31.951780319213867 0
vertex -8.171953201293945 -31.854232788085938 1.7000000476837158
endloop
endfacet
facet normal 0.19508978146454767 -0.9807853879254701 0
outer loop
vertex -8.171953201293945 -31.854232788085938 1.7000000476837158
vertex -8.171953201293945 -31.854232788085938 0
vertex -7.999745845794678 -31.819978713989258 1.7000000476837158
endloop
endfacet
facet normal -0.19508978146454767 -0.9807853879254701 0
outer loop
vertex -7.999745845794678 -31.819978713989258 1.7000000476837158
vertex -7.999745845794678 -31.819978713989258 0
vertex -7.82753849029541 -31.854232788085938 1.7000000476837158
endloop
endfacet
facet normal -0.555569773965375 -0.8314699190325903 0
outer loop
vertex -7.82753849029541 -31.854232788085938 1.7000000476837158
vertex -7.82753849029541 -31.854232788085938 0
vertex -7.681548118591309 -31.951780319213867 1.7000000476837158
endloop
endfacet
facet normal 0.19510023104767313 0.9807833093222704 0
outer loop
vertex -7.999745845794678 -32.71997833251953 1.7000000476837158
vertex -7.999745845794678 -32.71997833251953 0
vertex -8.171953201293945 -32.68572235107422 1.7000000476837158
endloop
endfacet
facet normal 0.5555597547738412 0.8314766135470253 0
outer loop
vertex -8.171953201293945 -32.68572235107422 1.7000000476837158
vertex -8.171953201293945 -32.68572235107422 0
vertex -8.317944526672363 -32.58817672729492 1.7000000476837158
endloop
endfacet
facet normal 0.9807852845629332 0.19509030110388895 0
outer loop
vertex -8.415492057800293 -32.44218444824219 1.7000000476837158
vertex -8.415492057800293 -32.44218444824219 0
vertex -8.449746131896973 -32.26997756958008 1.7000000476837158
endloop
endfacet
facet normal 0.8314732719568675 0.5555647559208026 0
outer loop
vertex -8.317944526672363 -32.58817672729492 1.7000000476837158
vertex -8.317944526672363 -32.58817672729492 0
vertex -8.415492057800293 -32.44218444824219 1.7000000476837158
endloop
endfacet
facet normal -0.555569773965375 -0.8314699190325903 0
outer loop
vertex -7.82753849029541 -31.854232788085938 0
vertex -7.681548118591309 -31.951780319213867 0
vertex -7.681548118591309 -31.951780319213867 1.7000000476837158
endloop
endfacet
facet normal -0.8314686645124185 -0.5555716514851484 0
outer loop
vertex -7.681548118591309 -31.951780319213867 0
vertex -7.584000110626221 -32.09777069091797 0
vertex -7.584000110626221 -32.09777069091797 1.7000000476837158
endloop
endfacet
facet normal -0.9807852845629332 -0.19509030110388895 0
outer loop
vertex -7.584000110626221 -32.09777069091797 0
vertex -7.549746036529541 -32.26997756958008 0
vertex -7.549746036529541 -32.26997756958008 1.7000000476837158
endloop
endfacet
facet normal -0.9807852845629332 0.19509030110388895 0
outer loop
vertex -7.549746036529541 -32.26997756958008 0
vertex -7.584000110626221 -32.44218444824219 0
vertex -7.584000110626221 -32.44218444824219 1.7000000476837158
endloop
endfacet
facet normal -0.8314720174542991 0.5555666334387602 0
outer loop
vertex -7.584000110626221 -32.44218444824219 0
vertex -7.681548118591309 -32.58817672729492 0
vertex -7.681548118591309 -32.58817672729492 1.7000000476837158
endloop
endfacet
facet normal -0.19508978146454767 -0.9807853879254701 0
outer loop
vertex -7.999745845794678 -31.819978713989258 0
vertex -7.82753849029541 -31.854232788085938 0
vertex -7.82753849029541 -31.854232788085938 1.7000000476837158
endloop
endfacet
facet normal 0.19508978146454767 -0.9807853879254701 0
outer loop
vertex -8.171953201293945 -31.854232788085938 0
vertex -7.999745845794678 -31.819978713989258 0
vertex -7.999745845794678 -31.819978713989258 1.7000000476837158
endloop
endfacet
facet normal -0.5555622638012966 0.8314749371087372 0
outer loop
vertex -7.681548118591309 -32.58817672729492 1.7000000476837158
vertex -7.681548118591309 -32.58817672729492 0
vertex -7.82753849029541 -32.68572235107422 1.7000000476837158
endloop
endfacet
facet normal -0.8314720174542991 0.5555666334387602 0
outer loop
vertex -7.584000110626221 -32.44218444824219 1.7000000476837158
vertex -7.584000110626221 -32.44218444824219 0
vertex -7.681548118591309 -32.58817672729492 1.7000000476837158
endloop
endfacet
facet normal -0.9807852845629332 0.19509030110388895 0
outer loop
vertex -7.549746036529541 -32.26997756958008 1.7000000476837158
vertex -7.549746036529541 -32.26997756958008 0
vertex -7.584000110626221 -32.44218444824219 1.7000000476837158
endloop
endfacet
facet normal -0.9807852845629332 -0.19509030110388895 0
outer loop
vertex -7.584000110626221 -32.09777069091797 1.7000000476837158
vertex -7.584000110626221 -32.09777069091797 0
vertex -7.549746036529541 -32.26997756958008 1.7000000476837158
endloop
endfacet
facet normal 0.5555672649342871 -0.8314715955060856 0
outer loop
vertex -8.317944526672363 -31.951780319213867 0
vertex -8.171953201293945 -31.854232788085938 0
vertex -8.171953201293945 -31.854232788085938 1.7000000476837158
endloop
endfacet
facet normal 0.8314699190325903 -0.555569773965375 0
outer loop
vertex -8.415492057800293 -32.09777069091797 0
vertex -8.317944526672363 -31.951780319213867 0
vertex -8.317944526672363 -31.951780319213867 1.7000000476837158
endloop
endfacet
facet normal -0.8314686645124185 -0.5555716514851484 0
outer loop
vertex -7.681548118591309 -31.951780319213867 1.7000000476837158
vertex -7.681548118591309 -31.951780319213867 0
vertex -7.584000110626221 -32.09777069091797 1.7000000476837158
endloop
endfacet
facet normal 0.9807852845629332 -0.19509030110388895 0
outer loop
vertex -8.449746131896973 -32.26997756958008 0
vertex -8.415492057800293 -32.09777069091797 0
vertex -8.415492057800293 -32.09777069091797 1.7000000476837158
endloop
endfacet
facet normal -0.5555622638012966 0.8314749371087372 0
outer loop
vertex -7.681548118591309 -32.58817672729492 0
vertex -7.82753849029541 -32.68572235107422 0
vertex -7.82753849029541 -32.68572235107422 1.7000000476837158
endloop
endfacet
facet normal -0.19510023104767313 0.9807833093222704 0
outer loop
vertex -7.82753849029541 -32.68572235107422 0
vertex -7.999745845794678 -32.71997833251953 0
vertex -7.999745845794678 -32.71997833251953 1.7000000476837158
endloop
endfacet
facet normal 0.19510023104767313 0.9807833093222704 0
outer loop
vertex -7.999745845794678 -32.71997833251953 0
vertex -8.171953201293945 -32.68572235107422 0
vertex -8.171953201293945 -32.68572235107422 1.7000000476837158
endloop
endfacet
facet normal 0.5555597547738412 0.8314766135470253 0
outer loop
vertex -8.171953201293945 -32.68572235107422 0
vertex -8.317944526672363 -32.58817672729492 0
vertex -8.317944526672363 -32.58817672729492 1.7000000476837158
endloop
endfacet
facet normal 0.9807852845629332 0.19509030110388895 0
outer loop
vertex -8.415492057800293 -32.44218444824219 0
vertex -8.449746131896973 -32.26997756958008 0
vertex -8.449746131896973 -32.26997756958008 1.7000000476837158
endloop
endfacet
facet normal 0.8314732719568675 0.5555647559208026 0
outer loop
vertex -8.317944526672363 -32.58817672729492 0
vertex -8.415492057800293 -32.44218444824219 0
vertex -8.415492057800293 -32.44218444824219 1.7000000476837158
endloop
endfacet
facet normal 0 0 -1
outer loop
vertex -7.681548118591309 -32.58817672729492 1.7000000476837158
vertex -7.82753849029541 -32.68572235107422 1.7000000476837158
vertex -7.681548118591309 -31.951780319213867 1.7000000476837158
endloop
endfacet
facet normal 0 0 -1
outer loop
vertex -7.584000110626221 -32.44218444824219 1.7000000476837158
vertex -7.681548118591309 -32.58817672729492 1.7000000476837158
vertex -7.584000110626221 -32.09777069091797 1.7000000476837158
endloop
endfacet
facet normal 0 0 -1
outer loop
vertex -7.681548118591309 -31.951780319213867 1.7000000476837158
vertex -7.584000110626221 -32.09777069091797 1.7000000476837158
vertex -7.681548118591309 -32.58817672729492 1.7000000476837158
endloop
endfacet
facet normal 0 0 -1
outer loop
vertex -7.549746036529541 -32.26997756958008 1.7000000476837158
vertex -7.584000110626221 -32.44218444824219 1.7000000476837158
vertex -7.584000110626221 -32.09777069091797 1.7000000476837158
endloop
endfacet
facet normal 0 0 -1
outer loop
vertex -7.82753849029541 -32.68572235107422 1.7000000476837158
vertex -7.82753849029541 -31.854232788085938 1.7000000476837158
vertex -7.681548118591309 -31.951780319213867 1.7000000476837158
endloop
endfacet
facet normal 0 0 -1
outer loop
vertex -7.82753849029541 -31.854232788085938 1.7000000476837158
vertex -7.999745845794678 -32.71997833251953 1.7000000476837158
vertex -7.999745845794678 -31.819978713989258 1.7000000476837158
endloop
endfacet
facet normal 0 0 -1
outer loop
vertex -7.999745845794678 -31.819978713989258 1.7000000476837158
vertex -8.171953201293945 -32.68572235107422 1.7000000476837158
vertex -8.171953201293945 -31.854232788085938 1.7000000476837158
endloop
endfacet
facet normal 0 0 -1
outer loop
vertex -8.171953201293945 -31.854232788085938 1.7000000476837158
vertex -8.317944526672363 -32.58817672729492 1.7000000476837158
vertex -8.317944526672363 -31.951780319213867 1.7000000476837158
endloop
endfacet
facet normal 0 0 -1
outer loop
vertex -8.317944526672363 -31.951780319213867 1.7000000476837158
vertex -8.415492057800293 -32.44218444824219 1.7000000476837158
vertex -8.415492057800293 -32.09777069091797 1.7000000476837158
endloop
endfacet
facet normal 0 0 -1
outer loop
vertex -8.415492057800293 -32.44218444824219 1.7000000476837158
vertex -8.449746131896973 -32.26997756958008 1.7000000476837158
vertex -8.415492057800293 -32.09777069091797 1.7000000476837158
endloop
endfacet
facet normal 0 0 -1
outer loop
vertex -7.82753849029541 -32.68572235107422 1.7000000476837158
vertex -7.999745845794678 -32.71997833251953 1.7000000476837158
vertex -7.82753849029541 -31.854232788085938 1.7000000476837158
endloop
endfacet
facet normal 0 0 -1
outer loop
vertex -7.999745845794678 -32.71997833251953 1.7000000476837158
vertex -8.171953201293945 -32.68572235107422 1.7000000476837158
vertex -7.999745845794678 -31.819978713989258 1.7000000476837158
endloop
endfacet
facet normal 0 0 -1
outer loop
vertex -8.171953201293945 -32.68572235107422 1.7000000476837158
vertex -8.317944526672363 -32.58817672729492 1.7000000476837158
vertex -8.171953201293945 -31.854232788085938 1.7000000476837158
endloop
endfacet
facet normal 0.9807852845629332 -0.19509030110388895 0
outer loop
vertex -8.449746131896973 -32.26997756958008 1.7000000476837158
vertex -8.449746131896973 -32.26997756958008 0
vertex -8.415492057800293 -32.09777069091797 1.7000000476837158
endloop
endfacet
facet normal 0 0 -1
outer loop
vertex -8.172207832336426 -33.12423324584961 1.7000000476837158
vertex -8.318198204040527 -33.858177185058594 1.7000000476837158
vertex -8.318198204040527 -33.221778869628906 1.7000000476837158
endloop
endfacet
facet normal 0.9807852845629332 -0.19509030110388895 0
outer loop
vertex -8.449999809265137 -33.53997802734375 1.7000000476837158
vertex -8.449999809265137 -33.53997802734375 0
vertex -8.415745735168457 -33.36777114868164 1.7000000476837158
endloop
endfacet
facet normal 0.9807852845629332 0.19509030110388895 0
outer loop
vertex -8.415745735168457 -33.71218490600586 1.7000000476837158
vertex -8.415745735168457 -33.71218490600586 0
vertex -8.449999809265137 -33.53997802734375 1.7000000476837158
endloop
endfacet
facet normal 0.8314732719568675 0.5555647559208026 0
outer loop
vertex -8.318198204040527 -33.858177185058594 0
vertex -8.415745735168457 -33.71218490600586 0
vertex -8.415745735168457 -33.71218490600586 1.7000000476837158
endloop
endfacet
facet normal 0.5555622638012966 0.8314749371087372 0
outer loop
vertex -8.172207832336426 -33.95572280883789 0
vertex -8.318198204040527 -33.858177185058594 0
vertex -8.318198204040527 -33.858177185058594 1.7000000476837158
endloop
endfacet
facet normal 0.19509971138541468 0.9807834126948354 0
outer loop
vertex -8 -33.9899787902832 0
vertex -8.172207832336426 -33.95572280883789 0
vertex -8.172207832336426 -33.95572280883789 1.7000000476837158
endloop
endfacet
facet normal -0.19510023104767313 0.9807833093222704 0
outer loop
vertex -7.827792644500732 -33.95572280883789 0
vertex -8 -33.9899787902832 0
vertex -8 -33.9899787902832 1.7000000476837158
endloop
endfacet
facet normal -0.5555610092853684 0.8314757753307204 0
outer loop
vertex -7.681801795959473 -33.858177185058594 0
vertex -7.827792644500732 -33.95572280883789 0
vertex -7.827792644500732 -33.95572280883789 1.7000000476837158
endloop
endfacet
facet normal 0.9807852845629332 0.19509030110388895 0
outer loop
vertex -8.415745735168457 -33.71218490600586 0
vertex -8.449999809265137 -33.53997802734375 0
vertex -8.449999809265137 -33.53997802734375 1.7000000476837158
endloop
endfacet
facet normal 0.9807852845629332 -0.19509030110388895 0
outer loop
vertex -8.449999809265137 -33.53997802734375 0
vertex -8.415745735168457 -33.36777114868164 0
vertex -8.415745735168457 -33.36777114868164 1.7000000476837158
endloop
endfacet
facet normal 0.8314732719568675 -0.5555647559208026 0
outer loop
vertex -8.415745735168457 -33.36777114868164 0
vertex -8.318198204040527 -33.221778869628906 0
vertex -8.318198204040527 -33.221778869628906 1.7000000476837158
endloop
endfacet
facet normal 0.5555622638012966 -0.8314749371087372 0
outer loop
vertex -8.318198204040527 -33.221778869628906 0
vertex -8.172207832336426 -33.12423324584961 0
vertex -8.172207832336426 -33.12423324584961 1.7000000476837158
endloop
endfacet
facet normal 0 0 -1
outer loop
vertex -8 -33.9899787902832 1.7000000476837158
vertex -8.172207832336426 -33.95572280883789 1.7000000476837158
vertex -8 -33.0899772644043 1.7000000476837158
endloop
endfacet
facet normal 0 0 -1
outer loop
vertex -8 -33.0899772644043 1.7000000476837158
vertex -8.172207832336426 -33.95572280883789 1.7000000476837158
vertex -8.172207832336426 -33.12423324584961 1.7000000476837158
endloop
endfacet
facet normal 0 0 -1
outer loop
vertex -7.827792644500732 -33.12423324584961 1.7000000476837158
vertex -8 -33.9899787902832 1.7000000476837158
vertex -8 -33.0899772644043 1.7000000476837158
endloop
endfacet
facet normal 0 0 -1
outer loop
vertex -7.827792644500732 -33.95572280883789 1.7000000476837158
vertex -7.827792644500732 -33.12423324584961 1.7000000476837158
vertex -7.681801795959473 -33.221778869628906 1.7000000476837158
endloop
endfacet
facet normal 0 0 -1
outer loop
vertex -7.681801795959473 -33.858177185058594 1.7000000476837158
vertex -7.827792644500732 -33.95572280883789 1.7000000476837158
vertex -7.681801795959473 -33.221778869628906 1.7000000476837158
endloop
endfacet
facet normal 0 0 -1
outer loop
vertex -7.584254264831543 -33.71218490600586 1.7000000476837158
vertex -7.681801795959473 -33.858177185058594 1.7000000476837158
vertex -7.584254264831543 -33.36777114868164 1.7000000476837158
endloop
endfacet
facet normal -0.19510023104767313 0.9807833093222704 0
outer loop
vertex -7.827792644500732 -33.95572280883789 1.7000000476837158
vertex -7.827792644500732 -33.95572280883789 0
vertex -8 -33.9899787902832 1.7000000476837158
endloop
endfacet
facet normal 0.19509971138541468 0.9807834126948354 0
outer loop
vertex -8 -33.9899787902832 1.7000000476837158
vertex -8 -33.9899787902832 0
vertex -8.172207832336426 -33.95572280883789 1.7000000476837158
endloop
endfacet
facet normal 0.5555622638012966 0.8314749371087372 0
outer loop
vertex -8.172207832336426 -33.95572280883789 1.7000000476837158
vertex -8.172207832336426 -33.95572280883789 0
vertex -8.318198204040527 -33.858177185058594 1.7000000476837158
endloop
endfacet
facet normal 0.8314732719568675 0.5555647559208026 0
outer loop
vertex -8.318198204040527 -33.858177185058594 1.7000000476837158
vertex -8.318198204040527 -33.858177185058594 0
vertex -8.415745735168457 -33.71218490600586 1.7000000476837158
endloop
endfacet
facet normal -0.8314732719568675 -0.5555647559208026 0
outer loop
vertex -7.681801795959473 -33.221778869628906 0
vertex -7.584254264831543 -33.36777114868164 0
vertex -7.584254264831543 -33.36777114868164 1.7000000476837158
endloop
endfacet
facet normal -0.5555610092853684 -0.8314757753307204 0
outer loop
vertex -7.827792644500732 -33.12423324584961 0
vertex -7.681801795959473 -33.221778869628906 0
vertex -7.681801795959473 -33.221778869628906 1.7000000476837158
endloop
endfacet
facet normal -0.9807852845629332 -0.19509030110388895 0
outer loop
vertex -7.584254264831543 -33.36777114868164 0
vertex -7.550000190734863 -33.53997802734375 0
vertex -7.550000190734863 -33.53997802734375 1.7000000476837158
endloop
endfacet
facet normal -0.9807852845629332 0.19509030110388895 0
outer loop
vertex -7.550000190734863 -33.53997802734375 0
vertex -7.584254264831543 -33.71218490600586 0
vertex -7.584254264831543 -33.71218490600586 1.7000000476837158
endloop
endfacet
facet normal -0.8314732719568675 0.5555647559208026 0
outer loop
vertex -7.584254264831543 -33.71218490600586 0
vertex -7.681801795959473 -33.858177185058594 0
vertex -7.681801795959473 -33.858177185058594 1.7000000476837158
endloop
endfacet
facet normal -0.19510023104767313 -0.9807833093222704 0
outer loop
vertex -8 -33.0899772644043 0
vertex -7.827792644500732 -33.12423324584961 0
vertex -7.827792644500732 -33.12423324584961 1.7000000476837158
endloop
endfacet
facet normal 0.19509971138541468 -0.9807834126948354 0
outer loop
vertex -8.172207832336426 -33.12423324584961 0
vertex -8 -33.0899772644043 0
vertex -8 -33.0899772644043 1.7000000476837158
endloop
endfacet
facet normal 0 0 -1
outer loop
vertex -7.550000190734863 -33.53997802734375 1.7000000476837158
vertex -7.584254264831543 -33.71218490600586 1.7000000476837158
vertex -7.584254264831543 -33.36777114868164 1.7000000476837158
endloop
endfacet
facet normal 0 0 -1
outer loop
vertex -7.681801795959473 -33.221778869628906 1.7000000476837158
vertex -7.584254264831543 -33.36777114868164 1.7000000476837158
vertex -7.681801795959473 -33.858177185058594 1.7000000476837158
endloop
endfacet
facet normal 0 0 -1
outer loop
vertex -8.172207832336426 -33.95572280883789 1.7000000476837158
vertex -8.318198204040527 -33.858177185058594 1.7000000476837158
vertex -8.172207832336426 -33.12423324584961 1.7000000476837158
endloop
endfacet
facet normal 0 0 -1
outer loop
vertex -8.318198204040527 -33.221778869628906 1.7000000476837158
vertex -8.415745735168457 -33.71218490600586 1.7000000476837158
vertex -8.415745735168457 -33.36777114868164 1.7000000476837158
endloop
endfacet
facet normal 0 0 -1
outer loop
vertex -8.318198204040527 -33.858177185058594 1.7000000476837158
vertex -8.415745735168457 -33.71218490600586 1.7000000476837158
vertex -8.318198204040527 -33.221778869628906 1.7000000476837158
endloop
endfacet
facet normal 0 0 -1
outer loop
vertex -8.415745735168457 -33.71218490600586 1.7000000476837158
vertex -8.449999809265137 -33.53997802734375 1.7000000476837158
vertex -8.415745735168457 -33.36777114868164 1.7000000476837158
endloop
endfacet
facet normal 0 0 -1
outer loop
vertex -7.827792644500732 -33.95572280883789 1.7000000476837158
vertex -8 -33.9899787902832 1.7000000476837158
vertex -7.827792644500732 -33.12423324584961 1.7000000476837158
endloop
endfacet
facet normal -0.8314732719568675 -0.5555647559208026 0
outer loop
vertex -7.681801795959473 -33.221778869628906 1.7000000476837158
vertex -7.681801795959473 -33.221778869628906 0
vertex -7.584254264831543 -33.36777114868164 1.7000000476837158
endloop
endfacet
facet normal -0.9807852845629332 -0.19509030110388895 0
outer loop
vertex -7.584254264831543 -33.36777114868164 1.7000000476837158
vertex -7.584254264831543 -33.36777114868164 0
vertex -7.550000190734863 -33.53997802734375 1.7000000476837158
endloop
endfacet
facet normal -0.9807852845629332 0.19509030110388895 0
outer loop
vertex -7.550000190734863 -33.53997802734375 1.7000000476837158
vertex -7.550000190734863 -33.53997802734375 0
vertex -7.584254264831543 -33.71218490600586 1.7000000476837158
endloop
endfacet
facet normal -0.8314732719568675 0.5555647559208026 0
outer loop
vertex -7.584254264831543 -33.71218490600586 1.7000000476837158
vertex -7.584254264831543 -33.71218490600586 0
vertex -7.681801795959473 -33.858177185058594 1.7000000476837158
endloop
endfacet
facet normal -0.5555610092853684 0.8314757753307204 0
outer loop
vertex -7.681801795959473 -33.858177185058594 1.7000000476837158
vertex -7.681801795959473 -33.858177185058594 0
vertex -7.827792644500732 -33.95572280883789 1.7000000476837158
endloop
endfacet
facet normal -0.5555610092853684 -0.8314757753307204 0
outer loop
vertex -7.827792644500732 -33.12423324584961 1.7000000476837158
vertex -7.827792644500732 -33.12423324584961 0
vertex -7.681801795959473 -33.221778869628906 1.7000000476837158
endloop
endfacet
facet normal -0.19510023104767313 -0.9807833093222704 0
outer loop
vertex -8 -33.0899772644043 1.7000000476837158
vertex -8 -33.0899772644043 0
vertex -7.827792644500732 -33.12423324584961 1.7000000476837158
endloop
endfacet
facet normal 0.19509971138541468 -0.9807834126948354 0
outer loop
vertex -8.172207832336426 -33.12423324584961 1.7000000476837158
vertex -8.172207832336426 -33.12423324584961 0
vertex -8 -33.0899772644043 1.7000000476837158
endloop
endfacet
facet normal 0.5555622638012966 -0.8314749371087372 0
outer loop
vertex -8.318198204040527 -33.221778869628906 1.7000000476837158
vertex -8.318198204040527 -33.221778869628906 0
vertex -8.172207832336426 -33.12423324584961 1.7000000476837158
endloop
endfacet
facet normal 0.8314732719568675 -0.5555647559208026 0
outer loop
vertex -8.415745735168457 -33.36777114868164 1.7000000476837158
vertex -8.415745735168457 -33.36777114868164 0
vertex -8.318198204040527 -33.221778869628906 1.7000000476837158
endloop
endfacet
facet normal -0.9807856980081253 -0.19508822256280442 0
outer loop
vertex 8.4157075881958 -29.557769775390625 1.7000000476837158
vertex 8.4157075881958 -29.557769775390625 0
vertex 8.44996166229248 -29.729978561401367 1.7000000476837158
endloop
endfacet
facet normal 0.555569773965375 0.8314699190325903 0
outer loop
vertex 7.827754497528076 -30.145723342895508 0
vertex 7.681764125823975 -30.048175811767578 0
vertex 7.681764125823975 -30.048175811767578 1.7000000476837158
endloop
endfacet
facet normal 0.19508978146454767 -0.9807853879254701 0
outer loop
vertex 7.827754497528076 -29.314231872558594 1.7000000476837158
vertex 7.827754497528076 -29.314231872558594 0
vertex 7.999961853027344 -29.279977798461914 1.7000000476837158
endloop
endfacet
facet normal -0.19508926182791986 -0.9807854912871812 0
outer loop
vertex 7.999961853027344 -29.279977798461914 1.7000000476837158
vertex 7.999961853027344 -29.279977798461914 0
vertex 8.17216968536377 -29.314231872558594 1.7000000476837158
endloop
endfacet
facet normal -0.9807852845629332 0.19509030110388895 0
outer loop
vertex 8.44996166229248 -29.729978561401367 1.7000000476837158
vertex 8.44996166229248 -29.729978561401367 0
vertex 8.4157075881958 -29.902185440063477 1.7000000476837158
endloop
endfacet
facet normal -0.8314699190325903 0.555569773965375 0
outer loop
vertex 8.4157075881958 -29.902185440063477 1.7000000476837158
vertex 8.4157075881958 -29.902185440063477 0
vertex 8.318160057067871 -30.048175811767578 1.7000000476837158
endloop
endfacet
facet normal -0.555569773965375 -0.8314699190325903 0
outer loop
vertex 8.17216968536377 -29.314231872558594 1.7000000476837158
vertex 8.17216968536377 -29.314231872558594 0
vertex 8.318160057067871 -29.411779403686523 1.7000000476837158
endloop
endfacet
facet normal -0.8314699190325903 -0.555569773965375 0
outer loop
vertex 8.318160057067871 -29.411779403686523 1.7000000476837158
vertex 8.318160057067871 -29.411779403686523 0
vertex 8.4157075881958 -29.557769775390625 1.7000000476837158
endloop
endfacet
facet normal 0 0 -1
outer loop
vertex 8.318160057067871 -30.048175811767578 1.7000000476837158
vertex 8.17216968536377 -30.145723342895508 1.7000000476837158
vertex 8.318160057067871 -29.411779403686523 1.7000000476837158
endloop
endfacet
facet normal 0 0 -1
outer loop
vertex 8.318160057067871 -29.411779403686523 1.7000000476837158
vertex 8.17216968536377 -30.145723342895508 1.7000000476837158
vertex 8.17216968536377 -29.314231872558594 1.7000000476837158
endloop
endfacet
facet normal 0 0 -1
outer loop
vertex 8.4157075881958 -29.902185440063477 1.7000000476837158
vertex 8.318160057067871 -30.048175811767578 1.7000000476837158
vertex 8.4157075881958 -29.557769775390625 1.7000000476837158
endloop
endfacet
facet normal 0 0 -1
outer loop
vertex 8.4157075881958 -29.557769775390625 1.7000000476837158
vertex 8.318160057067871 -30.048175811767578 1.7000000476837158
vertex 8.318160057067871 -29.411779403686523 1.7000000476837158
endloop
endfacet
facet normal 0 0 -1
outer loop
vertex 8.44996166229248 -29.729978561401367 1.7000000476837158
vertex 8.4157075881958 -29.902185440063477 1.7000000476837158
vertex 8.4157075881958 -29.557769775390625 1.7000000476837158
endloop
endfacet
facet normal -0.555569773965375 0.8314699190325903 0
outer loop
vertex 8.318160057067871 -30.048175811767578 1.7000000476837158
vertex 8.318160057067871 -30.048175811767578 0
vertex 8.17216968536377 -30.145723342895508 1.7000000476837158
endloop
endfacet
facet normal -0.19508926182791986 0.9807854912871812 0
outer loop
vertex 8.17216968536377 -30.145723342895508 1.7000000476837158
vertex 8.17216968536377 -30.145723342895508 0
vertex 7.999961853027344 -30.179977416992188 1.7000000476837158
endloop
endfacet
facet normal 0.19508978146454767 0.9807853879254701 0
outer loop
vertex 7.999961853027344 -30.179977416992188 1.7000000476837158
vertex 7.999961853027344 -30.179977416992188 0
vertex 7.827754497528076 -30.145723342895508 1.7000000476837158
endloop
endfacet
facet normal 0.555569773965375 0.8314699190325903 0
outer loop
vertex 7.827754497528076 -30.145723342895508 1.7000000476837158
vertex 7.827754497528076 -30.145723342895508 0
vertex 7.681764125823975 -30.048175811767578 1.7000000476837158
endloop
endfacet
facet normal 0.9807852845629332 0.19509030110388895 0
outer loop
vertex 7.584216117858887 -29.902185440063477 0
vertex 7.549962043762207 -29.729978561401367 0
vertex 7.549962043762207 -29.729978561401367 1.7000000476837158
endloop
endfacet
facet normal 0.9807856980081253 -0.19508822256280442 0
outer loop
vertex 7.549962043762207 -29.729978561401367 0
vertex 7.584216117858887 -29.557769775390625 0
vertex 7.584216117858887 -29.557769775390625 1.7000000476837158
endloop
endfacet
facet normal 0.8314686645124185 -0.5555716514851484 0
outer loop
vertex 7.584216117858887 -29.557769775390625 0
vertex 7.681764125823975 -29.411779403686523 0
vertex 7.681764125823975 -29.411779403686523 1.7000000476837158
endloop
endfacet
facet normal 0 0 -1
outer loop
vertex 7.681764125823975 -30.048175811767578 1.7000000476837158
vertex 7.584216117858887 -29.902185440063477 1.7000000476837158
vertex 7.681764125823975 -29.411779403686523 1.7000000476837158
endloop
endfacet
facet normal 0 0 -1
outer loop
vertex 7.681764125823975 -29.411779403686523 1.7000000476837158
vertex 7.584216117858887 -29.902185440063477 1.7000000476837158
vertex 7.584216117858887 -29.557769775390625 1.7000000476837158
endloop
endfacet
facet normal 0.555569773965375 -0.8314699190325903 0
outer loop
vertex 7.681764125823975 -29.411779403686523 1.7000000476837158
vertex 7.681764125823975 -29.411779403686523 0
vertex 7.827754497528076 -29.314231872558594 1.7000000476837158
endloop
endfacet
facet normal 0.19508978146454767 0.9807853879254701 0
outer loop
vertex 7.999961853027344 -30.179977416992188 0
vertex 7.827754497528076 -30.145723342895508 0
vertex 7.827754497528076 -30.145723342895508 1.7000000476837158
endloop
endfacet
facet normal 0.8314686645124185 -0.5555716514851484 0
outer loop
vertex 7.584216117858887 -29.557769775390625 1.7000000476837158
vertex 7.584216117858887 -29.557769775390625 0
vertex 7.681764125823975 -29.411779403686523 1.7000000476837158
endloop
endfacet
facet normal 0.9807856980081253 -0.19508822256280442 0
outer loop
vertex 7.549962043762207 -29.729978561401367 1.7000000476837158
vertex 7.549962043762207 -29.729978561401367 0
vertex 7.584216117858887 -29.557769775390625 1.7000000476837158
endloop
endfacet
facet normal 0.9807852845629332 0.19509030110388895 0
outer loop
vertex 7.584216117858887 -29.902185440063477 1.7000000476837158
vertex 7.584216117858887 -29.902185440063477 0
vertex 7.549962043762207 -29.729978561401367 1.7000000476837158
endloop
endfacet
facet normal 0.8314686645124185 0.5555716514851484 0
outer loop
vertex 7.681764125823975 -30.048175811767578 1.7000000476837158
vertex 7.681764125823975 -30.048175811767578 0
vertex 7.584216117858887 -29.902185440063477 1.7000000476837158
endloop
endfacet
facet normal -0.8314699190325903 -0.555569773965375 0
outer loop
vertex 8.318160057067871 -29.411779403686523 0
vertex 8.4157075881958 -29.557769775390625 0
vertex 8.4157075881958 -29.557769775390625 1.7000000476837158
endloop
endfacet
facet normal -0.555569773965375 -0.8314699190325903 0
outer loop
vertex 8.17216968536377 -29.314231872558594 0
vertex 8.318160057067871 -29.411779403686523 0
vertex 8.318160057067871 -29.411779403686523 1.7000000476837158
endloop
endfacet
facet normal 0 0 -1
outer loop
vertex 7.827754497528076 -30.145723342895508 1.7000000476837158
vertex 7.681764125823975 -30.048175811767578 1.7000000476837158
vertex 7.827754497528076 -29.314231872558594 1.7000000476837158
endloop
endfacet
facet normal 0 0 -1
outer loop
vertex 7.827754497528076 -29.314231872558594 1.7000000476837158
vertex 7.999961853027344 -29.279977798461914 1.7000000476837158
vertex 7.827754497528076 -30.145723342895508 1.7000000476837158
endloop
endfacet
facet normal 0 0 -1
outer loop
vertex 7.999961853027344 -30.179977416992188 1.7000000476837158
vertex 7.827754497528076 -30.145723342895508 1.7000000476837158
vertex 7.999961853027344 -29.279977798461914 1.7000000476837158
endloop
endfacet
facet normal 0 0 -1
outer loop
vertex 8.17216968536377 -30.145723342895508 1.7000000476837158
vertex 7.999961853027344 -30.179977416992188 1.7000000476837158
vertex 8.17216968536377 -29.314231872558594 1.7000000476837158
endloop
endfacet
facet normal -0.19508926182791986 -0.9807854912871812 0
outer loop
vertex 7.999961853027344 -29.279977798461914 0
vertex 8.17216968536377 -29.314231872558594 0
vertex 8.17216968536377 -29.314231872558594 1.7000000476837158
endloop
endfacet
facet normal 0.19508978146454767 -0.9807853879254701 0
outer loop
vertex 7.827754497528076 -29.314231872558594 0
vertex 7.999961853027344 -29.279977798461914 0
vertex 7.999961853027344 -29.279977798461914 1.7000000476837158
endloop
endfacet
facet normal 0.555569773965375 -0.8314699190325903 0
outer loop
vertex 7.681764125823975 -29.411779403686523 0
vertex 7.827754497528076 -29.314231872558594 0
vertex 7.827754497528076 -29.314231872558594 1.7000000476837158
endloop
endfacet
facet normal -0.9807856980081253 -0.19508822256280442 0
outer loop
vertex 8.4157075881958 -29.557769775390625 0
vertex 8.44996166229248 -29.729978561401367 0
vertex 8.44996166229248 -29.729978561401367 1.7000000476837158
endloop
endfacet
facet normal -0.9807852845629332 0.19509030110388895 0
outer loop
vertex 8.44996166229248 -29.729978561401367 0
vertex 8.4157075881958 -29.902185440063477 0
vertex 8.4157075881958 -29.902185440063477 1.7000000476837158
endloop
endfacet
facet normal -0.8314699190325903 0.555569773965375 0
outer loop
vertex 8.4157075881958 -29.902185440063477 0
vertex 8.318160057067871 -30.048175811767578 0
vertex 8.318160057067871 -30.048175811767578 1.7000000476837158
endloop
endfacet
facet normal -0.555569773965375 0.8314699190325903 0
outer loop
vertex 8.318160057067871 -30.048175811767578 0
vertex 8.17216968536377 -30.145723342895508 0
vertex 8.17216968536377 -30.145723342895508 1.7000000476837158
endloop
endfacet
facet normal -0.19508926182791986 0.9807854912871812 0
outer loop
vertex 8.17216968536377 -30.145723342895508 0
vertex 7.999961853027344 -30.179977416992188 0
vertex 7.999961853027344 -30.179977416992188 1.7000000476837158
endloop
endfacet
facet normal 0 0 -1
outer loop
vertex 8.17216968536377 -29.314231872558594 1.7000000476837158
vertex 7.999961853027344 -30.179977416992188 1.7000000476837158
vertex 7.999961853027344 -29.279977798461914 1.7000000476837158
endloop
endfacet
facet normal 0 0 -1
outer loop
vertex 7.681764125823975 -29.411779403686523 1.7000000476837158
vertex 7.827754497528076 -29.314231872558594 1.7000000476837158
vertex 7.681764125823975 -30.048175811767578 1.7000000476837158
endloop
endfacet
facet normal 0 0 -1
outer loop
vertex 7.584216117858887 -29.902185440063477 1.7000000476837158
vertex 7.549962043762207 -29.729978561401367 1.7000000476837158
vertex 7.584216117858887 -29.557769775390625 1.7000000476837158
endloop
endfacet
facet normal 0.8314686645124185 0.5555716514851484 0
outer loop
vertex 7.681764125823975 -30.048175811767578 0
vertex 7.584216117858887 -29.902185440063477 0
vertex 7.584216117858887 -29.902185440063477 1.7000000476837158
endloop
endfacet
facet normal -0.8314699190325903 0.555569773965375 0
outer loop
vertex 8.4157075881958 -31.17218589782715 1.7000000476837158
vertex 8.4157075881958 -31.17218589782715 0
vertex 8.318160057067871 -31.31817626953125 1.7000000476837158
endloop
endfacet
facet normal 0 0 -1
outer loop
vertex 7.827754497528076 -31.41572380065918 1.7000000476837158
vertex 7.681764125823975 -31.31817626953125 1.7000000476837158
vertex 7.827754497528076 -30.584232330322266 1.7000000476837158
endloop
endfacet
facet normal 0.9807856980081253 -0.19508822256280442 0
outer loop
vertex 7.549962043762207 -30.99997901916504 0
vertex 7.584216117858887 -30.827770233154297 0
vertex 7.584216117858887 -30.827770233154297 1.7000000476837158
endloop
endfacet
facet normal 0.555569773965375 -0.8314699190325903 0
outer loop
vertex 7.681764125823975 -30.681779861450195 0
vertex 7.827754497528076 -30.584232330322266 0
vertex 7.827754497528076 -30.584232330322266 1.7000000476837158
endloop
endfacet
facet normal -0.9807856980081253 -0.19508822256280442 0
outer loop
vertex 8.4157075881958 -30.827770233154297 0
vertex 8.44996166229248 -30.99997901916504 0
vertex 8.44996166229248 -30.99997901916504 1.7000000476837158
endloop
endfacet
facet normal -0.9807852845629332 0.19509030110388895 0
outer loop
vertex 8.44996166229248 -30.99997901916504 0
vertex 8.4157075881958 -31.17218589782715 0
vertex 8.4157075881958 -31.17218589782715 1.7000000476837158
endloop
endfacet
facet normal -0.8314699190325903 0.555569773965375 0
outer loop
vertex 8.4157075881958 -31.17218589782715 0
vertex 8.318160057067871 -31.31817626953125 0
vertex 8.318160057067871 -31.31817626953125 1.7000000476837158
endloop
endfacet
facet normal -0.555569773965375 0.8314699190325903 0
outer loop
vertex 8.318160057067871 -31.31817626953125 0
vertex 8.17216968536377 -31.41572380065918 0
vertex 8.17216968536377 -31.41572380065918 1.7000000476837158
endloop
endfacet
facet normal -0.19508926182791986 0.9807854912871812 0
outer loop
vertex 8.17216968536377 -31.41572380065918 0
vertex 7.999961853027344 -31.44997787475586 0
vertex 7.999961853027344 -31.44997787475586 1.7000000476837158
endloop
endfacet
facet normal 0.19508978146454767 0.9807853879254701 0
outer loop
vertex 7.999961853027344 -31.44997787475586 0
vertex 7.827754497528076 -31.41572380065918 0
vertex 7.827754497528076 -31.41572380065918 1.7000000476837158
endloop
endfacet
facet normal -0.8314699190325903 -0.555569773965375 0
outer loop
vertex 8.318160057067871 -30.681779861450195 0
vertex 8.4157075881958 -30.827770233154297 0
vertex 8.4157075881958 -30.827770233154297 1.7000000476837158
endloop
endfacet
facet normal 0.8314686645124185 -0.5555716514851484 0
outer loop
vertex 7.584216117858887 -30.827770233154297 0
vertex 7.681764125823975 -30.681779861450195 0
vertex 7.681764125823975 -30.681779861450195 1.7000000476837158
endloop
endfacet
facet normal 0.9807852845629332 0.19509030110388895 0
outer loop
vertex 7.584216117858887 -31.17218589782715 0
vertex 7.549962043762207 -30.99997901916504 0
vertex 7.549962043762207 -30.99997901916504 1.7000000476837158
endloop
endfacet
facet normal 0.8314686645124185 0.5555716514851484 0
outer loop
vertex 7.681764125823975 -31.31817626953125 0
vertex 7.584216117858887 -31.17218589782715 0
vertex 7.584216117858887 -31.17218589782715 1.7000000476837158
endloop
endfacet
facet normal 0.555569773965375 0.8314699190325903 0
outer loop
vertex 7.827754497528076 -31.41572380065918 0
vertex 7.681764125823975 -31.31817626953125 0
vertex 7.681764125823975 -31.31817626953125 1.7000000476837158
endloop
endfacet
facet normal 0.9807852845629332 0.19509030110388895 0
outer loop
vertex 7.584216117858887 -31.17218589782715 1.7000000476837158
vertex 7.584216117858887 -31.17218589782715 0
vertex 7.549962043762207 -30.99997901916504 1.7000000476837158
endloop
endfacet
facet normal 0.8314686645124185 0.5555716514851484 0
outer loop
vertex 7.681764125823975 -31.31817626953125 1.7000000476837158
vertex 7.681764125823975 -31.31817626953125 0
vertex 7.584216117858887 -31.17218589782715 1.7000000476837158
endloop
endfacet
facet normal 0.9807856980081253 -0.19508822256280442 0
outer loop
vertex 7.549962043762207 -30.99997901916504 1.7000000476837158
vertex 7.549962043762207 -30.99997901916504 0
vertex 7.584216117858887 -30.827770233154297 1.7000000476837158
endloop
endfacet
facet normal 0.8314686645124185 -0.5555716514851484 0
outer loop
vertex 7.584216117858887 -30.827770233154297 1.7000000476837158
vertex 7.584216117858887 -30.827770233154297 0
vertex 7.681764125823975 -30.681779861450195 1.7000000476837158
endloop
endfacet
facet normal 0.555569773965375 -0.8314699190325903 0
outer loop
vertex 7.681764125823975 -30.681779861450195 1.7000000476837158
vertex 7.681764125823975 -30.681779861450195 0
vertex 7.827754497528076 -30.584232330322266 1.7000000476837158
endloop
endfacet
facet normal 0.555569773965375 0.8314699190325903 0
outer loop
vertex 7.827754497528076 -31.41572380065918 1.7000000476837158
vertex 7.827754497528076 -31.41572380065918 0
vertex 7.681764125823975 -31.31817626953125 1.7000000476837158
endloop
endfacet
facet normal -0.8314699190325903 -0.555569773965375 0
outer loop
vertex 8.318160057067871 -30.681779861450195 1.7000000476837158
vertex 8.318160057067871 -30.681779861450195 0
vertex 8.4157075881958 -30.827770233154297 1.7000000476837158
endloop
endfacet
facet normal -0.9807856980081253 -0.19508822256280442 0
outer loop
vertex 8.4157075881958 -30.827770233154297 1.7000000476837158
vertex 8.4157075881958 -30.827770233154297 0
vertex 8.44996166229248 -30.99997901916504 1.7000000476837158
endloop
endfacet
facet normal -0.555569773965375 -0.8314699190325903 0
outer loop
vertex 8.17216968536377 -30.584232330322266 1.7000000476837158
vertex 8.17216968536377 -30.584232330322266 0
vertex 8.318160057067871 -30.681779861450195 1.7000000476837158
endloop
endfacet
facet normal -0.19508926182791986 -0.9807854912871812 0
outer loop
vertex 7.999961853027344 -30.549978256225586 1.7000000476837158
vertex 7.999961853027344 -30.549978256225586 0
vertex 8.17216968536377 -30.584232330322266 1.7000000476837158
endloop
endfacet
facet normal 0.19508978146454767 -0.9807853879254701 0
outer loop
vertex 7.827754497528076 -30.584232330322266 1.7000000476837158
vertex 7.827754497528076 -30.584232330322266 0
vertex 7.999961853027344 -30.549978256225586 1.7000000476837158
endloop
endfacet
facet normal -0.9807852845629332 0.19509030110388895 0
outer loop
vertex 8.44996166229248 -30.99997901916504 1.7000000476837158
vertex 8.44996166229248 -30.99997901916504 0
vertex 8.4157075881958 -31.17218589782715 1.7000000476837158
endloop
endfacet
facet normal 0.19508978146454767 0.9807853879254701 0
outer loop
vertex 7.999961853027344 -31.44997787475586 1.7000000476837158
vertex 7.999961853027344 -31.44997787475586 0
vertex 7.827754497528076 -31.41572380065918 1.7000000476837158
endloop
endfacet
facet normal -0.555569773965375 -0.8314699190325903 0
outer loop
vertex 8.17216968536377 -30.584232330322266 0
vertex 8.318160057067871 -30.681779861450195 0
vertex 8.318160057067871 -30.681779861450195 1.7000000476837158
endloop
endfacet
facet normal 0.19508978146454767 -0.9807853879254701 0
outer loop
vertex 7.827754497528076 -30.584232330322266 0
vertex 7.999961853027344 -30.549978256225586 0
vertex 7.999961853027344 -30.549978256225586 1.7000000476837158
endloop
endfacet
facet normal -0.19508926182791986 0.9807854912871812 0
outer loop
vertex 8.17216968536377 -31.41572380065918 1.7000000476837158
vertex 8.17216968536377 -31.41572380065918 0
vertex 7.999961853027344 -31.44997787475586 1.7000000476837158
endloop
endfacet
facet normal 0 0 -1
outer loop
vertex 7.584216117858887 -31.17218589782715 1.7000000476837158
vertex 7.549962043762207 -30.99997901916504 1.7000000476837158
vertex 7.584216117858887 -30.827770233154297 1.7000000476837158
endloop
endfacet
facet normal 0 0 -1
outer loop
vertex 7.681764125823975 -31.31817626953125 1.7000000476837158
vertex 7.584216117858887 -31.17218589782715 1.7000000476837158
vertex 7.681764125823975 -30.681779861450195 1.7000000476837158
endloop
endfacet
facet normal 0 0 -1
outer loop
vertex 7.681764125823975 -30.681779861450195 1.7000000476837158
vertex 7.584216117858887 -31.17218589782715 1.7000000476837158
vertex 7.584216117858887 -30.827770233154297 1.7000000476837158
endloop
endfacet
facet normal -0.555569773965375 0.8314699190325903 0
outer loop
vertex 8.318160057067871 -31.31817626953125 1.7000000476837158
vertex 8.318160057067871 -31.31817626953125 0
vertex 8.17216968536377 -31.41572380065918 1.7000000476837158
endloop
endfacet
facet normal 0 0 -1
outer loop
vertex 8.17216968536377 -30.584232330322266 1.7000000476837158
vertex 8.318160057067871 -30.681779861450195 1.7000000476837158
vertex 8.17216968536377 -31.41572380065918 1.7000000476837158
endloop
endfacet
facet normal 0 0 -1
outer loop
vertex 7.681764125823975 -30.681779861450195 1.7000000476837158
vertex 7.827754497528076 -30.584232330322266 1.7000000476837158
vertex 7.681764125823975 -31.31817626953125 1.7000000476837158
endloop
endfacet
facet normal 0 0 -1
outer loop
vertex 8.17216968536377 -30.584232330322266 1.7000000476837158
vertex 7.999961853027344 -31.44997787475586 1.7000000476837158
vertex 7.999961853027344 -30.549978256225586 1.7000000476837158
endloop
endfacet
facet normal 0 0 -1
outer loop
vertex 7.999961853027344 -30.549978256225586 1.7000000476837158
vertex 7.827754497528076 -31.41572380065918 1.7000000476837158
vertex 7.827754497528076 -30.584232330322266 1.7000000476837158
endloop
endfacet
facet normal 0 0 -1
outer loop
vertex 8.44996166229248 -30.99997901916504 1.7000000476837158
vertex 8.4157075881958 -31.17218589782715 1.7000000476837158
vertex 8.4157075881958 -30.827770233154297 1.7000000476837158
endloop
endfacet
facet normal 0 0 -1
outer loop
vertex 8.318160057067871 -30.681779861450195 1.7000000476837158
vertex 8.4157075881958 -30.827770233154297 1.7000000476837158
vertex 8.318160057067871 -31.31817626953125 1.7000000476837158
endloop
endfacet
facet normal 0 0 -1
outer loop
vertex 8.4157075881958 -31.17218589782715 1.7000000476837158
vertex 8.318160057067871 -31.31817626953125 1.7000000476837158
vertex 8.4157075881958 -30.827770233154297 1.7000000476837158
endloop
endfacet
facet normal 0 0 -1
outer loop
vertex 8.318160057067871 -31.31817626953125 1.7000000476837158
vertex 8.17216968536377 -31.41572380065918 1.7000000476837158
vertex 8.318160057067871 -30.681779861450195 1.7000000476837158
endloop
endfacet
facet normal 0 0 -1
outer loop
vertex 8.17216968536377 -31.41572380065918 1.7000000476837158
vertex 7.999961853027344 -31.44997787475586 1.7000000476837158
vertex 8.17216968536377 -30.584232330322266 1.7000000476837158
endloop
endfacet
facet normal 0 0 -1
outer loop
vertex 7.999961853027344 -31.44997787475586 1.7000000476837158
vertex 7.827754497528076 -31.41572380065918 1.7000000476837158
vertex 7.999961853027344 -30.549978256225586 1.7000000476837158
endloop
endfacet
facet normal -0.19508926182791986 -0.9807854912871812 0
outer loop
vertex 7.999961853027344 -30.549978256225586 0
vertex 8.17216968536377 -30.584232330322266 0
vertex 8.17216968536377 -30.584232330322266 1.7000000476837158
endloop
endfacet
facet normal 0 0 -1
outer loop
vertex 8.318160057067871 -32.58817672729492 1.7000000476837158
vertex 8.17216968536377 -32.68572235107422 1.7000000476837158
vertex 8.318160057067871 -31.951780319213867 1.7000000476837158
endloop
endfacet
facet normal 0 0 -1
outer loop
vertex 8.44996166229248 -32.26997756958008 1.7000000476837158
vertex 8.4157075881958 -32.44218444824219 1.7000000476837158
vertex 8.4157075881958 -32.09777069091797 1.7000000476837158
endloop
endfacet
facet normal -0.8314699190325903 -0.555569773965375 0
outer loop
vertex 8.318160057067871 -31.951780319213867 1.7000000476837158
vertex 8.318160057067871 -31.951780319213867 0
vertex 8.4157075881958 -32.09777069091797 1.7000000476837158
endloop
endfacet
facet normal -0.555569773965375 -0.8314699190325903 0
outer loop
vertex 8.17216968536377 -31.854232788085938 0
vertex 8.318160057067871 -31.951780319213867 0
vertex 8.318160057067871 -31.951780319213867 1.7000000476837158
endloop
endfacet
facet normal -0.8314699190325903 -0.555569773965375 0
outer loop
vertex 8.318160057067871 -31.951780319213867 0
vertex 8.4157075881958 -32.09777069091797 0
vertex 8.4157075881958 -32.09777069091797 1.7000000476837158
endloop
endfacet
facet normal -0.9807852845629332 -0.19509030110388895 0
outer loop
vertex 8.4157075881958 -32.09777069091797 0
vertex 8.44996166229248 -32.26997756958008 0
vertex 8.44996166229248 -32.26997756958008 1.7000000476837158
endloop
endfacet
facet normal -0.19508926182791986 -0.9807854912871812 0
outer loop
vertex 7.999961853027344 -31.819978713989258 0
vertex 8.17216968536377 -31.854232788085938 0
vertex 8.17216968536377 -31.854232788085938 1.7000000476837158
endloop
endfacet
facet normal 0.19508978146454767 -0.9807853879254701 0
outer loop
vertex 7.827754497528076 -31.854232788085938 0
vertex 7.999961853027344 -31.819978713989258 0
vertex 7.999961853027344 -31.819978713989258 1.7000000476837158
endloop
endfacet
facet normal 0.555569773965375 -0.8314699190325903 0
outer loop
vertex 7.681764125823975 -31.951780319213867 0
vertex 7.827754497528076 -31.854232788085938 0
vertex 7.827754497528076 -31.854232788085938 1.7000000476837158
endloop
endfacet
facet normal -0.9807852845629332 0.19509030110388895 0
outer loop
vertex 8.44996166229248 -32.26997756958008 0
vertex 8.4157075881958 -32.44218444824219 0
vertex 8.4157075881958 -32.44218444824219 1.7000000476837158
endloop
endfacet
facet normal -0.8314732719568675 0.5555647559208026 0
outer loop
vertex 8.4157075881958 -32.44218444824219 0
vertex 8.318160057067871 -32.58817672729492 0
vertex 8.318160057067871 -32.58817672729492 1.7000000476837158
endloop
endfacet
facet normal -0.5555622638012966 0.8314749371087372 0
outer loop
vertex 8.318160057067871 -32.58817672729492 0
vertex 8.17216968536377 -32.68572235107422 0
vertex 8.17216968536377 -32.68572235107422 1.7000000476837158
endloop
endfacet
facet normal -0.19509971138541468 0.9807834126948354 0
outer loop
vertex 8.17216968536377 -32.68572235107422 0
vertex 7.999961853027344 -32.71997833251953 0
vertex 7.999961853027344 -32.71997833251953 1.7000000476837158
endloop
endfacet
facet normal 0 0 -1
outer loop
vertex 7.681764125823975 -32.58817672729492 1.7000000476837158
vertex 7.584216117858887 -32.44218444824219 1.7000000476837158
vertex 7.681764125823975 -31.951780319213867 1.7000000476837158
endloop
endfacet
facet normal 0 0 -1
outer loop
vertex 7.584216117858887 -32.44218444824219 1.7000000476837158
vertex 7.549962043762207 -32.26997756958008 1.7000000476837158
vertex 7.584216117858887 -32.09777069091797 1.7000000476837158
endloop
endfacet
facet normal 0.8314720174542991 0.5555666334387602 0
outer loop
vertex 7.681764125823975 -32.58817672729492 1.7000000476837158
vertex 7.681764125823975 -32.58817672729492 0
vertex 7.584216117858887 -32.44218444824219 1.7000000476837158
endloop
endfacet
facet normal 0 0 -1
outer loop
vertex 7.681764125823975 -31.951780319213867 1.7000000476837158
vertex 7.584216117858887 -32.44218444824219 1.7000000476837158
vertex 7.584216117858887 -32.09777069091797 1.7000000476837158
endloop
endfacet
facet normal 0.8314686645124185 -0.5555716514851484 0
outer loop
vertex 7.584216117858887 -32.09777069091797 0
vertex 7.681764125823975 -31.951780319213867 0
vertex 7.681764125823975 -31.951780319213867 1.7000000476837158
endloop
endfacet
facet normal 0.9807852845629332 -0.19509030110388895 0
outer loop
vertex 7.549962043762207 -32.26997756958008 0
vertex 7.584216117858887 -32.09777069091797 0
vertex 7.584216117858887 -32.09777069091797 1.7000000476837158
endloop
endfacet
facet normal 0.9807852845629332 0.19509030110388895 0
outer loop
vertex 7.584216117858887 -32.44218444824219 0
vertex 7.549962043762207 -32.26997756958008 0
vertex 7.549962043762207 -32.26997756958008 1.7000000476837158
endloop
endfacet
facet normal 0.5555622638012966 0.8314749371087372 0
outer loop
vertex 7.827754497528076 -32.68572235107422 0
vertex 7.681764125823975 -32.58817672729492 0
vertex 7.681764125823975 -32.58817672729492 1.7000000476837158
endloop
endfacet
facet normal 0.8314720174542991 0.5555666334387602 0
outer loop
vertex 7.681764125823975 -32.58817672729492 0
vertex 7.584216117858887 -32.44218444824219 0
vertex 7.584216117858887 -32.44218444824219 1.7000000476837158
endloop
endfacet
facet normal -0.555569773965375 -0.8314699190325903 0
outer loop
vertex 8.17216968536377 -31.854232788085938 1.7000000476837158
vertex 8.17216968536377 -31.854232788085938 0
vertex 8.318160057067871 -31.951780319213867 1.7000000476837158
endloop
endfacet
facet normal 0 0 -1
outer loop
vertex 8.318160057067871 -31.951780319213867 1.7000000476837158
vertex 8.4157075881958 -32.09777069091797 1.7000000476837158
vertex 8.318160057067871 -32.58817672729492 1.7000000476837158
endloop
endfacet
facet normal -0.9807852845629332 -0.19509030110388895 0
outer loop
vertex 8.4157075881958 -32.09777069091797 1.7000000476837158
vertex 8.4157075881958 -32.09777069091797 0
vertex 8.44996166229248 -32.26997756958008 1.7000000476837158
endloop
endfacet
facet normal -0.19508926182791986 -0.9807854912871812 0
outer loop
vertex 7.999961853027344 -31.819978713989258 1.7000000476837158
vertex 7.999961853027344 -31.819978713989258 0
vertex 8.17216968536377 -31.854232788085938 1.7000000476837158
endloop
endfacet
facet normal 0.19510023104767313 0.9807833093222704 0
outer loop
vertex 7.999961853027344 -32.71997833251953 0
vertex 7.827754497528076 -32.68572235107422 0
vertex 7.827754497528076 -32.68572235107422 1.7000000476837158
endloop
endfacet
facet normal 0.19508978146454767 -0.9807853879254701 0
outer loop
vertex 7.827754497528076 -31.854232788085938 1.7000000476837158
vertex 7.827754497528076 -31.854232788085938 0
vertex 7.999961853027344 -31.819978713989258 1.7000000476837158
endloop
endfacet
facet normal -0.9807852845629332 0.19509030110388895 0
outer loop
vertex 8.44996166229248 -32.26997756958008 1.7000000476837158
vertex 8.44996166229248 -32.26997756958008 0
vertex 8.4157075881958 -32.44218444824219 1.7000000476837158
endloop
endfacet
facet normal -0.8314732719568675 0.5555647559208026 0
outer loop
vertex 8.4157075881958 -32.44218444824219 1.7000000476837158
vertex 8.4157075881958 -32.44218444824219 0
vertex 8.318160057067871 -32.58817672729492 1.7000000476837158
endloop
endfacet
facet normal -0.5555622638012966 0.8314749371087372 0
outer loop
vertex 8.318160057067871 -32.58817672729492 1.7000000476837158
vertex 8.318160057067871 -32.58817672729492 0
vertex 8.17216968536377 -32.68572235107422 1.7000000476837158
endloop
endfacet
facet normal 0.5555622638012966 0.8314749371087372 0
outer loop
vertex 7.827754497528076 -32.68572235107422 1.7000000476837158
vertex 7.827754497528076 -32.68572235107422 0
vertex 7.681764125823975 -32.58817672729492 1.7000000476837158
endloop
endfacet
facet normal -0.19509971138541468 0.9807834126948354 0
outer loop
vertex 8.17216968536377 -32.68572235107422 1.7000000476837158
vertex 8.17216968536377 -32.68572235107422 0
vertex 7.999961853027344 -32.71997833251953 1.7000000476837158
endloop
endfacet
facet normal 0.9807852845629332 0.19509030110388895 0
outer loop
vertex 7.584216117858887 -32.44218444824219 1.7000000476837158
vertex 7.584216117858887 -32.44218444824219 0
vertex 7.549962043762207 -32.26997756958008 1.7000000476837158
endloop
endfacet
facet normal 0.9807852845629332 -0.19509030110388895 0
outer loop
vertex 7.549962043762207 -32.26997756958008 1.7000000476837158
vertex 7.549962043762207 -32.26997756958008 0
vertex 7.584216117858887 -32.09777069091797 1.7000000476837158
endloop
endfacet
facet normal 0.19510023104767313 0.9807833093222704 0
outer loop
vertex 7.999961853027344 -32.71997833251953 1.7000000476837158
vertex 7.999961853027344 -32.71997833251953 0
vertex 7.827754497528076 -32.68572235107422 1.7000000476837158
endloop
endfacet
facet normal 0 0 -1
outer loop
vertex 7.681764125823975 -31.951780319213867 1.7000000476837158
vertex 7.827754497528076 -31.854232788085938 1.7000000476837158
vertex 7.681764125823975 -32.58817672729492 1.7000000476837158
endloop
endfacet
facet normal 0.8314686645124185 -0.5555716514851484 0
outer loop
vertex 7.584216117858887 -32.09777069091797 1.7000000476837158
vertex 7.584216117858887 -32.09777069091797 0
vertex 7.681764125823975 -31.951780319213867 1.7000000476837158
endloop
endfacet
facet normal 0.555569773965375 -0.8314699190325903 0
outer loop
vertex 7.681764125823975 -31.951780319213867 1.7000000476837158
vertex 7.681764125823975 -31.951780319213867 0
vertex 7.827754497528076 -31.854232788085938 1.7000000476837158
endloop
endfacet
facet normal 0 0 -1
outer loop
vertex 7.827754497528076 -32.68572235107422 1.7000000476837158
vertex 7.681764125823975 -32.58817672729492 1.7000000476837158
vertex 7.827754497528076 -31.854232788085938 1.7000000476837158
endloop
endfacet
facet normal 0 0 -1
outer loop
vertex 7.999961853027344 -32.71997833251953 1.7000000476837158
vertex 7.827754497528076 -32.68572235107422 1.7000000476837158
vertex 7.999961853027344 -31.819978713989258 1.7000000476837158
endloop
endfacet
facet normal 0 0 -1
outer loop
vertex 8.17216968536377 -32.68572235107422 1.7000000476837158
vertex 7.999961853027344 -32.71997833251953 1.7000000476837158
vertex 8.17216968536377 -31.854232788085938 1.7000000476837158
endloop
endfacet
facet normal 0 0 -1
outer loop
vertex 8.318160057067871 -31.951780319213867 1.7000000476837158
vertex 8.17216968536377 -32.68572235107422 1.7000000476837158
vertex 8.17216968536377 -31.854232788085938 1.7000000476837158
endloop
endfacet
facet normal 0 0 -1
outer loop
vertex 8.17216968536377 -31.854232788085938 1.7000000476837158
vertex 7.999961853027344 -32.71997833251953 1.7000000476837158
vertex 7.999961853027344 -31.819978713989258 1.7000000476837158
endloop
endfacet
facet normal 0 0 -1
outer loop
vertex 7.999961853027344 -31.819978713989258 1.7000000476837158
vertex 7.827754497528076 -32.68572235107422 1.7000000476837158
vertex 7.827754497528076 -31.854232788085938 1.7000000476837158
endloop
endfacet
facet normal 0 0 -1
outer loop
vertex 8.4157075881958 -32.44218444824219 1.7000000476837158
vertex 8.318160057067871 -32.58817672729492 1.7000000476837158
vertex 8.4157075881958 -32.09777069091797 1.7000000476837158
endloop
endfacet
facet normal -0.9807852845629332 -0.19509030110388895 0
outer loop
vertex 8.4157075881958 -33.36777114868164 0
vertex 8.44996166229248 -33.53997802734375 0
vertex 8.44996166229248 -33.53997802734375 1.7000000476837158
endloop
endfacet
facet normal 0.9807852845629332 -0.19509030110388895 0
outer loop
vertex 7.549962043762207 -33.53997802734375 0
vertex 7.584216117858887 -33.36777114868164 0
vertex 7.584216117858887 -33.36777114868164 1.7000000476837158
endloop
endfacet
facet normal 0.19510023104767313 0.9807833093222704 0
outer loop
vertex 7.999961853027344 -33.9899787902832 0
vertex 7.827754497528076 -33.95572280883789 0
vertex 7.827754497528076 -33.95572280883789 1.7000000476837158
endloop
endfacet
facet normal -0.9807852845629332 0.19509030110388895 0
outer loop
vertex 8.44996166229248 -33.53997802734375 0
vertex 8.4157075881958 -33.71218490600586 0
vertex 8.4157075881958 -33.71218490600586 1.7000000476837158
endloop
endfacet
facet normal -0.19509971138541468 -0.9807834126948354 0
outer loop
vertex 7.999961853027344 -33.0899772644043 0
vertex 8.17216968536377 -33.12423324584961 0
vertex 8.17216968536377 -33.12423324584961 1.7000000476837158
endloop
endfacet
facet normal 0.19510023104767313 -0.9807833093222704 0
outer loop
vertex 7.827754497528076 -33.12423324584961 0
vertex 7.999961853027344 -33.0899772644043 0
vertex 7.999961853027344 -33.0899772644043 1.7000000476837158
endloop
endfacet
facet normal 0.5555622638012966 -0.8314749371087372 0
outer loop
vertex 7.681764125823975 -33.221778869628906 0
vertex 7.827754497528076 -33.12423324584961 0
vertex 7.827754497528076 -33.12423324584961 1.7000000476837158
endloop
endfacet
facet normal -0.8314732719568675 0.5555647559208026 0
outer loop
vertex 8.4157075881958 -33.71218490600586 0
vertex 8.318160057067871 -33.858177185058594 0
vertex 8.318160057067871 -33.858177185058594 1.7000000476837158
endloop
endfacet
facet normal 0 0 -1
outer loop
vertex 8.318160057067871 -33.221778869628906 1.7000000476837158
vertex 8.4157075881958 -33.36777114868164 1.7000000476837158
vertex 8.318160057067871 -33.858177185058594 1.7000000476837158
endloop
endfacet
facet normal 0 0 -1
outer loop
vertex 8.17216968536377 -33.95572280883789 1.7000000476837158
vertex 7.999961853027344 -33.9899787902832 1.7000000476837158
vertex 8.17216968536377 -33.12423324584961 1.7000000476837158
endloop
endfacet
facet normal 0 0 -1
outer loop
vertex 7.681764125823975 -33.221778869628906 1.7000000476837158
vertex 7.827754497528076 -33.12423324584961 1.7000000476837158
vertex 7.681764125823975 -33.858177185058594 1.7000000476837158
endloop
endfacet
facet normal -0.5555622638012966 -0.8314749371087372 0
outer loop
vertex 8.17216968536377 -33.12423324584961 0
vertex 8.318160057067871 -33.221778869628906 0
vertex 8.318160057067871 -33.221778869628906 1.7000000476837158
endloop
endfacet
facet normal 0 0 -1
outer loop
vertex 7.681764125823975 -33.221778869628906 1.7000000476837158
vertex 7.584216117858887 -33.71218490600586 1.7000000476837158
vertex 7.584216117858887 -33.36777114868164 1.7000000476837158
endloop
endfacet
facet normal -0.8314732719568675 -0.5555647559208026 0
outer loop
vertex 8.318160057067871 -33.221778869628906 0
vertex 8.4157075881958 -33.36777114868164 0
vertex 8.4157075881958 -33.36777114868164 1.7000000476837158
endloop
endfacet
facet normal 0.8314720174542991 0.5555666334387602 0
outer loop
vertex 7.681764125823975 -33.858177185058594 1.7000000476837158
vertex 7.681764125823975 -33.858177185058594 0
vertex 7.584216117858887 -33.71218490600586 1.7000000476837158
endloop
endfacet
facet normal 0 0 -1
outer loop
vertex 7.681764125823975 -33.858177185058594 1.7000000476837158
vertex 7.584216117858887 -33.71218490600586 1.7000000476837158
vertex 7.681764125823975 -33.221778869628906 1.7000000476837158
endloop
endfacet
facet normal 0.9807852845629332 0.19509030110388895 0
outer loop
vertex 7.584216117858887 -33.71218490600586 1.7000000476837158
vertex 7.584216117858887 -33.71218490600586 0
vertex 7.549962043762207 -33.53997802734375 1.7000000476837158
endloop
endfacet
facet normal 0 0 -1
outer loop
vertex 7.827754497528076 -33.95572280883789 1.7000000476837158
vertex 7.681764125823975 -33.858177185058594 1.7000000476837158
vertex 7.827754497528076 -33.12423324584961 1.7000000476837158
endloop
endfacet
facet normal 0.9807852845629332 -0.19509030110388895 0
outer loop
vertex 7.549962043762207 -33.53997802734375 1.7000000476837158
vertex 7.549962043762207 -33.53997802734375 0
vertex 7.584216117858887 -33.36777114868164 1.7000000476837158
endloop
endfacet
facet normal 0.8314720174542991 -0.5555666334387602 0
outer loop
vertex 7.584216117858887 -33.36777114868164 1.7000000476837158
vertex 7.584216117858887 -33.36777114868164 0
vertex 7.681764125823975 -33.221778869628906 1.7000000476837158
endloop
endfacet
facet normal 0.5555622638012966 -0.8314749371087372 0
outer loop
vertex 7.681764125823975 -33.221778869628906 1.7000000476837158
vertex 7.681764125823975 -33.221778869628906 0
vertex 7.827754497528076 -33.12423324584961 1.7000000476837158
endloop
endfacet
facet normal 0.5555622638012966 0.8314749371087372 0
outer loop
vertex 7.827754497528076 -33.95572280883789 1.7000000476837158
vertex 7.827754497528076 -33.95572280883789 0
vertex 7.681764125823975 -33.858177185058594 1.7000000476837158
endloop
endfacet
facet normal 0 0 -1
outer loop
vertex 7.584216117858887 -33.71218490600586 1.7000000476837158
vertex 7.549962043762207 -33.53997802734375 1.7000000476837158
vertex 7.584216117858887 -33.36777114868164 1.7000000476837158
endloop
endfacet
facet normal 0.19510023104767313 0.9807833093222704 0
outer loop
vertex 7.999961853027344 -33.9899787902832 1.7000000476837158
vertex 7.999961853027344 -33.9899787902832 0
vertex 7.827754497528076 -33.95572280883789 1.7000000476837158
endloop
endfacet
facet normal -0.8314732719568675 -0.5555647559208026 0
outer loop
vertex 8.318160057067871 -33.221778869628906 1.7000000476837158
vertex 8.318160057067871 -33.221778869628906 0
vertex 8.4157075881958 -33.36777114868164 1.7000000476837158
endloop
endfacet
facet normal -0.19509971138541468 0.9807834126948354 0
outer loop
vertex 8.17216968536377 -33.95572280883789 1.7000000476837158
vertex 8.17216968536377 -33.95572280883789 0
vertex 7.999961853027344 -33.9899787902832 1.7000000476837158
endloop
endfacet
facet normal 0 0 -1
outer loop
vertex 7.827754497528076 -33.12423324584961 1.7000000476837158
vertex 7.999961853027344 -33.0899772644043 1.7000000476837158
vertex 7.827754497528076 -33.95572280883789 1.7000000476837158
endloop
endfacet
facet normal 0 0 -1
outer loop
vertex 7.999961853027344 -33.9899787902832 1.7000000476837158
vertex 7.827754497528076 -33.95572280883789 1.7000000476837158
vertex 7.999961853027344 -33.0899772644043 1.7000000476837158
endloop
endfacet
facet normal 0 0 -1
outer loop
vertex 8.17216968536377 -33.12423324584961 1.7000000476837158
vertex 7.999961853027344 -33.9899787902832 1.7000000476837158
vertex 7.999961853027344 -33.0899772644043 1.7000000476837158
endloop
endfacet
facet normal -0.5555622638012966 -0.8314749371087372 0
outer loop
vertex 8.17216968536377 -33.12423324584961 1.7000000476837158
vertex 8.17216968536377 -33.12423324584961 0
vertex 8.318160057067871 -33.221778869628906 1.7000000476837158
endloop
endfacet
facet normal 0 0 -1
outer loop
vertex 8.318160057067871 -33.858177185058594 1.7000000476837158
vertex 8.17216968536377 -33.95572280883789 1.7000000476837158
vertex 8.318160057067871 -33.221778869628906 1.7000000476837158
endloop
endfacet
facet normal -0.9807852845629332 -0.19509030110388895 0
outer loop
vertex 8.4157075881958 -33.36777114868164 1.7000000476837158
vertex 8.4157075881958 -33.36777114868164 0
vertex 8.44996166229248 -33.53997802734375 1.7000000476837158
endloop
endfacet
facet normal -0.9807852845629332 0.19509030110388895 0
outer loop
vertex 8.44996166229248 -33.53997802734375 1.7000000476837158
vertex 8.44996166229248 -33.53997802734375 0
vertex 8.4157075881958 -33.71218490600586 1.7000000476837158
endloop
endfacet
facet normal 0 0 -1
outer loop
vertex 8.318160057067871 -33.221778869628906 1.7000000476837158
vertex 8.17216968536377 -33.95572280883789 1.7000000476837158
vertex 8.17216968536377 -33.12423324584961 1.7000000476837158
endloop
endfacet
facet normal -0.19509971138541468 -0.9807834126948354 0
outer loop
vertex 7.999961853027344 -33.0899772644043 1.7000000476837158
vertex 7.999961853027344 -33.0899772644043 0
vertex 8.17216968536377 -33.12423324584961 1.7000000476837158
endloop
endfacet
facet normal 0.19510023104767313 -0.9807833093222704 0
outer loop
vertex 7.827754497528076 -33.12423324584961 1.7000000476837158
vertex 7.827754497528076 -33.12423324584961 0
vertex 7.999961853027344 -33.0899772644043 1.7000000476837158
endloop
endfacet
facet normal -0.8314732719568675 0.5555647559208026 0
outer loop
vertex 8.4157075881958 -33.71218490600586 1.7000000476837158
vertex 8.4157075881958 -33.71218490600586 0
vertex 8.318160057067871 -33.858177185058594 1.7000000476837158
endloop
endfacet
facet normal 0 0 -1
outer loop
vertex 8.44996166229248 -33.53997802734375 1.7000000476837158
vertex 8.4157075881958 -33.71218490600586 1.7000000476837158
vertex 8.4157075881958 -33.36777114868164 1.7000000476837158
endloop
endfacet
facet normal 0 0 -1
outer loop
vertex 8.4157075881958 -33.71218490600586 1.7000000476837158
vertex 8.318160057067871 -33.858177185058594 1.7000000476837158
vertex 8.4157075881958 -33.36777114868164 1.7000000476837158
endloop
endfacet
facet normal -0.5555622638012966 0.8314749371087372 0
outer loop
vertex 8.318160057067871 -33.858177185058594 0
vertex 8.17216968536377 -33.95572280883789 0
vertex 8.17216968536377 -33.95572280883789 1.7000000476837158
endloop
endfacet
facet normal 0.8314720174542991 -0.5555666334387602 0
outer loop
vertex 7.584216117858887 -33.36777114868164 0
vertex 7.681764125823975 -33.221778869628906 0
vertex 7.681764125823975 -33.221778869628906 1.7000000476837158
endloop
endfacet
facet normal -0.5555622638012966 0.8314749371087372 0
outer loop
vertex 8.318160057067871 -33.858177185058594 1.7000000476837158
vertex 8.318160057067871 -33.858177185058594 0
vertex 8.17216968536377 -33.95572280883789 1.7000000476837158
endloop
endfacet
facet normal 0.5555622638012966 0.8314749371087372 0
outer loop
vertex 7.827754497528076 -33.95572280883789 0
vertex 7.681764125823975 -33.858177185058594 0
vertex 7.681764125823975 -33.858177185058594 1.7000000476837158
endloop
endfacet
facet normal 0.8314720174542991 0.5555666334387602 0
outer loop
vertex 7.681764125823975 -33.858177185058594 0
vertex 7.584216117858887 -33.71218490600586 0
vertex 7.584216117858887 -33.71218490600586 1.7000000476837158
endloop
endfacet
facet normal 0.9807852845629332 0.19509030110388895 0
outer loop
vertex 7.584216117858887 -33.71218490600586 0
vertex 7.549962043762207 -33.53997802734375 0
vertex 7.549962043762207 -33.53997802734375 1.7000000476837158
endloop
endfacet
facet normal -0.19509971138541468 0.9807834126948354 0
outer loop
vertex 8.17216968536377 -33.95572280883789 0
vertex 7.999961853027344 -33.9899787902832 0
vertex 7.999961853027344 -33.9899787902832 1.7000000476837158
endloop
endfacet
facet normal 0.8944271909999159 0 0.4472135954999579
outer loop
vertex -41.20000076293945 -22.19997787475586 6.5
vertex -40.70000076293945 -22.19997787475586 5.5
vertex -41.20000076293945 11.200021743774414 6.5
endloop
endfacet
facet normal 0.8944271909999159 0 0.4472135954999579
outer loop
vertex -41.20000076293945 11.200021743774414 6.5
vertex -40.70000076293945 -22.19997787475586 5.5
vertex -40.70000076293945 11.200021743774414 5.5
endloop
endfacet
facet normal 0.0780043261152452 0.8917018896951184 0.4458509448475592
outer loop
vertex -40.70000076293945 -22.69997787475586 6.5
vertex -40.70000076293945 -22.19997787475586 5.5
vertex -40.78682327270508 -22.6923828125 6.5
endloop
endfacet
facet normal 0.2316755287256868 0.8646059429182688 0.4458508863511264
outer loop
vertex -40.871009826660156 -22.669824600219727 6.5
vertex -40.78682327270508 -22.6923828125 6.5
vertex -40.70000076293945 -22.19997787475586 5.5
endloop
endfacet
facet normal 0.3782779417940396 0.8112476143886054 0.4458509918132536
outer loop
vertex -40.871009826660156 -22.669824600219727 6.5
vertex -40.70000076293945 -22.19997787475586 5.5
vertex -40.95000076293945 -22.632991790771484 6.5
endloop
endfacet
facet normal 0.513428688715645 0.7332176962467223 0.4458506381226595
outer loop
vertex -40.95000076293945 -22.632991790771484 6.5
vertex -40.70000076293945 -22.19997787475586 5.5
vertex -41.021392822265625 -22.58300018310547 6.5
endloop
endfacet
facet normal 0.6329268327345475 0.6329464213214911 0.4458502575315297
outer loop
vertex -41.08302307128906 -22.521371841430664 6.5
vertex -41.021392822265625 -22.58300018310547 6.5
vertex -40.70000076293945 -22.19997787475586 5.5
endloop
endfacet
facet normal 0.8917020088853294 0.0780026229516351 0.4458510044426647
outer loop
vertex -41.20000076293945 -22.19997787475586 6.5
vertex -41.192405700683594 -22.286802291870117 6.5
vertex -40.70000076293945 -22.19997787475586 5.5
endloop
endfacet
facet normal 0.8646011930506549 0.23169384456484537 0.44585057964092156
outer loop
vertex -41.192405700683594 -22.286802291870117 6.5
vertex -41.16984558105469 -22.370988845825195 6.5
vertex -40.70000076293945 -22.19997787475586 5.5
endloop
endfacet
facet normal 0.811237321702177 0.37830186551837447 0.44584942124308774
outer loop
vertex -41.16984558105469 -22.370988845825195 6.5
vertex -41.13301086425781 -22.44997787475586 6.5
vertex -40.70000076293945 -22.19997787475586 5.5
endloop
endfacet
facet normal 0.7332428456860924 0.5133934038561917 0.44584990986554496
outer loop
vertex -41.13301086425781 -22.44997787475586 6.5
vertex -41.08302307128906 -22.521371841430664 6.5
vertex -40.70000076293945 -22.19997787475586 5.5
endloop
endfacet
facet normal 0 0.8944271909999157 0.44721359549995787
outer loop
vertex -24.700000762939453 -22.19997787475586 5.5
vertex -40.70000076293945 -22.69997787475586 6.5
vertex -25.200000762939453 -22.69997787475586 6.5
endloop
endfacet
facet normal 0 0.8944271909999159 0.4472135954999579
outer loop
vertex -24.700000762939453 -22.19997787475586 5.5
vertex -40.70000076293945 -22.19997787475586 5.5
vertex -40.70000076293945 -22.69997787475586 6.5
endloop
endfacet
facet normal 0.8944271909999159 0 0.4472135954999579
outer loop
vertex -24.700000762939453 -22.19997787475586 5.5
vertex -25.200000762939453 -22.69997787475586 6.5
vertex -24.700000762939453 -30.19997787475586 5.5
endloop
endfacet
facet normal 0.894427190999916 0 0.447213595499958
outer loop
vertex -25.200000762939453 -30.19997787475586 6.5
vertex -24.700000762939453 -30.19997787475586 5.5
vertex -25.200000762939453 -22.69997787475586 6.5
endloop
endfacet
facet normal 0.6329364567541012 0.6329364567541012 0.445850741193875
outer loop
vertex -24.700000762939453 -30.19997787475586 5.5
vertex -25.083023071289062 -30.521371841430664 6.5
vertex -25.021394729614258 -30.58300018310547 6.5
endloop
endfacet
facet normal 0.8112445449767669 0.37828564479864646 0.44585004114019156
outer loop
vertex -24.700000762939453 -30.19997787475586 5.5
vertex -25.169845581054688 -30.370988845825195 6.5
vertex -25.133012771606445 -30.44997787475586 6.5
endloop
endfacet
facet normal 0.0780043261152452 0.8917018896951184 0.4458509448475592
outer loop
vertex -24.700000762939453 -30.19997787475586 5.5
vertex -24.786823272705078 -30.6923828125 6.5
vertex -24.700000762939453 -30.69997787475586 6.5
endloop
endfacet
facet normal 0.8646064082832088 0.23167565342257262 0.44584991910600735
outer loop
vertex -25.19240379333496 -30.286802291870117 6.5
vertex -25.169845581054688 -30.370988845825195 6.5
vertex -24.700000762939453 -30.19997787475586 5.5
endloop
endfacet
facet normal 0.733233413304951 0.5134063885364927 0.44585047025105484
outer loop
vertex -25.133012771606445 -30.44997787475586 6.5
vertex -25.083023071289062 -30.521371841430664 6.5
vertex -24.700000762939453 -30.19997787475586 5.5
endloop
endfacet
facet normal 0.8917006462161411 0.07802209252606247 0.44585032310807055
outer loop
vertex -25.200000762939453 -30.19997787475586 6.5
vertex -25.19240379333496 -30.286802291870117 6.5
vertex -24.700000762939453 -30.19997787475586 5.5
endloop
endfacet
facet normal 0.3782779417940396 0.8112476143886054 0.4458509918132536
outer loop
vertex -24.700000762939453 -30.19997787475586 5.5
vertex -24.950000762939453 -30.632991790771484 6.5
vertex -24.871009826660156 -30.669824600219727 6.5
endloop
endfacet
facet normal 0.2316755287256868 0.8646059429182688 0.4458508863511264
outer loop
vertex -24.700000762939453 -30.19997787475586 5.5
vertex -24.871009826660156 -30.669824600219727 6.5
vertex -24.786823272705078 -30.6923828125 6.5
endloop
endfacet
facet normal 0.5134193727503318 0.7332239809774006 0.4458510305071733
outer loop
vertex -25.021394729614258 -30.58300018310547 6.5
vertex -24.950000762939453 -30.632991790771484 6.5
vertex -24.700000762939453 -30.19997787475586 5.5
endloop
endfacet
facet normal 0 0.894427190999916 0.447213595499958
outer loop
vertex 24.700000762939453 -30.19997787475586 5.5
vertex -24.700000762939453 -30.69997787475586 6.5
vertex 24.700000762939453 -30.69997787475586 6.5
endloop
endfacet
facet normal 0 0.894427190999916 0.447213595499958
outer loop
vertex 24.700000762939453 -30.19997787475586 5.5
vertex -24.700000762939453 -30.19997787475586 5.5
vertex -24.700000762939453 -30.69997787475586 6.5
endloop
endfacet
facet normal -0.8917006462161411 0.07802209252606247 0.44585032310807055
outer loop
vertex 25.200000762939453 -30.19997787475586 6.5
vertex 24.700000762939453 -30.19997787475586 5.5
vertex 25.19240379333496 -30.286802291870117 6.5
endloop
endfacet
facet normal -0.8646064082832088 0.23167565342257262 0.44584991910600735
outer loop
vertex 24.700000762939453 -30.19997787475586 5.5
vertex 25.169845581054688 -30.370988845825195 6.5
vertex 25.19240379333496 -30.286802291870117 6.5
endloop
endfacet
facet normal -0.0780043261152452 0.8917018896951184 0.4458509448475592
outer loop
vertex 24.786823272705078 -30.6923828125 6.5
vertex 24.700000762939453 -30.19997787475586 5.5
vertex 24.700000762939453 -30.69997787475586 6.5
endloop
endfacet
facet normal -0.8112445449767669 0.37828564479864646 0.44585004114019156
outer loop
vertex 25.169845581054688 -30.370988845825195 6.5
vertex 24.700000762939453 -30.19997787475586 5.5
vertex 25.133012771606445 -30.44997787475586 6.5
endloop
endfacet
facet normal -0.733233413304951 0.5134063885364927 0.44585047025105484
outer loop
vertex 25.133012771606445 -30.44997787475586 6.5
vertex 24.700000762939453 -30.19997787475586 5.5
vertex 25.083023071289062 -30.521371841430664 6.5
endloop
endfacet
facet normal -0.6329364567541012 0.6329364567541012 0.445850741193875
outer loop
vertex 25.083023071289062 -30.521371841430664 6.5
vertex 24.700000762939453 -30.19997787475586 5.5
vertex 25.021394729614258 -30.58300018310547 6.5
endloop
endfacet
facet normal -0.5134193727503318 0.7332239809774006 0.4458510305071733
outer loop
vertex 24.700000762939453 -30.19997787475586 5.5
vertex 24.950000762939453 -30.632991790771484 6.5
vertex 25.021394729614258 -30.58300018310547 6.5
endloop
endfacet
facet normal -0.3782779417940396 0.8112476143886054 0.4458509918132536
outer loop
vertex 24.950000762939453 -30.632991790771484 6.5
vertex 24.700000762939453 -30.19997787475586 5.5
vertex 24.871009826660156 -30.669824600219727 6.5
endloop
endfacet
facet normal -0.2316755287256868 0.8646059429182688 0.4458508863511264
outer loop
vertex 24.871009826660156 -30.669824600219727 6.5
vertex 24.700000762939453 -30.19997787475586 5.5
vertex 24.786823272705078 -30.6923828125 6.5
endloop
endfacet
facet normal -0.894427190999916 0 0.447213595499958
outer loop
vertex 24.700000762939453 -22.19997787475586 5.5
vertex 25.200000762939453 -30.19997787475586 6.5
vertex 25.200000762939453 -22.69997787475586 6.5
endloop
endfacet
facet normal -0.8944271909999159 0 0.4472135954999579
outer loop
vertex 24.700000762939453 -22.19997787475586 5.5
vertex 24.700000762939453 -30.19997787475586 5.5
vertex 25.200000762939453 -30.19997787475586 6.5
endloop
endfacet
facet normal 0 0.8944271909999159 0.4472135954999579
outer loop
vertex 40.70000076293945 -22.19997787475586 5.5
vertex 24.700000762939453 -22.19997787475586 5.5
vertex 25.200000762939453 -22.69997787475586 6.5
endloop
endfacet
facet normal 0 0.8944271909999157 0.44721359549995787
outer loop
vertex 40.70000076293945 -22.19997787475586 5.5
vertex 25.200000762939453 -22.69997787475586 6.5
vertex 40.70000076293945 -22.69997787475586 6.5
endloop
endfacet
facet normal -0.6329268327345475 0.6329464213214911 0.4458502575315297
outer loop
vertex 41.08302307128906 -22.521371841430664 6.5
vertex 40.70000076293945 -22.19997787475586 5.5
vertex 41.021392822265625 -22.58300018310547 6.5
endloop
endfacet
facet normal -0.8917020088853294 0.0780026229516351 0.4458510044426647
outer loop
vertex 41.20000076293945 -22.19997787475586 6.5
vertex 40.70000076293945 -22.19997787475586 5.5
vertex 41.192405700683594 -22.286802291870117 6.5
endloop
endfacet
facet normal -0.7332428456860924 0.5133934038561917 0.44584990986554496
outer loop
vertex 41.13301086425781 -22.44997787475586 6.5
vertex 40.70000076293945 -22.19997787475586 5.5
vertex 41.08302307128906 -22.521371841430664 6.5
endloop
endfacet
facet normal -0.0780043261152452 0.8917018896951184 0.4458509448475592
outer loop
vertex 40.78682327270508 -22.6923828125 6.5
vertex 40.70000076293945 -22.19997787475586 5.5
vertex 40.70000076293945 -22.69997787475586 6.5
endloop
endfacet
facet normal -0.2316755287256868 0.8646059429182688 0.4458508863511264
outer loop
vertex 40.871009826660156 -22.669824600219727 6.5
vertex 40.70000076293945 -22.19997787475586 5.5
vertex 40.78682327270508 -22.6923828125 6.5
endloop
endfacet
facet normal -0.3782779417940396 0.8112476143886054 0.4458509918132536
outer loop
vertex 40.95000076293945 -22.632991790771484 6.5
vertex 40.70000076293945 -22.19997787475586 5.5
vertex 40.871009826660156 -22.669824600219727 6.5
endloop
endfacet
facet normal -0.513428688715645 0.7332176962467223 0.4458506381226595
outer loop
vertex 40.70000076293945 -22.19997787475586 5.5
vertex 40.95000076293945 -22.632991790771484 6.5
vertex 41.021392822265625 -22.58300018310547 6.5
endloop
endfacet
facet normal -0.811237321702177 0.37830186551837447 0.44584942124308774
outer loop
vertex 41.16984558105469 -22.370988845825195 6.5
vertex 40.70000076293945 -22.19997787475586 5.5
vertex 41.13301086425781 -22.44997787475586 6.5
endloop
endfacet
facet normal -0.8646011930506549 0.23169384456484537 0.44585057964092156
outer loop
vertex 41.192405700683594 -22.286802291870117 6.5
vertex 40.70000076293945 -22.19997787475586 5.5
vertex 41.16984558105469 -22.370988845825195 6.5
endloop
endfacet
facet normal -0.8944271909999159 0 0.4472135954999579
outer loop
vertex 40.70000076293945 27.200021743774414 5.5
vertex 41.20000076293945 -22.19997787475586 6.5
vertex 41.20000076293945 27.200021743774414 6.5
endloop
endfacet
facet normal -0.8944271909999159 0 0.4472135954999579
outer loop
vertex 40.70000076293945 27.200021743774414 5.5
vertex 40.70000076293945 -22.19997787475586 5.5
vertex 41.20000076293945 -22.19997787475586 6.5
endloop
endfacet
facet normal -0.5134157044699232 -0.7332271287843576 0.4458500779615268
outer loop
vertex 40.95000076293945 27.633033752441406 6.5
vertex 40.70000076293945 27.200021743774414 5.5
vertex 41.021392822265625 27.583044052124023 6.5
endloop
endfacet
facet normal -0.07802379610957792 -0.8917005269666048 0.4458502634833024
outer loop
vertex 40.78682327270508 27.692424774169922 6.5
vertex 40.70000076293945 27.700021743774414 6.5
vertex 40.70000076293945 27.200021743774414 5.5
endloop
endfacet
facet normal -0.7332428456860924 -0.5133934038561917 0.44584990986554496
outer loop
vertex 41.08302307128906 27.52141571044922 6.5
vertex 40.70000076293945 27.200021743774414 5.5
vertex 41.13301086425781 27.450021743774414 6.5
endloop
endfacet
facet normal -0.811237321702177 -0.37830186551837447 0.44584942124308774
outer loop
vertex 41.13301086425781 27.450021743774414 6.5
vertex 40.70000076293945 27.200021743774414 5.5
vertex 41.16984558105469 27.37103271484375 6.5
endloop
endfacet
facet normal -0.8646011930506549 -0.23169384456484537 0.44585057964092156
outer loop
vertex 41.16984558105469 27.37103271484375 6.5
vertex 40.70000076293945 27.200021743774414 5.5
vertex 41.192405700683594 27.286846160888672 6.5
endloop
endfacet
facet normal -0.6329268327345475 -0.6329464213214911 0.4458502575315297
outer loop
vertex 41.021392822265625 27.583044052124023 6.5
vertex 40.70000076293945 27.200021743774414 5.5
vertex 41.08302307128906 27.52141571044922 6.5
endloop
endfacet
facet normal -0.23165733728625873 -0.8646111578843978 0.4458502256848612
outer loop
vertex 40.78682327270508 27.692424774169922 6.5
vertex 40.70000076293945 27.200021743774414 5.5
vertex 40.871009826660156 27.66986846923828 6.5
endloop
endfacet
facet normal -0.3782941623142336 -0.8112403913671121 0.44585037195622845
outer loop
vertex 40.871009826660156 27.66986846923828 6.5
vertex 40.70000076293945 27.200021743774414 5.5
vertex 40.95000076293945 27.633033752441406 6.5
endloop
endfacet
facet normal -0.8917020088853294 -0.0780026229516351 0.4458510044426647
outer loop
vertex 41.192405700683594 27.286846160888672 6.5
vertex 40.70000076293945 27.200021743774414 5.5
vertex 41.20000076293945 27.200021743774414 6.5
endloop
endfacet
facet normal 0 -0.8944271909999157 0.44721359549995787
outer loop
vertex 25.200000762939453 27.700021743774414 6.5
vertex 24.700000762939453 27.200021743774414 5.5
vertex 40.70000076293945 27.700021743774414 6.5
endloop
endfacet
facet normal 0 -0.8944271909999159 0.4472135954999579
outer loop
vertex 40.70000076293945 27.700021743774414 6.5
vertex 24.700000762939453 27.200021743774414 5.5
vertex 40.70000076293945 27.200021743774414 5.5
endloop
endfacet
facet normal -0.8944271909999159 0 0.4472135954999579
outer loop
vertex 24.700000762939453 35.20002365112305 5.5
vertex 24.700000762939453 27.200021743774414 5.5
vertex 25.200000762939453 27.700021743774414 6.5
endloop
endfacet
facet normal -0.8944271909999159 0 0.4472135954999579
outer loop
vertex 24.700000762939453 35.20002365112305 5.5
vertex 25.200000762939453 27.700021743774414 6.5
vertex 25.200000762939453 35.20002365112305 6.5
endloop
endfacet
facet normal -0.8646065786235584 -0.23167569906612953 0.4458495650587591
outer loop
vertex 25.169845581054688 35.37103271484375 6.5
vertex 24.700000762939453 35.20002365112305 5.5
vertex 25.19240379333496 35.28684616088867 6.5
endloop
endfacet
facet normal -0.3782944232887592 -0.8112409510190903 0.4458491322165683
outer loop
vertex 24.871009826660156 35.66986846923828 6.5
vertex 24.700000762939453 35.20002365112305 5.5
vertex 24.950000762939453 35.633033752441406 6.5
endloop
endfacet
facet normal -0.2316575076141011 -0.8646117935964142 0.44584890438355285
outer loop
vertex 24.786823272705078 35.69242477416992 6.5
vertex 24.700000762939453 35.20002365112305 5.5
vertex 24.871009826660156 35.66986846923828 6.5
endloop
endfacet
facet normal -0.7332271287843576 -0.5134157044699232 0.4458500779615268
outer loop
vertex 25.083023071289062 35.52141571044922 6.5
vertex 24.700000762939453 35.20002365112305 5.5
vertex 25.133012771606445 35.45002365112305 6.5
endloop
endfacet
facet normal -0.07804326601463563 -0.8916991639021621 0.44584958195108104
outer loop
vertex 24.700000762939453 35.70002365112305 6.5
vertex 24.700000762939453 35.20002365112305 5.5
vertex 24.786823272705078 35.69242477416992 6.5
endloop
endfacet
facet normal -0.8112481740513277 -0.3782782027600616 0.4458497520634105
outer loop
vertex 25.133012771606445 35.45002365112305 6.5
vertex 24.700000762939453 35.20002365112305 5.5
vertex 25.169845581054688 35.37103271484375 6.5
endloop
endfacet
facet normal -0.8917005269666048 -0.07802379610957792 0.4458502634833024
outer loop
vertex 25.19240379333496 35.28684616088867 6.5
vertex 24.700000762939453 35.20002365112305 5.5
vertex 25.200000762939453 35.20002365112305 6.5
endloop
endfacet
facet normal -0.6329464213214911 -0.6329268327345475 0.4458502575315297
outer loop
vertex 25.021394729614258 35.583045959472656 6.5
vertex 24.700000762939453 35.20002365112305 5.5
vertex 25.083023071289062 35.52141571044922 6.5
endloop
endfacet
facet normal -0.5133934038561917 -0.7332428456860924 0.44584990986554496
outer loop
vertex 24.950000762939453 35.633033752441406 6.5
vertex 24.700000762939453 35.20002365112305 5.5
vertex 25.021394729614258 35.583045959472656 6.5
endloop
endfacet
facet normal 0 -0.8944271909999159 0.4472135954999579
outer loop
vertex -40.70000076293945 35.70002365112305 6.5
vertex -40.70000076293945 35.20002365112305 5.5
vertex 24.700000762939453 35.70002365112305 6.5
endloop
endfacet
facet normal 0 -0.8944271909999159 0.4472135954999579
outer loop
vertex 24.700000762939453 35.70002365112305 6.5
vertex -40.70000076293945 35.20002365112305 5.5
vertex 24.700000762939453 35.20002365112305 5.5
endloop
endfacet
facet normal 0.8646013634036044 -0.23169389021563808 0.4458502255661338
outer loop
vertex -41.192405700683594 35.28684616088867 6.5
vertex -40.70000076293945 35.20002365112305 5.5
vertex -41.16984558105469 35.37103271484375 6.5
endloop
endfacet
facet normal 0.2316575076141011 -0.8646117935964142 0.44584890438355285
outer loop
vertex -40.871009826660156 35.66986846923828 6.5
vertex -40.70000076293945 35.20002365112305 5.5
vertex -40.78682327270508 35.69242477416992 6.5
endloop
endfacet
facet normal 0.5134027197577236 -0.7332365613755949 0.44584951767100267
outer loop
vertex -41.021392822265625 35.583045959472656 6.5
vertex -40.70000076293945 35.20002365112305 5.5
vertex -40.95000076293945 35.633033752441406 6.5
endloop
endfacet
facet normal 0.8112409510190903 -0.3782944232887592 0.4458491322165683
outer loop
vertex -41.16984558105469 35.37103271484375 6.5
vertex -40.70000076293945 35.20002365112305 5.5
vertex -41.13301086425781 35.45002365112305 6.5
endloop
endfacet
facet normal 0.07804326601463563 -0.8916991639021621 0.44584958195108104
outer loop
vertex -40.78682327270508 35.69242477416992 6.5
vertex -40.70000076293945 35.20002365112305 5.5
vertex -40.70000076293945 35.70002365112305 6.5
endloop
endfacet
facet normal 0.3782944232887592 -0.8112409510190903 0.4458491322165683
outer loop
vertex -40.95000076293945 35.633033752441406 6.5
vertex -40.70000076293945 35.20002365112305 5.5
vertex -40.871009826660156 35.66986846923828 6.5
endloop
endfacet
facet normal 0.8917018896951184 -0.0780043261152452 0.4458509448475592
outer loop
vertex -41.20000076293945 35.20002365112305 6.5
vertex -40.70000076293945 35.20002365112305 5.5
vertex -41.192405700683594 35.28684616088867 6.5
endloop
endfacet
facet normal 0.7332365613755949 -0.5134027197577236 0.44584951767100267
outer loop
vertex -41.13301086425781 35.45002365112305 6.5
vertex -40.70000076293945 35.20002365112305 5.5
vertex -41.08302307128906 35.52141571044922 6.5
endloop
endfacet
facet normal 0.6329367974285492 -0.6329367974285492 0.4458497739393656
outer loop
vertex -41.08302307128906 35.52141571044922 6.5
vertex -40.70000076293945 35.20002365112305 5.5
vertex -41.021392822265625 35.583045959472656 6.5
endloop
endfacet
facet normal 0.894427190999916 0 0.447213595499958
outer loop
vertex -41.20000076293945 35.20002365112305 6.5
vertex -41.20000076293945 17.80002212524414 6.5
vertex -40.70000076293945 17.80002212524414 5.5
endloop
endfacet
facet normal 0.894427190999916 0 0.447213595499958
outer loop
vertex -41.20000076293945 35.20002365112305 6.5
vertex -40.70000076293945 17.80002212524414 5.5
vertex -40.70000076293945 35.20002365112305 5.5
endloop
endfacet
facet normal 0.8646011930506549 0.23169384456484537 0.44585057964092156
outer loop
vertex -41.16984558105469 17.629011154174805 6.5
vertex -40.70000076293945 17.80002212524414 5.5
vertex -41.192405700683594 17.713197708129883 6.5
endloop
endfacet
facet normal 0.2316755287256868 0.8646059429182688 0.4458508863511264
outer loop
vertex -40.78682327270508 17.3076171875 6.5
vertex -40.70000076293945 17.80002212524414 5.5
vertex -40.871009826660156 17.330175399780273 6.5
endloop
endfacet
facet normal 0.3782779417940396 0.8112476143886054 0.4458509918132536
outer loop
vertex -40.95000076293945 17.367008209228516 6.5
vertex -40.871009826660156 17.330175399780273 6.5
vertex -40.70000076293945 17.80002212524414 5.5
endloop
endfacet
facet normal 0.811237321702177 0.37830186551837447 0.44584942124308774
outer loop
vertex -41.16984558105469 17.629011154174805 6.5
vertex -41.13301086425781 17.55002212524414 6.5
vertex -40.70000076293945 17.80002212524414 5.5
endloop
endfacet
facet normal 0.0780043261152452 0.8917018896951184 0.4458509448475592
outer loop
vertex -40.70000076293945 17.30002212524414 6.5
vertex -40.70000076293945 17.80002212524414 5.5
vertex -40.78682327270508 17.3076171875 6.5
endloop
endfacet
facet normal 0.7332428456860924 0.5133934038561917 0.44584990986554496
outer loop
vertex -41.13301086425781 17.55002212524414 6.5
vertex -41.08302307128906 17.478628158569336 6.5
vertex -40.70000076293945 17.80002212524414 5.5
endloop
endfacet
facet normal 0.513428688715645 0.7332176962467223 0.4458506381226595
outer loop
vertex -40.95000076293945 17.367008209228516 6.5
vertex -40.70000076293945 17.80002212524414 5.5
vertex -41.021392822265625 17.41699981689453 6.5
endloop
endfacet
facet normal 0.6329268327345475 0.6329464213214911 0.4458502575315297
outer loop
vertex -41.08302307128906 17.478628158569336 6.5
vertex -41.021392822265625 17.41699981689453 6.5
vertex -40.70000076293945 17.80002212524414 5.5
endloop
endfacet
facet normal 0.8917020088853294 0.0780026229516351 0.4458510044426647
outer loop
vertex -41.20000076293945 17.80002212524414 6.5
vertex -41.192405700683594 17.713197708129883 6.5
vertex -40.70000076293945 17.80002212524414 5.5
endloop
endfacet
facet normal 0 0.8944271909999157 0.44721359549995787
outer loop
vertex -24.700000762939453 17.80002212524414 5.5
vertex -40.70000076293945 17.30002212524414 6.5
vertex -25.200000762939453 17.30002212524414 6.5
endloop
endfacet
facet normal 0 0.8944271909999159 0.4472135954999579
outer loop
vertex -24.700000762939453 17.80002212524414 5.5
vertex -40.70000076293945 17.80002212524414 5.5
vertex -40.70000076293945 17.30002212524414 6.5
endloop
endfacet
facet normal 0.8944271909999159 0 0.4472135954999579
outer loop
vertex -24.700000762939453 11.200021743774414 5.5
vertex -24.700000762939453 17.80002212524414 5.5
vertex -25.200000762939453 17.30002212524414 6.5
endloop
endfacet
facet normal 0.8944271909999159 0 0.4472135954999579
outer loop
vertex -25.200000762939453 17.30002212524414 6.5
vertex -25.200000762939453 11.700021743774414 6.5
vertex -24.700000762939453 11.200021743774414 5.5
endloop
endfacet
facet normal 0 -0.8944271909999157 0.44721359549995787
outer loop
vertex -40.70000076293945 11.700021743774414 6.5
vertex -40.70000076293945 11.200021743774414 5.5
vertex -25.200000762939453 11.700021743774414 6.5
endloop
endfacet
facet normal 0 -0.8944271909999159 0.4472135954999579
outer loop
vertex -25.200000762939453 11.700021743774414 6.5
vertex -40.70000076293945 11.200021743774414 5.5
vertex -24.700000762939453 11.200021743774414 5.5
endloop
endfacet
facet normal 0.8112391363854441 -0.3782981443702101 0.445849276732232
outer loop
vertex -41.16984558105469 11.371031761169434 6.5
vertex -40.70000076293945 11.200021743774414 5.5
vertex -41.13301086425781 11.450021743774414 6.5
endloop
endfacet
facet normal 0.513422196651093 -0.7332224125088388 0.4458503580582665
outer loop
vertex -41.021392822265625 11.583044052124023 6.5
vertex -40.70000076293945 11.200021743774414 5.5
vertex -40.95000076293945 11.633034706115723 6.5
endloop
endfacet
facet normal 0.3782860521051683 -0.8112440028937907 0.4458506819009535
outer loop
vertex -40.95000076293945 11.633034706115723 6.5
vertex -40.70000076293945 11.200021743774414 5.5
vertex -40.871009826660156 11.669868469238281 6.5
endloop
endfacet
facet normal 0.2316664330437869 -0.8646085504322214 0.44585055603897306
outer loop
vertex -40.871009826660156 11.669868469238281 6.5
vertex -40.70000076293945 11.200021743774414 5.5
vertex -40.78682327270508 11.692425727844238 6.5
endloop
endfacet
facet normal 0.0780140611235696 -0.8917012083728532 0.4458506041864266
outer loop
vertex -40.78682327270508 11.692425727844238 6.5
vertex -40.70000076293945 11.200021743774414 5.5
vertex -40.70000076293945 11.700021743774414 6.5
endloop
endfacet
facet normal 0.6329268327345475 -0.6329464213214911 0.4458502575315297
outer loop
vertex -41.08302307128906 11.521415710449219 6.5
vertex -40.70000076293945 11.200021743774414 5.5
vertex -41.021392822265625 11.583044052124023 6.5
endloop
endfacet
facet normal 0.7332428456860924 -0.5133934038561917 0.44584990986554496
outer loop
vertex -41.13301086425781 11.450021743774414 6.5
vertex -40.70000076293945 11.200021743774414 5.5
vertex -41.08302307128906 11.521415710449219 6.5
endloop
endfacet
facet normal 0.8917020088853294 -0.0780026229516351 0.4458510044426647
outer loop
vertex -41.192405700683594 11.286846160888672 6.5
vertex -41.20000076293945 11.200021743774414 6.5
vertex -40.70000076293945 11.200021743774414 5.5
endloop
endfacet
facet normal 0.8646005794182658 -0.2316963048056471 0.4458504910942768
outer loop
vertex -41.192405700683594 11.286846160888672 6.5
vertex -40.70000076293945 11.200021743774414 5.5
vertex -41.16984558105469 11.371031761169434 6.5
endloop
endfacet
facet normal 0 -0.6427876746165945 0.7660443886361881
outer loop
vertex -43.54123306274414 -38.04121017456055 6.5
vertex -49.5 -43.999977111816406 1.5
vertex 43.54123306274414 -38.04121017456055 6.5
endloop
endfacet
facet normal 0 -0.6427876746165945 0.7660443886361881
outer loop
vertex 43.54123306274414 -38.04121017456055 6.5
vertex -49.5 -43.999977111816406 1.5
vertex 49.5 -43.999977111816406 1.5
endloop
endfacet
facet normal 0.6427876746165944 0 0.766044388636188
outer loop
vertex 43.54123306274414 -38.04121017456055 6.5
vertex 49.5 -43.999977111816406 1.5
vertex 43.54123306274414 38.04125213623047 6.5
endloop
endfacet
facet normal 0.6427876746165945 0 0.7660443886361881
outer loop
vertex 43.54123306274414 38.04125213623047 6.5
vertex 49.5 -43.999977111816406 1.5
vertex 49.5 44.000022888183594 1.5
endloop
endfacet
facet normal 0 0.6427874331378078 0.7660445912609188
outer loop
vertex 49.5 44.000022888183594 1.5
vertex -43.54123306274414 38.04125213623047 6.5
vertex 43.54123306274414 38.04125213623047 6.5
endloop
endfacet
facet normal 0 0.6427874331378078 0.7660445912609188
outer loop
vertex 49.5 44.000022888183594 1.5
vertex -49.5 44.000022888183594 1.5
vertex -43.54123306274414 38.04125213623047 6.5
endloop
endfacet
facet normal -0.6427876746165945 0 0.7660443886361881
outer loop
vertex -49.5 44.000022888183594 1.5
vertex -49.5 -43.999977111816406 1.5
vertex -43.54123306274414 -38.04121017456055 6.5
endloop
endfacet
facet normal -0.6427876746165945 0 0.7660443886361881
outer loop
vertex -49.5 44.000022888183594 1.5
vertex -43.54123306274414 -38.04121017456055 6.5
vertex -43.54123306274414 -4.344541072845459 6.5
endloop
endfacet
facet normal -0.6427876746165945 0 0.7660443886361881
outer loop
vertex -49.5 44.000022888183594 1.5
vertex -43.54123306274414 -4.344541072845459 6.5
vertex -43.54123306274414 38.04125213623047 6.5
endloop
endfacet
facet normal 0 -0.6427877813983424 -0.7660442990356346
outer loop
vertex -5.560660362243652 -43.774330139160156 -3.8893399238586426
vertex -10.114180564880371 -43.19438171386719 -4.375974655151367
vertex -5.885819435119629 -43.19438171386719 -4.375974655151367
endloop
endfacet
facet normal 1.7343776954258684e-7 -0.6427866543995931 -0.7660452446988677
outer loop
vertex -24.560659408569336 -43.774330139160156 -3.8893399238586426
vertex -24.277292251586914 -43.999977111816406 -3.700000047683716
vertex -47.116493225097656 -41.61647033691406 -5.699999809265137
endloop
endfacet
facet normal 0 -0.6427867822118386 -0.7660451374519326
outer loop
vertex 49.5 -43.999977111816406 -3.700000047683716
vertex 8.27729320526123 -43.999977111816406 -3.700000047683716
vertex 8.560660362243652 -43.774330139160156 -3.8893399238586426
endloop
endfacet
facet normal 0 -0.6427867822118386 -0.7660451374519326
outer loop
vertex -5.2772932052612305 -43.999977111816406 -3.700000047683716
vertex -10.72270679473877 -43.999977111816406 -3.700000047683716
vertex -10.439339637756348 -43.774330139160156 -3.8893399238586426
endloop
endfacet
facet normal 0 -0.6427867822118386 -0.7660451374519326
outer loop
vertex -5.560660362243652 -43.774330139160156 -3.8893399238586426
vertex -5.2772932052612305 -43.999977111816406 -3.700000047683716
vertex -10.439339637756348 -43.774330139160156 -3.8893399238586426
endloop
endfacet
facet normal -9.355925227158555e-9 -0.6427877783201127 -0.7660443016185772
outer loop
vertex 49.5 -43.999977111816406 -3.700000047683716
vertex 8.560660362243652 -43.774330139160156 -3.8893399238586426
vertex 8.885819435119629 -43.19438171386719 -4.375974655151367
endloop
endfacet
facet normal 1.0295334076900291e-8 -0.6427871969413709 -0.7660447894531071
outer loop
vertex 49.5 -43.999977111816406 -3.700000047683716
vertex 8.885819435119629 -43.19438171386719 -4.375974655151367
vertex 9 -42.510284423828125 -4.949999809265137
endloop
endfacet
facet normal 0 -0.6427880770815 -0.7660440509277959
outer loop
vertex 9 -41.61647033691406 -5.699999809265137
vertex 47.116493225097656 -41.61647033691406 -5.699999809265137
vertex 9 -42.510284423828125 -4.949999809265137
endloop
endfacet
facet normal 0 -0.6427877813983424 -0.7660442990356346
outer loop
vertex -5.560660362243652 -43.774330139160156 -3.8893399238586426
vertex -10.439339637756348 -43.774330139160156 -3.8893399238586426
vertex -10.114180564880371 -43.19438171386719 -4.375974655151367
endloop
endfacet
facet normal 0 -0.6427871959329936 -0.7660447902992352
outer loop
vertex -10.114180564880371 -43.19438171386719 -4.375974655151367
vertex -10 -42.510284423828125 -4.949999809265137
vertex -5.885819435119629 -43.19438171386719 -4.375974655151367
endloop
endfacet
facet normal -1.0875404872638632e-8 -0.6427877849765018 -0.7660442960332008
outer loop
vertex -24.885818481445312 -43.19438171386719 -4.375974655151367
vertex -24.560659408569336 -43.774330139160156 -3.8893399238586426
vertex -47.116493225097656 -41.61647033691406 -5.699999809265137
endloop
endfacet
facet normal 0 -0.6427880770815 -0.7660440509277958
outer loop
vertex -10 -42.510284423828125 -4.949999809265137
vertex -10 -41.61647033691406 -5.699999809265137
vertex -6 -42.510284423828125 -4.949999809265137
endloop
endfacet
facet normal -1.7469735602732676e-8 -0.6427876399021223 -0.7660444177650925
outer loop
vertex 47.116493225097656 -41.61647033691406 -5.699999809265137
vertex 49.5 -43.999977111816406 -3.700000047683716
vertex 9 -42.510284423828125 -4.949999809265137
endloop
endfacet
facet normal 0 -0.6427880770815 -0.7660440509277958
outer loop
vertex -10 -41.61647033691406 -5.699999809265137
vertex -6 -41.61647033691406 -5.699999809265137
vertex -6 -42.510284423828125 -4.949999809265137
endloop
endfacet
facet normal 0 -0.6427876296504611 -0.7660444263672582
outer loop
vertex -24.277292251586914 -43.999977111816406 -3.700000047683716
vertex -49.5 -43.999977111816406 -3.700000047683716
vertex -47.116493225097656 -41.61647033691406 -5.699999809265137
endloop
endfacet
facet normal 6.109585762051026e-8 -0.6427871899489035 -0.7660447953204751
outer loop
vertex -24.885818481445312 -43.19438171386719 -4.375974655151367
vertex -47.116493225097656 -41.61647033691406 -5.699999809265137
vertex -25 -42.510284423828125 -4.949999809265137
endloop
endfacet
facet normal 0 -0.6427880770815 -0.7660440509277959
outer loop
vertex -25 -42.510284423828125 -4.949999809265137
vertex -47.116493225097656 -41.61647033691406 -5.699999809265137
vertex -25 -41.61647033691406 -5.699999809265137
endloop
endfacet
facet normal 0 -0.6427871959329935 -0.7660447902992352
outer loop
vertex -5.885819435119629 -43.19438171386719 -4.375974655151367
vertex -10 -42.510284423828125 -4.949999809265137
vertex -6 -42.510284423828125 -4.949999809265137
endloop
endfacet
facet normal 0.6427876296504611 0 -0.7660444263672582
outer loop
vertex 49.5 -43.999977111816406 -3.700000047683716
vertex 47.116493225097656 -41.61647033691406 -5.699999809265137
vertex 49.5 44.000022888183594 -3.700000047683716
endloop
endfacet
facet normal 0.642787629650461 0 -0.7660444263672581
outer loop
vertex 49.5 44.000022888183594 -3.700000047683716
vertex 47.116493225097656 -41.61647033691406 -5.699999809265137
vertex 47.116493225097656 41.61651611328125 -5.699999809265137
endloop
endfacet
facet normal 0 0.6427876296504611 -0.7660444263672582
outer loop
vertex 47.116493225097656 41.61651611328125 -5.699999809265137
vertex -47.116493225097656 41.61651611328125 -5.699999809265137
vertex -49.5 44.000022888183594 -3.700000047683716
endloop
endfacet
facet normal 0 0.6427876296504611 -0.7660444263672582
outer loop
vertex 47.116493225097656 41.61651611328125 -5.699999809265137
vertex -49.5 44.000022888183594 -3.700000047683716
vertex 49.5 44.000022888183594 -3.700000047683716
endloop
endfacet
facet normal -0.642787629650461 0 -0.7660444263672581
outer loop
vertex -47.116493225097656 41.61651611328125 -5.699999809265137
vertex -47.116493225097656 -41.61647033691406 -5.699999809265137
vertex -49.5 -43.999977111816406 -3.700000047683716
endloop
endfacet
facet normal -0.6427876296504611 0 -0.7660444263672582
outer loop
vertex -47.116493225097656 41.61651611328125 -5.699999809265137
vertex -49.5 -43.999977111816406 -3.700000047683716
vertex -49.5 44.000022888183594 -3.700000047683716
endloop
endfacet
facet normal 1 0 0
outer loop
vertex 33.70000076293945 -41.999977111816406 -0.15000000596046448
vertex 33.70000076293945 -41.499977111816406 -1.9500000476837158
vertex 33.70000076293945 -41.499977111816406 -0.15000000596046448
endloop
endfacet
facet normal 0 0 -1
outer loop
vertex 33.70000076293945 -41.499977111816406 -0.15000000596046448
vertex 41.70000076293945 -41.999977111816406 -0.15000000596046448
vertex 33.70000076293945 -41.999977111816406 -0.15000000596046448
endloop
endfacet
facet normal 0 0 1
outer loop
vertex 41.70000076293945 -41.499977111816406 -1.9500000476837158
vertex 33.70000076293945 -41.999977111816406 -1.9500000476837158
vertex 41.70000076293945 -41.999977111816406 -1.9500000476837158
endloop
endfacet
facet normal 0 1 0
outer loop
vertex 33.70000076293945 -41.999977111816406 -1.9500000476837158
vertex 33.70000076293945 -41.999977111816406 -0.15000000596046448
vertex 41.70000076293945 -41.999977111816406 -1.9500000476837158
endloop
endfacet
facet normal 1 0 0
outer loop
vertex 33.70000076293945 -41.999977111816406 -1.9500000476837158
vertex 33.70000076293945 -41.499977111816406 -1.9500000476837158
vertex 33.70000076293945 -41.999977111816406 -0.15000000596046448
endloop
endfacet
facet normal -1 0 0
outer loop
vertex 41.70000076293945 -41.499977111816406 -1.9500000476837158
vertex 41.70000076293945 -41.999977111816406 -1.9500000476837158
vertex 41.70000076293945 -41.499977111816406 -0.15000000596046448
endloop
endfacet
facet normal 0 1 0
outer loop
vertex 41.70000076293945 -41.999977111816406 -1.9500000476837158
vertex 33.70000076293945 -41.999977111816406 -0.15000000596046448
vertex 41.70000076293945 -41.999977111816406 -0.15000000596046448
endloop
endfacet
facet normal 0 0 1
outer loop
vertex 41.70000076293945 -41.499977111816406 -1.9500000476837158
vertex 33.70000076293945 -41.499977111816406 -1.9500000476837158
vertex 33.70000076293945 -41.999977111816406 -1.9500000476837158
endloop
endfacet
facet normal -1 0 0
outer loop
vertex 41.70000076293945 -41.499977111816406 -0.15000000596046448
vertex 41.70000076293945 -41.999977111816406 -1.9500000476837158
vertex 41.70000076293945 -41.999977111816406 -0.15000000596046448
endloop
endfacet
facet normal 0 0 -1
outer loop
vertex 41.70000076293945 -41.999977111816406 -0.15000000596046448
vertex 33.70000076293945 -41.499977111816406 -0.15000000596046448
vertex 41.70000076293945 -41.499977111816406 -0.15000000596046448
endloop
endfacet
facet normal 0 0 1
outer loop
vertex -41.70000076293945 -41.999977111816406 -1.9500000476837158
vertex -33.70000076293945 -41.499977111816406 -1.9500000476837158
vertex -41.70000076293945 -41.499977111816406 -1.9500000476837158
endloop
endfacet
facet normal 1 0 0
outer loop
vertex -41.70000076293945 -41.499977111816406 -1.9500000476837158
vertex -41.70000076293945 -41.999977111816406 -0.15000000596046448
vertex -41.70000076293945 -41.999977111816406 -1.9500000476837158
endloop
endfacet
facet normal -1 0 0
outer loop
vertex -33.70000076293945 -41.499977111816406 -0.15000000596046448
vertex -33.70000076293945 -41.999977111816406 -1.9500000476837158
vertex -33.70000076293945 -41.999977111816406 -0.15000000596046448
endloop
endfacet
facet normal 0 1 0
outer loop
vertex -41.70000076293945 -41.999977111816406 -1.9500000476837158
vertex -41.70000076293945 -41.999977111816406 -0.15000000596046448
vertex -33.70000076293945 -41.999977111816406 -1.9500000476837158
endloop
endfacet
facet normal 1 0 0
outer loop
vertex -41.70000076293945 -41.999977111816406 -0.15000000596046448
vertex -41.70000076293945 -41.499977111816406 -1.9500000476837158
vertex -41.70000076293945 -41.499977111816406 -0.15000000596046448
endloop
endfacet
facet normal 0 0 -1
outer loop
vertex -41.70000076293945 -41.499977111816406 -0.15000000596046448
vertex -33.70000076293945 -41.999977111816406 -0.15000000596046448
vertex -41.70000076293945 -41.999977111816406 -0.15000000596046448
endloop
endfacet
facet normal 0 0 1
outer loop
vertex -33.70000076293945 -41.499977111816406 -1.9500000476837158
vertex -41.70000076293945 -41.999977111816406 -1.9500000476837158
vertex -33.70000076293945 -41.999977111816406 -1.9500000476837158
endloop
endfacet
facet normal 0 1 0
outer loop
vertex -33.70000076293945 -41.999977111816406 -1.9500000476837158
vertex -41.70000076293945 -41.999977111816406 -0.15000000596046448
vertex -33.70000076293945 -41.999977111816406 -0.15000000596046448
endloop
endfacet
facet normal 0 0 -1
outer loop
vertex -33.70000076293945 -41.999977111816406 -0.15000000596046448
vertex -41.70000076293945 -41.499977111816406 -0.15000000596046448
vertex -33.70000076293945 -41.499977111816406 -0.15000000596046448
endloop
endfacet
facet normal -1 0 0
outer loop
vertex -33.70000076293945 -41.499977111816406 -1.9500000476837158
vertex -33.70000076293945 -41.999977111816406 -1.9500000476837158
vertex -33.70000076293945 -41.499977111816406 -0.15000000596046448
endloop
endfacet
facet normal 0 -1 0
outer loop
vertex -35.900001525878906 42.60002136230469 -1.0499999523162842
vertex -39.5 42.60002136230469 -2.8499999046325684
vertex -35.900001525878906 42.60002136230469 -2.8499999046325684
endloop
endfacet
facet normal -1 0 0
outer loop
vertex -35.900001525878906 42.60002136230469 -2.8499999046325684
vertex -35.900001525878906 41.500022888183594 -2.8499999046325684
vertex -35.900001525878906 42.60002136230469 -1.0499999523162842
endloop
endfacet
facet normal -1 0 0
outer loop
vertex -35.900001525878906 42.60002136230469 -1.0499999523162842
vertex -35.900001525878906 41.500022888183594 -2.8499999046325684
vertex -35.900001525878906 41.500022888183594 -1.0499999523162842
endloop
endfacet
facet normal 1 0 0
outer loop
vertex -39.5 41.500022888183594 -1.0499999523162842
vertex -39.5 42.60002136230469 -2.8499999046325684
vertex -39.5 42.60002136230469 -1.0499999523162842
endloop
endfacet
facet normal 1 0 0
outer loop
vertex -39.5 41.500022888183594 -2.8499999046325684
vertex -39.5 42.60002136230469 -2.8499999046325684
vertex -39.5 41.500022888183594 -1.0499999523162842
endloop
endfacet
facet normal 0 0 -1
outer loop
vertex -35.900001525878906 41.500022888183594 -1.0499999523162842
vertex -39.5 42.60002136230469 -1.0499999523162842
vertex -35.900001525878906 42.60002136230469 -1.0499999523162842
endloop
endfacet
facet normal 0 0 1
outer loop
vertex -39.5 41.500022888183594 -2.8499999046325684
vertex -35.900001525878906 42.60002136230469 -2.8499999046325684
vertex -39.5 42.60002136230469 -2.8499999046325684
endloop
endfacet
facet normal 0 0 -1
outer loop
vertex -39.5 41.500022888183594 -1.0499999523162842
vertex -39.5 42.60002136230469 -1.0499999523162842
vertex -35.900001525878906 41.500022888183594 -1.0499999523162842
endloop
endfacet
facet normal 0 0 1
outer loop
vertex -35.900001525878906 42.60002136230469 -2.8499999046325684
vertex -39.5 41.500022888183594 -2.8499999046325684
vertex -35.900001525878906 41.500022888183594 -2.8499999046325684
endloop
endfacet
facet normal 0 -1 0
outer loop
vertex -39.5 42.60002136230469 -1.0499999523162842
vertex -39.5 42.60002136230469 -2.8499999046325684
vertex -35.900001525878906 42.60002136230469 -1.0499999523162842
endloop
endfacet
facet normal 0 0 1
outer loop
vertex 35.900001525878906 41.500022888183594 -2.8499999046325684
vertex 39.5 42.60002136230469 -2.8499999046325684
vertex 35.900001525878906 42.60002136230469 -2.8499999046325684
endloop
endfacet
facet normal 0 0 1
outer loop
vertex 39.5 42.60002136230469 -2.8499999046325684
vertex 35.900001525878906 41.500022888183594 -2.8499999046325684
vertex 39.5 41.500022888183594 -2.8499999046325684
endloop
endfacet
facet normal 1 0 0
outer loop
vertex 35.900001525878906 41.500022888183594 -1.0499999523162842
vertex 35.900001525878906 41.500022888183594 -2.8499999046325684
vertex 35.900001525878906 42.60002136230469 -2.8499999046325684
endloop
endfacet
facet normal 1 0 0
outer loop
vertex 35.900001525878906 41.500022888183594 -1.0499999523162842
vertex 35.900001525878906 42.60002136230469 -2.8499999046325684
vertex 35.900001525878906 42.60002136230469 -1.0499999523162842
endloop
endfacet
facet normal 0 -1 0
outer loop
vertex 35.900001525878906 42.60002136230469 -1.0499999523162842
vertex 35.900001525878906 42.60002136230469 -2.8499999046325684
vertex 39.5 42.60002136230469 -1.0499999523162842
endloop
endfacet
facet normal 0 0 -1
outer loop
vertex 35.900001525878906 41.500022888183594 -1.0499999523162842
vertex 35.900001525878906 42.60002136230469 -1.0499999523162842
vertex 39.5 41.500022888183594 -1.0499999523162842
endloop
endfacet
facet normal 0 0 -1
outer loop
vertex 39.5 41.500022888183594 -1.0499999523162842
vertex 35.900001525878906 42.60002136230469 -1.0499999523162842
vertex 39.5 42.60002136230469 -1.0499999523162842
endloop
endfacet
facet normal -1 0 0
outer loop
vertex 39.5 42.60002136230469 -1.0499999523162842
vertex 39.5 41.500022888183594 -2.8499999046325684
vertex 39.5 41.500022888183594 -1.0499999523162842
endloop
endfacet
facet normal 0 -1 0
outer loop
vertex 39.5 42.60002136230469 -1.0499999523162842
vertex 35.900001525878906 42.60002136230469 -2.8499999046325684
vertex 39.5 42.60002136230469 -2.8499999046325684
endloop
endfacet
facet normal -1 0 0
outer loop
vertex 39.5 42.60002136230469 -2.8499999046325684
vertex 39.5 41.500022888183594 -2.8499999046325684
vertex 39.5 42.60002136230469 -1.0499999523162842
endloop
endfacet
facet normal 0.1950900960897925 0 -0.9807853253427457
outer loop
vertex -5.0740251541137695 -41.499977111816406 -3.564180612564087
vertex -4.5 -43.999977111816406 -3.450000047683716
vertex -5.0740251541137695 -43.999977111816406 -3.564180612564087
endloop
endfacet
facet normal -1 0 0
outer loop
vertex 9 -42.510284423828125 -4.949999809265137
vertex 9 -41.499977111816406 -4.949999809265137
vertex 9 -41.61647033691406 -5.699999809265137
endloop
endfacet
facet normal -0.5555704184514964 0 -0.8314694884008849
outer loop
vertex 8.07402515411377 -41.499977111816406 -3.564180612564087
vertex 8.27729320526123 -43.999977111816406 -3.700000047683716
vertex 8.07402515411377 -43.999977111816406 -3.564180612564087
endloop
endfacet
facet normal 0.8314695010489663 0 -0.5555703995223136
outer loop
vertex -5.560660362243652 -43.774330139160156 -3.8893399238586426
vertex -5.885819435119629 -41.499977111816406 -4.375974655151367
vertex -5.560660362243652 -41.499977111816406 -3.8893399238586426
endloop
endfacet
facet normal 0.555570223264923 0 -0.8314696188204134
outer loop
vertex -5.560660362243652 -41.499977111816406 -3.8893399238586426
vertex -5.2772932052612305 -43.999977111816406 -3.700000047683716
vertex -5.560660362243652 -43.774330139160156 -3.8893399238586426
endloop
endfacet
facet normal -0.1950900960897925 0 -0.9807853253427457
outer loop
vertex 7.5 -41.499977111816406 -3.450000047683716
vertex 8.07402515411377 -43.999977111816406 -3.564180612564087
vertex 7.5 -43.999977111816406 -3.450000047683716
endloop
endfacet
facet normal -0.555570223264923 0 -0.8314696188204134
outer loop
vertex 8.27729320526123 -43.999977111816406 -3.700000047683716
vertex 8.560660362243652 -41.499977111816406 -3.8893399238586426
vertex 8.560660362243652 -43.774330139160156 -3.8893399238586426
endloop
endfacet
facet normal -0.8314695010489663 0 -0.5555703995223136
outer loop
vertex 8.560660362243652 -43.774330139160156 -3.8893399238586426
vertex 8.560660362243652 -41.499977111816406 -3.8893399238586426
vertex 8.885819435119629 -43.19438171386719 -4.375974655151367
endloop
endfacet
facet normal 0.8314695010489662 0 -0.5555703995223135
outer loop
vertex -5.885819435119629 -41.499977111816406 -4.375974655151367
vertex -5.560660362243652 -43.774330139160156 -3.8893399238586426
vertex -5.885819435119629 -43.19438171386719 -4.375974655151367
endloop
endfacet
facet normal 0.9807853253427457 0 -0.1950900960897925
outer loop
vertex -5.885819435119629 -43.19438171386719 -4.375974655151367
vertex -6 -41.499977111816406 -4.949999809265137
vertex -5.885819435119629 -41.499977111816406 -4.375974655151367
endloop
endfacet
facet normal 0.9807853253427457 0 -0.1950900960897925
outer loop
vertex -6 -41.499977111816406 -4.949999809265137
vertex -5.885819435119629 -43.19438171386719 -4.375974655151367
vertex -6 -42.510284423828125 -4.949999809265137
endloop
endfacet
facet normal 1 0 0
outer loop
vertex -6 -41.499977111816406 -4.949999809265137
vertex -6 -42.510284423828125 -4.949999809265137
vertex -6 -41.61647033691406 -5.699999809265137
endloop
endfacet
facet normal 1 0 0
outer loop
vertex -6 -41.61647033691406 -5.699999809265137
vertex -6 -41.499977111816406 -5.699999809265137
vertex -6 -41.499977111816406 -4.949999809265137
endloop
endfacet
facet normal 0.1950900960897925 0 -0.9807853253427457
outer loop
vertex -5.0740251541137695 -41.499977111816406 -3.564180612564087
vertex -4.5 -41.499977111816406 -3.450000047683716
vertex -4.5 -43.999977111816406 -3.450000047683716
endloop
endfacet
facet normal 0.5555703047945763 1.3366950619164114e-8 -0.8314695643440362
outer loop
vertex -5.2772932052612305 -43.999977111816406 -3.700000047683716
vertex -5.560660362243652 -41.499977111816406 -3.8893399238586426
vertex -5.0740251541137695 -41.499977111816406 -3.564180612564087
endloop
endfacet
facet normal 0 0 -1
outer loop
vertex 7.5 -43.999977111816406 -3.450000047683716
vertex -4.5 -41.499977111816406 -3.450000047683716
vertex 7.5 -41.499977111816406 -3.450000047683716
endloop
endfacet
facet normal -0.8314695010489662 0 -0.5555703995223135
outer loop
vertex 8.560660362243652 -41.499977111816406 -3.8893399238586426
vertex 8.885819435119629 -41.499977111816406 -4.375974655151367
vertex 8.885819435119629 -43.19438171386719 -4.375974655151367
endloop
endfacet
facet normal 0 0 -1
outer loop
vertex -4.5 -41.499977111816406 -3.450000047683716
vertex 7.5 -43.999977111816406 -3.450000047683716
vertex -4.5 -43.999977111816406 -3.450000047683716
endloop
endfacet
facet normal -0.5555703047945763 1.3366950619164114e-8 -0.8314695643440362
outer loop
vertex 8.27729320526123 -43.999977111816406 -3.700000047683716
vertex 8.07402515411377 -41.499977111816406 -3.564180612564087
vertex 8.560660362243652 -41.499977111816406 -3.8893399238586426
endloop
endfacet
facet normal -0.1950900960897925 0 -0.9807853253427457
outer loop
vertex 8.07402515411377 -43.999977111816406 -3.564180612564087
vertex 7.5 -41.499977111816406 -3.450000047683716
vertex 8.07402515411377 -41.499977111816406 -3.564180612564087
endloop
endfacet
facet normal -0.9807853253427457 0 -0.1950900960897925
outer loop
vertex 8.885819435119629 -43.19438171386719 -4.375974655151367
vertex 8.885819435119629 -41.499977111816406 -4.375974655151367
vertex 9 -42.510284423828125 -4.949999809265137
endloop
endfacet
facet normal -1 0 0
outer loop
vertex 9 -41.61647033691406 -5.699999809265137
vertex 9 -41.499977111816406 -4.949999809265137
vertex 9 -41.499977111816406 -5.699999809265137
endloop
endfacet
facet normal -0.9807853253427457 0 -0.1950900960897925
outer loop
vertex 9 -42.510284423828125 -4.949999809265137
vertex 8.885819435119629 -41.499977111816406 -4.375974655151367
vertex 9 -41.499977111816406 -4.949999809265137
endloop
endfacet
facet normal 0.5555704184514964 0 -0.8314694884008849
outer loop
vertex -5.2772932052612305 -43.999977111816406 -3.700000047683716
vertex -5.0740251541137695 -41.499977111816406 -3.564180612564087
vertex -5.0740251541137695 -43.999977111816406 -3.564180612564087
endloop
endfacet
facet normal 1 0 0
outer loop
vertex -25 -41.499977111816406 -4.949999809265137
vertex -25 -42.510284423828125 -4.949999809265137
vertex -25 -41.61647033691406 -5.699999809265137
endloop
endfacet
facet normal 0.9807850135586839 0 -0.19509166352946058
outer loop
vertex -25 -41.499977111816406 -4.949999809265137
vertex -24.885818481445312 -43.19438171386719 -4.375974655151367
vertex -25 -42.510284423828125 -4.949999809265137
endloop
endfacet
facet normal 0.9807850135586839 0 -0.1950916635294606
outer loop
vertex -24.885818481445312 -43.19438171386719 -4.375974655151367
vertex -25 -41.499977111816406 -4.949999809265137
vertex -24.885818481445312 -41.499977111816406 -4.375974655151367
endloop
endfacet
facet normal 0.8314695010489662 0 -0.5555703995223135
outer loop
vertex -24.885818481445312 -41.499977111816406 -4.375974655151367
vertex -24.560659408569336 -43.774330139160156 -3.8893399238586426
vertex -24.885818481445312 -43.19438171386719 -4.375974655151367
endloop
endfacet
facet normal -0.8314695010489662 0 -0.5555703995223135
outer loop
vertex -10.114180564880371 -41.499977111816406 -4.375974655151367
vertex -10.114180564880371 -43.19438171386719 -4.375974655151367
vertex -10.439339637756348 -41.499977111816406 -3.8893399238586426
endloop
endfacet
facet normal -0.9807853253427457 0 -0.1950900960897925
outer loop
vertex -10.114180564880371 -43.19438171386719 -4.375974655151367
vertex -10.114180564880371 -41.499977111816406 -4.375974655151367
vertex -10 -42.510284423828125 -4.949999809265137
endloop
endfacet
facet normal -0.9807853253427457 0 -0.1950900960897925
outer loop
vertex -10 -42.510284423828125 -4.949999809265137
vertex -10.114180564880371 -41.499977111816406 -4.375974655151367
vertex -10 -41.499977111816406 -4.949999809265137
endloop
endfacet
facet normal -1 0 0
outer loop
vertex -10 -42.510284423828125 -4.949999809265137
vertex -10 -41.499977111816406 -4.949999809265137
vertex -10 -41.61647033691406 -5.699999809265137
endloop
endfacet
facet normal -1 0 0
outer loop
vertex -10 -41.61647033691406 -5.699999809265137
vertex -10 -41.499977111816406 -4.949999809265137
vertex -10 -41.499977111816406 -5.699999809265137
endloop
endfacet
facet normal 0 0 -1
outer loop
vertex -11.5 -43.999977111816406 -3.450000047683716
vertex -23.5 -41.499977111816406 -3.450000047683716
vertex -11.5 -41.499977111816406 -3.450000047683716
endloop
endfacet
facet normal 0 0 -1
outer loop
vertex -23.5 -41.499977111816406 -3.450000047683716
vertex -11.5 -43.999977111816406 -3.450000047683716
vertex -23.5 -43.999977111816406 -3.450000047683716
endloop
endfacet
facet normal 0.19509040787318935 0 -0.9807852633251952
outer loop
vertex -23.5 -43.999977111816406 -3.450000047683716
vertex -24.074024200439453 -41.499977111816406 -3.564180612564087
vertex -23.5 -41.499977111816406 -3.450000047683716
endloop
endfacet
facet normal 0.5555703047945763 1.3366950619164114e-8 -0.8314695643440362
outer loop
vertex -24.277292251586914 -43.999977111816406 -3.700000047683716
vertex -24.560659408569336 -41.499977111816406 -3.8893399238586426
vertex -24.074024200439453 -41.499977111816406 -3.564180612564087
endloop
endfacet
facet normal 0.19509040787318935 0 -0.9807852633251952
outer loop
vertex -24.074024200439453 -41.499977111816406 -3.564180612564087
vertex -23.5 -43.999977111816406 -3.450000047683716
vertex -24.074024200439453 -43.999977111816406 -3.564180612564087
endloop
endfacet
facet normal -0.1950900960897925 0 -0.9807853253427457
outer loop
vertex -10.92597484588623 -43.999977111816406 -3.564180612564087
vertex -11.5 -41.499977111816406 -3.450000047683716
vertex -10.92597484588623 -41.499977111816406 -3.564180612564087
endloop
endfacet
facet normal -0.1950900960897925 0 -0.9807853253427457
outer loop
vertex -11.5 -41.499977111816406 -3.450000047683716
vertex -10.92597484588623 -43.999977111816406 -3.564180612564087
vertex -11.5 -43.999977111816406 -3.450000047683716
endloop
endfacet
facet normal 1 0 0
outer loop
vertex -25 -41.61647033691406 -5.699999809265137
vertex -25 -41.499977111816406 -5.699999809265137
vertex -25 -41.499977111816406 -4.949999809265137
endloop
endfacet
facet normal -0.8314695010489663 0 -0.5555703995223136
outer loop
vertex -10.439339637756348 -43.774330139160156 -3.8893399238586426
vertex -10.439339637756348 -41.499977111816406 -3.8893399238586426
vertex -10.114180564880371 -43.19438171386719 -4.375974655151367
endloop
endfacet
facet normal -0.555570223264923 0 -0.8314696188204134
outer loop
vertex -10.72270679473877 -43.999977111816406 -3.700000047683716
vertex -10.439339637756348 -41.499977111816406 -3.8893399238586426
vertex -10.439339637756348 -43.774330139160156 -3.8893399238586426
endloop
endfacet
facet normal -0.5555704184514964 0 -0.8314694884008849
outer loop
vertex -10.92597484588623 -41.499977111816406 -3.564180612564087
vertex -10.72270679473877 -43.999977111816406 -3.700000047683716
vertex -10.92597484588623 -43.999977111816406 -3.564180612564087
endloop
endfacet
facet normal -0.5555703047945763 1.3366950619164114e-8 -0.8314695643440362
outer loop
vertex -10.72270679473877 -43.999977111816406 -3.700000047683716
vertex -10.92597484588623 -41.499977111816406 -3.564180612564087
vertex -10.439339637756348 -41.499977111816406 -3.8893399238586426
endloop
endfacet
facet normal 0.555570223264923 0 -0.8314696188204134
outer loop
vertex -24.560659408569336 -41.499977111816406 -3.8893399238586426
vertex -24.277292251586914 -43.999977111816406 -3.700000047683716
vertex -24.560659408569336 -43.774330139160156 -3.8893399238586426
endloop
endfacet
facet normal 0.8314695010489663 0 -0.5555703995223136
outer loop
vertex -24.560659408569336 -43.774330139160156 -3.8893399238586426
vertex -24.885818481445312 -41.499977111816406 -4.375974655151367
vertex -24.560659408569336 -41.499977111816406 -3.8893399238586426
endloop
endfacet
facet normal 0.5555704184514964 0 -0.8314694884008849
outer loop
vertex -24.277292251586914 -43.999977111816406 -3.700000047683716
vertex -24.074024200439453 -41.499977111816406 -3.564180612564087
vertex -24.074024200439453 -43.999977111816406 -3.564180612564087
endloop
endfacet
endsolid auto-kdk-case
